Model: central random , circles, one radius, 3d-8class, scaled(4).
;
3	8	{100, 100, 100, 100, 100, 100, 100, 100}	{0}
;
0.	0.	0.
0.	0.	1.25
0.	1.25	0.
0.	1.25	1.25
1.25	0.	0.
1.25	0.	1.25
1.25	1.25	0.
1.25	1.25	1.25
;
0.03128048405731923	-0.03347138395673795	0.2298706873355638
-0.1327686079342937	-0.08720876100396673	0.25556932193691917
0.273453469192644	0.025266553860805868	0.07551636200087998
0.0292093822833092	-0.015886132235907832	0.0688475889757706
0.14375225066143468	-0.12640404709962683	0.042700454217687096
-0.026361302179878515	0.011836777757970611	0.04724241065347267
-0.09034589869771294	-0.25260325221330987	-0.03433358610150802
-0.054178447228848806	-0.024411207042242932	0.035605255368654144
0.007788688533310045	0.10848412864654187	0.1634239711572127
0.118193811910008	-0.011455586414675945	0.015732326551030847
0.04794792835335017	0.026084629010368385	0.20200732564995028
-0.07891064724591897	-0.1659851634958213	-0.051999104932973356
-0.06198617587798575	-0.11717891038844981	-0.013140371971154743
-0.06338845038008513	-0.2754086564337699	0.18783602115136747
0.11059509525756234	0.011091864159170938	-0.22269617140628725
-0.11329526074076565	-0.031596354146486316	-0.2159305785031432
0.04194248275417929	-0.08506337872576573	-0.12950807035102277
-0.0274976182308346	-0.10973505030583533	-0.04834690339513437
-0.21412592814817993	0.07421510745270979	-0.16268737294033941
-0.005984881941749088	0.04145831971643645	-0.03460427756881198
0.03722026336321609	0.10152233332699015	0.009089368856345148
0.035562514979331515	-0.07351334868013415	-0.0789288004123522
-0.09363672725865968	-0.03536749225767767	-0.12252808383301882
0.04884725374897115	0.18945434382336818	-0.06925174188806317
0.24049911559938594	-0.0501821810204577	0.11888203403351286
-0.02645207481939146	0.04081880866794037	0.10919581937346613
0.031909192489082985	0.12689940843581263	-0.0899542760050657
0.05259693146200363	-0.10665582823152024	0.07320863121113559
0.15672262730207004	-0.076317661226796	-0.0315702124528328
-0.13093283418838808	-0.03060499664330873	-0.08299135325835327
0.18946541060827535	-0.0484156007375353	-0.043043128341076965
0.0064183625392132525	-0.0004624413019545389	-0.1626008709289595
-0.07683351078643073	-0.046925113253815376	-0.12772458961576977
-0.026129982189272465	0.17626993839946886	-0.0349083016689421
-0.002644046698659558	-0.10796396168934742	0.05234681743864275
-0.06609363667939405	-0.010956976857596199	-0.019598673136229827
0.017356153385581566	0.00314111449261351	0.06732341997638798
-0.14862832226606215	-0.08568328746500768	-0.020503106831823915
-0.2351826444874307	-0.09174559252159863	0.01370081578766236
-0.13468294883389936	0.20943005637742956	0.23261419706204614
-0.14628012843248175	-0.09473287605104237	-0.09195779639300176
-0.08671170340622324	0.10588732369635284	-0.13448823670652132
-0.0013217349502944499	0.05820408870633537	-0.1938481010859309
0.061182131870998004	0.10725214801201025	0.19479689460514768
-0.00967743034454405	0.021127107887365333	0.0983686342351253
0.08771682170461435	-0.030478977842380985	0.014481166064845643
-0.006641512161736191	-0.0763868317364027	-0.025668613297644097
0.025266238038601608	-0.21860891434142632	-0.008928490260397848
0.02367039608833758	0.06611681913033006	0.04687134909433076
0.1941965843857746	-0.04752516140828932	0.04783556258925436
-0.18573911600118767	0.019359474513387515	-0.03830362958433911
0.04487587492040681	0.09702511308515814	0.0626648781608026
-0.04005748220809272	-0.25186571166675925	-0.05915494281870094
0.04229349520661225	0.09073015679610923	0.025305379335810778
0.04328495672561849	0.032759064709077974	-0.06827491037419951
-0.013750338481531538	-0.14494358230164006	0.06279674547466384
-0.022622591292741592	-0.006012138653345429	0.15279517115084937
0.0099412974512726	0.1303230022910823	-0.17438507009190066
0.025239823233612735	-0.10902733139337903	0.0534450256509299
-0.0865534346569365	0.07559859666754727	-0.03282603739833886
0.032018162811389375	-0.12759161603163785	-0.04766822332073371
0.05735795296700481	-0.028190275958040592	0.007733023816559468
-0.07782398665632784	-0.03549693514083446	-0.15544488297207198
-0.07626424657411836	-0.154741863320327	-0.04601453859509768
0.12002178195092178	-0.17379146286362712	-0.1577336584485728
-0.04581180184810837	-0.047143796984731395	0.041650321596892394
-0.01842014484811702	-0.08300523199646866	-0.2691156625273709
-0.07122668504379064	-0.022813741921518495	0.17228529496410136
-0.1271129512172371	0.06514794397279444	0.06222176078972136
-0.05677069643160624	-0.06101131347824845	0.24118870519558905
-0.06419174377967155	-0.04948100059095523	0.16188643759109028
-0.09020948230046266	-0.1565154279096825	0.10331558023796382
-0.12857227884012057	0.2268674168139092	-0.22101695838600466
-0.1235760598044625	0.11198185983348602	-0.03003068445069165
0.11444230195147642	0.05769733019547714	0.006767419509850223
-0.02758880971989682	-0.0038921940497703817	0.112283140178037
0.08394103774597582	-0.014248080876032854	-0.07190576068016692
-0.013309409592480536	-0.10838002265890284	-0.07759670326911942
0.2257202488773362	0.0034013831465538485	-0.07410507287981007
0.03232970866924922	-0.07605417006608166	0.15940051570951758
0.11178832807488323	-0.01101803879868005	0.01924120494297979
-0.05006806288085552	-0.06747468745789978	-0.21273513567392385
-0.03284405163064619	-0.2586293557326737	0.04943321887533229
0.01245205870627548	0.047032558255346774	-0.0004878190296830901
-0.05183530247939031	-0.022718579238634344	-0.08688554139984946
0.051392625272086066	0.01891155261785586	-0.026638638694444054
-0.038942950701396244	0.12737955402273918	0.022368337515702455
0.15572145852702501	0.11875512181291659	-0.16640735193615752
-0.13969772248361323	-0.12724618319755968	-0.002831400565302551
0.09794136214541303	0.02544964939315401	0.02215394707472836
0.2663920606968302	0.028097343229478364	0.07668806434422916
-0.08825266301824855	0.045181254428146196	-0.08733754308412106
0.07584628573099886	0.05635875251566462	0.00561436657581866
0.16328013583122214	0.007545399228610897	-0.10062003712130717
-0.036878769008741444	0.1211177342582996	-0.13980207739334027
-0.08362653306477397	-0.129178794136598	-0.03927699458821803
0.13513109137390605	-0.09832372561069083	-0.06996518622383346
0.019840040201826996	0.16572407639445072	-0.06633466755014522
-0.0022408586639798837	-0.03019152858491625	-0.0388797036587159
0.08255285347484867	0.03828748740167434	0.023964738121358967
0.028660619348196525	-0.20644162419008283	1.0434850599263212
0.03435517768015197	0.10209384440469271	1.0653962453173322
-0.17014570042785548	-0.028002414850549717	1.0310630727550196
-0.13159812235926494	0.08659194635011085	1.3793649209905054
0.1156016822436691	-0.03189154932203195	1.0758235999182584
-0.04428163441450363	-0.009005580891675314	1.2587759080084662
-0.07074023416414271	-0.024022004738545107	1.3034990902886026
-0.14266500979954763	0.0013588548969999989	1.269252054319062
-0.038848145595090415	-0.030919373312101903	1.1732583928148188
-0.2338417805447391	-0.14829084362463574	1.1863607244270238
0.13553873076850845	-0.051406284683442646	1.200536049671713
-0.041651084154292445	-0.19773173454744625	1.1020991501761768
0.12098603196626666	-0.040154427003355295	1.224281175782103
-0.09877316850494937	0.042201105824625225	1.4384993480009016
0.1250383683396793	0.23956417412881292	1.160433461497943
-0.21209644436212968	-0.010017975396030212	1.3124484114508448
-0.031303896688275414	0.04040766009353735	1.2379710863571305
-0.12081071775016697	0.020750544341937887	1.2675395171331092
0.019601290347347183	0.13466480097894098	1.2808140893891553
-0.03642500827924933	-0.032708185290179916	1.1486579049235015
-0.05631173128893897	-0.12983079259078828	1.3365921481210585
-0.15479909463530309	0.03290715960425603	1.273561040297666
-0.02095782167541036	0.0510312610159709	1.232804578706953
-0.06629372506318366	-0.2234196818016143	1.205941351292216
-0.08088619909508617	0.07396540387060312	1.3758702454919023
0.08885645925590575	-0.0919945414002966	1.1304010172827201
-0.09772597138510965	-0.058449979979060415	1.1854533285932314
0.0723619368552884	-0.12189179930071495	1.3026779151122587
0.024333895874093996	0.15455149460808684	1.1022216866657923
0.1563237171750804	-0.007510770667334985	1.3141070514972835
0.0879613275931683	-0.02979832884380883	1.1812173402332722
-0.16298202054726454	-0.16184867907833841	1.316735435135759
0.11302636412272264	-0.12494665672632704	1.2914137923372098
-0.03620807414942568	0.15424949090432458	1.204746972336802
0.035975011394397204	-0.10390630982675077	1.0987357552238743
-0.04582779583290948	-0.1812290259106179	1.2394744779747204
0.009202562193317367	0.05634815266696686	1.307157567282723
-0.025010231207006767	0.19730044793570506	1.1899154689458002
-0.13183303862218934	0.02784420753828688	1.201026343664974
0.03166963357761342	-0.0194345502972537	1.3050383918324953
-0.09948205007480712	-0.06532230688701207	1.2269763530564854
0.033681580091508574	-0.08878079752445706	1.3633000071819659
0.054753360237255556	-0.11425361702132748	1.031467800863472
-0.05639219649373373	0.096623115619253	1.3460004962255134
-0.14777412978513535	0.02107484154214509	1.1298143487341907
0.002872935070069019	0.08620635821949513	1.139025011084786
-0.09684347696866344	-0.24295936572144772	1.2352369929239888
-0.10851035156380621	0.22961802958964414	1.3677960073329587
0.012172062876092973	-0.04560132524115969	1.3115164320728856
-0.08734969240915985	-0.08254005285945545	1.0141033054920894
0.055701405865767946	0.14433103781806805	1.196162339213642
0.040149000209207614	0.2867976931922471	1.3894518942810823
0.19374928739811886	-0.10327345138714907	1.2818971202586669
-0.04578937985057655	-0.009434952335101924	1.204394237020389
0.08421445549028067	-0.08909171692088437	1.139641211865843
-0.12771330262371458	0.18054570340318904	1.5029755269686238
0.07397359796171225	0.06529560483804343	1.2614354423925453
0.025848633189046576	0.06987372982402053	1.2405571950454122
0.06990036541522644	-0.15793427993876494	1.1529896481157722
0.02358520318300314	-0.025987634797466633	1.1098397133338977
-0.11117498781190364	-0.11746146978990822	1.2353581132948401
0.048933492565536064	0.10785906512436179	1.414421668201802
0.025547274809648166	-0.04565745973443659	1.1243100558822827
-0.03310587957428434	0.1322872677156075	1.0872868118809835
-0.2625624943399195	-0.035605775111017056	1.1373250172842342
0.11424355843939346	-0.03764394044862847	1.1997086436237265
0.03547168563684822	0.018783464709978093	1.2301736980354914
-0.15949850410379426	0.05760182432832281	1.2820232406917034
0.0002528393507717533	0.08663614879420589	1.346448118323544
-0.004732831043354916	0.10819907312193729	1.2807920544109646
-0.03798701455407115	-0.0172365889019814	1.2442014925102267
0.03666390654800992	-0.04058072143216374	1.3703359436023879
-0.02653133864409733	0.09467714094633763	1.2766986571293657
0.014498000924140001	0.235940917735125	1.47869043320725
-0.11399090213526894	-0.037942387124412544	1.5650922118205925
0.0026894398453139175	0.02557581875205261	1.216937998405841
-0.08300624199236277	0.02294750180961782	1.3138847557896318
0.13460677047476113	-0.09141088517650915	1.2473699225612853
0.009768464320020964	-0.0463880380424039	1.2310033707494095
0.08262498911007105	-0.03167963654779335	1.258559080694775
0.03229869438544603	0.06248877908128099	1.2839659534511796
0.12978539527892935	0.02384297522090695	1.1769436185308209
-0.04746819903237615	-0.11395905490607851	1.2760111698990755
0.2154174704884661	0.07816749367586853	1.182921826005143
0.17179518039352845	-0.007846290110628307	1.4625430247758193
-0.12508124004053084	0.01231549328441505	1.357041910687979
-0.07790836341047883	0.0644204507622497	1.223247314539786
-0.11990084861960328	0.1471986488835813	1.221383017339372
-0.07066216026423222	-0.03689767215162949	1.127253257317638
0.02316246866805414	0.003992630656960183	1.1345973968961383
-0.2707370172538596	0.0020287621146520976	1.334451463298936
-0.012343730067109409	0.0062763091374228785	1.2656925740660718
0.058739981076142006	-0.07434652073885198	1.2698724727733746
-0.10018423526520688	0.0126951636952868	1.3302369538433179
-0.07669176469705552	-0.06811323511285794	1.1509970523337754
0.07397564897640059	0.05214471044936168	1.3084202375802385
0.1026090303422434	0.05651749488856245	1.1310079128680608
0.06628488521767234	0.13942999187694818	1.258510422120939
-0.15951383977060313	0.04445904912697969	1.2374505395254836
-0.0884984430795328	-0.00494265365507958	1.1942623534102867
-0.06512749524242242	1.4345164731215094	0.07902269499523526
-0.13478164805693726	1.4123155055780967	0.061377709522519995
-0.05995937296015219	1.2159976464415434	-0.1961668434722021
-0.02362564888541432	1.223258398161795	0.05574689156780476
0.04929091392757971	1.270187807220643	-0.14207989739268104
-0.07350122618889872	1.1972097809760025	-0.13340803205441648
0.057422005273533826	1.2856902582187637	-0.13355362321887068
-0.0890313294339757	1.2864102693029076	-0.05477856035707859
-0.126807837889413	1.330803071306024	-0.15358587381296024
-0.25412720434477826	1.2766862578659905	0.04706027583357302
-0.14881068970707803	1.3427082730632296	0.08180840861094188
0.00574503046222333	1.3822803785949764	-0.034716713395550526
-0.16647339297206534	1.289932785115366	-0.21668055843380793
0.15127984089737104	1.3428059915986608	-0.005219562556674075
-0.1349203451316507	1.2804354778120153	-0.0073067560045825845
0.0015587187286832849	1.2794422775110452	0.005433303385328502
0.05138625196555649	1.2224021498458053	-0.05802810629191265
0.04926084864672984	1.2103036731017838	0.10360158467579571
-0.0648970743158264	1.3549570582451906	0.02451312825280649
-0.0038814292537184517	1.2083559439418405	-0.0712235673065403
-0.045683385631981134	1.3183643690330415	-0.16356949609617535
0.06715574782163884	1.2268200711148989	-0.08607342314303124
-0.04341779445770007	1.2271961299423533	0.07401847885549473
0.1005888074384822	1.258241016221964	-0.04053553824922568
-0.007482331281640896	1.4873163282316393	-0.004650911600351137
-0.026983899942024943	1.2259488528532811	-0.19809640520904087
0.010857855881641553	1.3716205248692879	-0.027470437612350584
-0.12641128326566262	1.125550467197171	0.12495121338686582
0.018137024518738293	1.2365728210102362	-0.06286962985994163
0.21582683061807464	1.4802511242178276	0.05095494154143665
0.10555763980780712	1.1250897325304137	-0.2256737487263566
0.09890101424220119	1.2292738723887031	-0.02002035612847507
-0.00736515783159483	1.1714213422015936	-0.05344594587426699
0.006827619077655706	1.1281527862377325	0.08333004374974547
-0.08725834888251245	1.3510483372026445	0.0696285607732109
0.1504708912438572	1.0675108163111013	0.22459209832768676
0.22752040703472998	1.1929672914775795	-0.15556817244096122
0.012027640426598641	1.2597183043423144	0.01684189934856482
-0.04803862988578177	1.2134825016328084	0.029499413301265574
0.13176397682726765	1.2076571498862323	-0.17736373071692613
0.03604608691289195	1.1950234674490978	0.24920371143951997
0.08750308201780221	1.2005780374533734	-0.3301633759537397
-0.09071369104586702	1.2527715276660008	0.055701957146077015
0.1093172101536272	1.0615458798371653	0.15219274723906878
0.056784045906357744	1.055830346629022	-0.27113617340595353
-0.054715357104899706	1.3989738005201002	-0.08419656967101284
0.13719837216381373	1.3113594280286265	0.11243705870435494
-0.017622679762125996	1.1503757800492416	0.07948873897140464
0.26123097956077296	1.3549877560101562	-0.020154160007041542
-0.052460314820620586	1.0038035735434891	0.033052138165459564
-0.015732920675802956	1.2327573980692406	-0.001834263210529433
-0.07543571816090765	1.2180700758029588	0.13998207415493058
0.09971593784384232	1.1505943796829428	-0.0007390850541282861
-0.15540375276400675	1.263108738912711	-0.19479361078497542
-0.046418854424058874	1.1644166661406132	-0.016419633756941412
0.1609127871151124	1.369073323377399	0.047123304301713693
-0.03930713149223944	1.1833103229035336	0.09740520049078642
-0.051821779462024875	1.3823605773249188	0.06531095733825516
-0.044118662622500006	1.3926742099109586	0.16874311325639532
0.04540220691049779	1.227120663487891	0.15763663463189545
0.03459125012731772	1.418598405792698	-0.0889231908295918
0.017299941274700234	1.0651202222113896	0.05772303949079217
-0.00627467856786956	1.3251902227389787	0.1712668729373376
0.021131625566191165	1.3581434851319483	0.1720964074989851
-0.036653634328347846	1.2173831090391383	-0.06624901821601312
-0.029188271947596878	1.2296576384765399	-0.18596537182330386
0.0042735190866004585	1.3473219239386718	-0.13296077997349398
-0.16826165116962424	1.3316200013439095	0.02089772407786164
-0.0751682319377948	1.153539263171846	0.004146747272714814
-0.06813441748785662	1.3189764651246976	-0.17751257194042455
-0.06967302974303691	1.2424677233580694	0.37440383518045595
-0.06057253774587561	1.0215187304839424	0.10909655885875393
-0.0005382650062079754	1.3793105628651783	-0.002246112984659846
0.008198467327762185	1.3449927238600243	-0.014935976275147913
0.06306736322179872	1.0654979196303624	-0.18169568114381277
-0.08289132690180101	1.3787977950344115	0.19007848676413164
-0.08106230595379876	1.3044550373879908	0.015616866851280189
-0.15634773875152919	1.1243859253404476	-0.11663073303023944
-0.07551675024605342	1.3080481215847564	-0.09745528329140822
0.004230423261253327	1.383395733397444	-0.04212620909486544
-0.1469931206617213	1.0935337407127432	-0.04318752669636953
-0.024664863036972826	1.1060917375945605	0.05391049760748128
-0.019112246133604762	1.1972669742237356	0.14127043157522623
0.18454973081549256	1.4354793803711159	0.06740264061995915
0.1364521182296612	1.248889152194838	-0.08077741004511019
-0.08466569046983655	1.2359344605012736	0.08403927560927664
-0.012725097804047665	1.2658363426007133	-0.010708265448400504
0.037168034437709836	1.2263947110676157	0.17033095193234019
0.10426859542136273	1.2780485638451076	-0.002326560242304729
0.05684571408073594	1.3256621955501673	0.07368898007004203
0.015899947156645233	1.172421953245462	-0.07936318848314196
0.22078803129735816	1.1897150583122216	0.15004713998367222
-0.12608048759396961	1.2743828268702797	-0.15066379712464706
0.06987158517207757	1.2293426241492118	0.11375139448392854
-0.09879525439021165	1.205279979622598	0.05347365678301276
-0.024585441182346738	1.0360215131986596	0.14827384977769112
0.08295574540971436	1.3252866292505294	0.01709671862742314
-0.10520094377996216	1.2227606668983388	0.04356971280309126
0.022387296555696524	1.1765648187759676	0.10001830619540109
0.010230716473073873	1.241855761812476	0.10493908486858754
0.14997002870906725	1.1758868742226392	1.079779010522048
0.2150801471462137	1.466075533343791	1.2661620319338769
0.11552561353492687	1.1517359427313452	1.0413561871941717
0.05039799830114429	1.0716265880008264	1.2537510946200234
-0.0417847365978976	1.4951407565371948	1.2824985509480742
0.04757953327711561	1.2748498111364965	1.4043751678122005
-0.06177704047793878	1.2995713333909542	1.1783025042666413
-0.18363330178354312	1.314104608534861	1.3422393747805423
-0.05313537265680491	1.3495264522818915	1.2218940449479552
-0.11614765842966908	1.229361516619159	1.289502244155056
0.03641500206245804	1.2618186232992057	1.1681056824525407
0.027929249423529468	1.1727264110684983	1.262695652936804
0.08400860174701932	1.201747193628227	1.482205884000031
0.04799340101355936	1.398377298222439	1.185064510150423
-0.18365511766621656	1.2595852507686525	1.2064429347523546
0.05901808887494875	1.0530068478742174	1.3853092260321054
0.14302571652162055	1.2559931255255692	1.1173480366301762
0.1106630738892459	1.1427945196784144	1.1564886540595538
0.06750978017624523	1.194367673883532	1.3441666535814891
-0.0030917219632039085	1.2770224290222956	0.956914984013187
0.09223302760053315	1.2353955727938024	1.0912031384613572
0.026221751856128118	1.0566863713328292	1.3742544842154814
-0.020716863304361843	1.271911637617774	1.2768656409400314
-0.04792524802526207	1.2328807298279312	1.183832751279724
0.06928121898698729	1.2809411157982646	1.3819432781549175
-0.06179946671326813	1.0992469533495663	1.243291107597131
-0.19463369383077586	1.3451215918114507	1.0967849915550687
-0.038493949023422035	1.1655346649765117	1.2149878817188327
0.11186756234466816	1.1681564116380254	1.0299820429592401
-0.07477859145810155	1.4177822932274249	1.4064055556447232
-0.11422756384411215	1.2382581924637426	1.329773890494923
0.2678886890921086	1.338814251660088	1.3561011387820308
-0.22313747386711905	1.3154062251213448	1.5485969030651492
-0.06412171670854054	1.2704434307951282	1.2542007948610865
-0.09086596632193296	1.1452241617471948	1.3007983126477736
0.027250221961630468	1.3054503162534743	1.3368625972132895
-0.05003666656339775	1.20590339881995	1.2675107879928287
0.08475259831723185	1.3428203140253299	1.266830673416588
0.01849648763028531	1.3417599700049663	1.2149800220053546
-0.05255546977853365	1.2125244243030298	0.9889525575356009
-0.04803326270816933	1.138133884338872	1.0721103432025005
0.02488959714081553	1.1553034809451814	1.1233394164181685
-0.06432124603567191	1.3010203937545193	1.225474775722601
0.026572475079819836	1.1266627857789975	1.263114803861406
-0.04863896579085372	1.1138901289163465	1.284444683131555
-0.19236401884191154	1.1019383910756804	1.3735705462889873
-0.013585983339545539	1.3515486547557491	1.1102448357446064
0.12110444993222952	1.20023904642305	1.305058092442331
0.043750369608142686	1.413382133749041	1.2883224457465159
0.037921645150611874	1.3046630289662116	1.1992011797825972
0.042948921006144114	1.2194806448156779	1.3815153906599085
-0.2413267999616296	1.0060659073742442	1.3347093393098302
0.0697661162379275	1.3652554348949115	1.3212840358147317
0.13194011289698007	1.2500861235664735	1.2234913724783492
0.06225551080356479	1.1546132750793157	1.1560664718982185
-0.004107702563530869	1.1923370608383899	1.3208263818780361
-0.08071967657881282	1.3599696756592727	1.434906530424035
-0.062108425483055694	1.2607225811427707	1.0456501462362358
0.0734503421020951	1.0912957975101154	1.2799276502875887
0.07491363455935181	1.245316591590436	1.179278066925992
0.05231186881157882	1.186199223051939	1.2415807243724435
-0.26999701718704633	1.2272123868764566	1.2646165651504164
-0.13166362169143897	1.3962068519274498	1.444619513344172
0.010897348551134443	1.2706667066002744	1.3850863269599474
0.01262858290810049	1.13560231197354	1.1733256571455914
0.1076049667368647	1.2759665530385096	1.1505591447422814
-0.0038019888274318297	1.216015116656653	1.1672032349398238
0.21787366359537752	1.1991252875137242	1.2358537076617824
-0.1384187428309133	1.3455082909037661	1.264533715036167
-0.09717235856402323	1.2723651764284665	1.3019380135340772
-0.12457991341646749	1.0325911576285076	1.2327809077970602
-0.04553760284262603	1.235082085354145	1.2897748990188775
0.15916823320075815	1.1750286181976675	1.1731446599760715
-0.21258485763848817	1.109395995369189	1.2112225590726353
-0.17793537719343022	1.2446879042982424	1.5086157586889597
0.06116907307206474	1.2618979508755508	1.2199875354003897
-0.03626091561997572	1.2502602521423896	1.243480421503838
-0.04911202529230534	1.4017747020677418	1.341652147654031
0.16127937426508843	1.0443039687271307	1.1664981368682654
-0.043716454391924335	1.1208462943065634	1.1270961567774302
0.09216646822612538	1.3256183578889027	1.3509403542789702
0.003396255984685019	1.2744469527552553	1.37001004056866
-0.05124022389394372	1.2795280477965383	1.4777869154539656
-0.09253634558039314	1.4308285373506833	1.3065523724748598
0.11051871748788931	1.2458662710950525	1.2290507351031483
-0.11548145517686974	1.2476494623406522	1.1522974862227968
0.25884916109060724	1.1890631670662062	1.423184204258075
-0.09047700647979759	1.2156256230403621	1.2276199489889483
0.05202190429803302	1.2026250395852993	1.1106582422845128
0.023842771238789306	1.2760093399507821	1.1050844676793272
0.0696511467351314	1.2032307454393125	1.1407748866654732
-0.24815526435910887	1.3550003806376012	1.151591169958881
0.04523959193897453	1.23655752485672	1.022967020257323
0.010736272478025853	1.3974677980194736	1.213961065805201
0.041726782388422215	1.071025485871614	1.43472235743945
-0.09478740716652229	1.118338775632922	1.3241900357176826
-0.023593709284611842	1.128363793536855	1.2306945709672121
0.09573772725359396	1.1982208760928075	1.333982543080395
-0.008953676975511714	1.2306753734320028	1.2168243418345914
0.029826022867242834	1.387222879670327	1.1941148004399422
1.2393938830980988	-0.08453540490829137	-0.1222496130485164
1.2281179477455664	-0.13627139055023021	0.038638604023485394
1.3854365829694297	-0.29631033127010675	-0.0563548373955473
1.3731523572260946	0.13011664586790156	0.256613859128044
1.352865763494232	-0.08719791462589538	0.04232265470826403
1.3074259660510004	-0.012480727854769877	0.06052073712204821
1.1728613611732184	-0.12635846968571124	0.12398128944949238
1.478451515738297	-0.1873478995171855	-0.13099577488119718
1.0574726544952717	0.01889869682250263	0.028774347174540058
1.1907180414044873	-0.11949946212669858	0.008259713889107397
1.492336111175327	-0.19353387019189908	-0.007111242856739539
1.1720007008415176	-0.06967173370540387	0.07177699985254156
1.1251776861566947	0.006686378959118598	-0.020744854494954515
1.2417035886476133	0.08798734236949136	0.10085905993539744
1.5617345786414698	-0.07972385115172324	-0.10532190050711805
1.210107502602763	0.01582053465100754	0.03740431651039477
1.2212348375604332	-0.02565729476414561	-0.1295242383344502
1.31484788265855	0.03145267612881212	-0.07185615410070774
1.4442000026784065	0.09040448957574747	0.01749028851430387
1.0225600689879095	0.0651773239589261	0.012685307169485252
1.2266104012284484	0.057199026859926644	-0.15356464256113256
1.2918973969788063	0.08498179166976307	0.03258057133062663
1.4122405878070214	-0.010484802980486123	0.12972774793779787
1.2081566534469566	0.11617792680155384	-0.09986192929257191
1.3720972263795947	0.06993996155177903	-0.04629900360403579
1.4541423024638322	-0.12325694650995991	-0.021915905555889764
1.254098843541725	0.16686057831987364	0.00456621525284919
1.103219355599186	-0.05440560911965995	-0.008713163146633071
1.0904338065214307	-0.02462883449691298	0.06591766956725231
1.1521580996246745	-0.05501602509363977	0.3604705512524989
1.1887830513347006	0.11480210566117655	-0.17304444163579963
1.2144690212745193	-0.07557418043655188	0.11136216442803071
1.3118843325247007	-0.12028718207429365	0.0448894712141569
1.253505863410358	0.08905568335941359	0.1029001646723674
1.2634354140771555	-0.06245295723865123	-0.04579262496555662
1.2098070901789115	-0.24927229357786074	0.021307045276985268
1.20346466047104	0.05463506940808881	-0.09714503761645776
1.4279325997322234	-0.060330395867921015	0.08818600066798993
1.21074023013658	-0.04804459746725264	-0.04428357909721975
1.529586727504299	0.07074169977061548	0.10178109216314996
1.3757612309421288	0.14675270230848325	-0.039900081734972545
1.2368090901430928	-0.05136538784648456	0.04701501362462873
1.2040967435263554	0.04071500892667819	0.010574178375910195
1.2821535714244496	0.06996347604536568	0.003129891806215141
1.2721108722656396	0.03550213564201506	0.07114698603303447
1.3417457991624067	0.06082603061504827	-0.20974079863735365
1.4170453511488394	-0.16599974312943955	-0.08676759625918178
1.2401940844362755	-0.06078800712558133	-0.260077731609258
1.1815935595446068	0.22639070136730913	-0.05309696229594444
1.3198906551615919	-0.037247913528420974	0.058372371428300596
1.265488906023936	-0.04760968095971604	-0.03726514918139811
1.238116247905448	-0.1427083764737339	0.20198897909429805
1.3229234603480542	-0.16416293532996581	-0.0719413488795042
1.4394610690065444	-0.04653493038140614	0.08435028899282747
1.2310850707053562	-0.0035273698653238857	-0.1372754005763762
1.2721593786119447	-0.09806416708609475	0.07535319550227662
1.2198697809268648	-0.19694068058108824	0.1427751706669112
1.1295208968694124	0.11471382191611289	-0.050735661640858666
1.1007202487649368	0.20555406416415756	0.03663133847024513
1.1735128374858597	-0.23457031088796326	-0.028314183616278462
1.286933757102838	-0.15036798980463553	-0.047721703960070215
1.261099278445759	-0.03456471828071135	-0.07251685762021895
1.3923996562732177	-0.13644478233050547	-0.13876428392665846
1.1230848660817214	-0.21547784636202502	0.045390577385390825
1.2411508294849767	-0.03860983274674921	-0.005043344024128975
1.1445946945015115	0.04015437364692273	-0.07165318729453139
1.3632434764075414	-0.0405417019231711	-0.019789485375455985
1.1673714309001282	0.0746072026509788	-0.009568661292715074
1.3258212556254043	-0.1272477510955518	0.06562610784610219
1.3310956189779726	0.08629888574996605	0.07812954027650698
1.3242695624828522	-0.10935995929353338	0.007719589271797412
1.2119249098012768	0.0032468511578069756	-0.14464546978404008
1.233973338414669	-0.09101240465223147	0.048596713782392956
1.3031491380279694	-0.03765443597390387	0.08486103046489499
1.1334367456088987	-0.050719012222356724	0.0037334218223979893
1.1473254255536063	-0.002960536763573998	-0.14177524241477865
1.418614592405187	0.030109533236152813	0.12340157781237635
1.1544604761730923	0.043295343208050514	-0.03369059104968543
1.3295851407412593	-0.10554928776818481	-0.05234967145853229
1.1288966676543961	0.0672190986818901	0.09827045721558735
1.3569372135889335	0.0678443603798716	0.02851920856879341
1.2250074316904034	0.034064290047657216	-0.03988706477394578
1.2836396564210455	0.11903628116352923	-0.08858707606640553
1.0526660001994252	0.17364319020263225	-0.19963315679899232
1.105555453195362	-0.12209850500578309	0.09918343382880425
1.1911582422735434	-0.1084457305207091	-0.10740053674511103
1.1240770490679082	-0.11177763396906668	-0.07013854198092645
1.280245380382033	0.17669414580998807	0.09686763677265983
1.1978301294670308	-0.17316115640598775	0.0001214360228611575
1.1755402063622025	-0.1374689793404672	-0.010333904778281167
1.12686560551003	0.1306121625977539	-0.01996664995326376
1.4960918291451923	0.06856331725309782	-0.010354416854540253
1.3839755551659123	-0.2536182230929413	-0.13960095767461708
1.199277166727136	-0.007391947916804474	-0.10655847982197818
1.283414545808538	-0.009486232875023114	-0.07792270267845429
1.1119832734043646	-0.12094038817366419	-0.010193198208283327
1.204556306108135	-0.10781034489578054	0.11133128719228383
1.3821978128613313	0.057968486070228	-0.08618497053166356
1.4031121851366752	-0.10866072933130765	-0.043097722815785604
1.3263203731488216	-0.18582240002051584	0.04431266795593514
1.4430474491449543	0.1501154997264467	1.376480658181698
1.3623206063994542	0.04108007385120606	1.2071215163894973
1.1876255992771736	-0.03818435927443114	1.2547186524028324
1.1841599844819546	0.13673563626367258	1.1608867464909156
1.4253759307754974	0.048423939683195194	1.1809613930214886
1.1904416773059652	0.004843653915343169	1.1453893496724248
1.6055923330974462	0.244999448513318	1.2992750365554169
1.2455461882775902	0.09445252982422532	1.2633150258724855
1.1270064684659795	-0.09132608479386571	1.1502355117342695
1.1354182129763095	-0.29827079833842346	1.3645435334823997
1.281612611683335	-0.05186607641401949	1.4638586936913394
1.1949223546158736	0.007071571764259054	1.2901025719012003
1.2178732567167785	0.02477412077878626	1.2679369630462365
1.438344626996894	0.059206527847073455	1.3526216322760993
1.0191344199274415	0.12290669589222276	1.3433728596689885
1.278167094980637	-0.05025301175247507	1.1681045473464287
1.2694135792924153	0.08188603320345526	1.267324494970634
1.2800450627072488	0.09416857926335803	1.2375314009151848
1.2911084742544923	-0.16470062033499408	1.2881232979300044
1.170447412214117	0.10378116366978091	1.1147878246795278
1.2635484614805157	-0.12893316273697206	1.3046733943788045
1.2547239020646208	0.02770855895269631	1.1361154625598373
1.1671058193366575	0.059797532159274996	1.2098300024782107
1.109269257564751	0.10057287097676629	1.3363990525025449
1.2321445483372353	0.06725683873716339	1.2861262903228385
1.1140518758104005	-0.009756664171722	1.2283785393795248
1.2947968418767988	0.0033909187362968413	1.1869515581421826
1.1818392263891007	-0.07992223980987254	1.3885573125713415
1.1718363090773147	-0.03025181608117794	1.1349628238267893
1.2595683625292855	-0.1087217143949417	1.3789694848968805
1.2163711631179825	0.1396071168532837	1.1991277780823228
1.1816045090050042	-0.08901925866573135	1.2448640897206558
1.2801708256968602	-0.07800954888763344	1.1343141354044943
1.360895938168635	-0.02653624411515718	1.2072126449429579
1.3729749222937497	0.046039422839621195	1.4279855717280248
1.1584736318621935	-0.09187012878662436	1.35614458041455
1.2816629949061202	0.14472730898278482	1.382160508204866
1.3440555786256254	-0.12810510695459412	1.2761957120359102
1.139566446326311	0.028149755205930802	1.2265068933538699
1.0988372463896035	-0.03185512563176418	1.0423661114432177
1.1570163182105488	0.009503964421114643	1.3318149000412367
1.1864525124804226	0.07762460429403366	1.2484266955245171
1.1967861779920108	-0.023344814140743877	1.1575432755269774
1.328498403089187	0.10494782728674923	1.1598427093431338
1.3144514791129565	0.11560296178955554	1.1834853992004235
1.2665941035457404	-0.03536481108511861	1.1857768511702063
1.3275250717450062	-0.13620260407347803	1.1856903714729543
0.989164054315397	-0.02315739583492422	1.3453817048481225
1.1980397161420815	0.062477501170702644	1.3753983732248427
1.1753707201289545	-0.05179965713629224	1.0120477060539323
1.4310605738849533	0.13528831187580428	1.2090025741174932
1.277674059475384	-0.057466828124606156	1.2177518288948583
1.3813690118407396	0.07322822393119803	1.175128022958626
1.0548837088433138	-0.2864751937936225	1.2839316509810006
1.355657413358976	-0.13338464096625527	1.0466058412450765
1.1047593907711295	-0.10625057173811736	1.1888854427898083
1.2228321592020328	0.1203794373342464	1.3330437803759811
1.361106373383667	0.06587241210060972	1.252336834573047
1.3287224087470784	0.11199404882105791	1.397001781768429
1.264164551723663	-0.08001706461710827	1.3303849331431559
1.217154021449211	0.2737388494159689	1.2864879021036726
1.323077174301179	-0.08458292753018207	1.2532553003907505
1.3533787236299182	-0.004202539268758062	1.2335890179306306
1.079861418574549	-0.1040915039364076	1.1614593135166327
1.2670099924186917	0.1209729710926813	1.2867749453479875
1.1536028596066303	0.12729449128872453	1.5240103758184527
1.6812971907175622	0.04394592854143325	1.2702212259511965
1.2385408868950871	0.0711205627358547	1.383053178086668
1.2789792624526513	-0.06344336126358482	1.3813529307272079
1.2590333825788573	0.18086099044799572	1.0867580126480525
1.2992171484212656	-0.04786906521666027	1.1929212742931457
1.1974506552347879	0.1217586381991022	1.183413810737004
1.2579765289083311	-0.04119706173706345	1.4297940874067172
1.2107189166768746	0.037020237930513164	1.3412430600188092
1.364140436155515	0.13362163582741507	1.2120328121738357
1.1612576571378552	0.04088199524689581	1.190592913821556
1.2960684258226156	0.10042590199442675	1.13757766381339
1.1748340199003449	0.0337984125180271	1.15274212495069
1.279794983388162	-0.070994522366079	1.2983827475161371
1.1395603716471256	0.05167115189095622	1.2465527765285924
1.4397021661210425	-0.09755953476306681	1.1957054181215026
1.3932554442386782	-0.0497628610144704	1.324523190524232
1.398395982592435	0.20559707771148014	1.2337679013432123
1.4682038883021504	0.04095717613973505	1.2571778756105803
1.2999301658532518	0.04501229327172329	1.3311190861069906
1.307511440696309	0.00768696686307001	1.4135032711753985
1.084176267965307	-0.05750803687401809	1.1271881292684454
1.266626259893333	0.06246161297459581	0.9767776392540315
1.1884813968359842	-0.06675055610727307	1.061878430158649
1.1590263649101755	0.12347664508309919	1.1957890283907606
1.2341968887681234	-0.11942441347305763	0.9893802027559853
1.3765001561631505	0.03211876381060029	1.2875537476445031
1.1859604162852808	-0.12812853900848334	1.1998788794573512
1.2626246564835628	0.1563207971723653	1.3540971632705443
1.4382970156638413	0.1175416388068601	1.223772414686163
1.127609920246943	0.11773488208431701	1.2402454720042249
1.3523110172783241	0.13963358668429157	1.1894845126384568
1.2521518972443444	-0.020322883478434563	1.151786625690976
1.1148685459079017	-0.1968341168323808	1.3942880244182136
1.3018764309601383	-0.029664792272927988	1.2355854529968513
1.3877648579273252	1.4621074479588916	-0.0031166849012994003
1.1113094052187211	1.1197733197173891	0.02059300729210216
1.366911065231793	1.2517415218606422	0.16945976247659988
1.2080827712810451	1.3507064336012615	0.09398050467115109
1.2894842987560804	1.3032425937374477	0.11673090978443973
1.2824162194972135	1.077357543333994	0.006174253168754445
1.4450237171292672	1.2495014877581987	0.043685474470124046
1.4537754194210923	1.4834592288591928	0.0883893905275756
1.1686493404654965	1.2733025967495708	0.0926716282892192
1.1862494600640614	1.3302844964681406	-0.17115850680021621
1.3738960108741367	1.130189850974407	-0.08740805912614678
1.2879081432706432	1.1422823708229144	0.008569123853866606
1.230218603072819	1.2445146228624888	-0.03838074137332659
1.3644582817871194	1.26176202853911	0.04701165801882158
1.208169925977448	1.2111685593685546	-0.10164609329638827
1.4137294968098462	1.164509007633075	-0.16261699371779298
1.3435083793447826	1.0595950803002288	0.026000552847905978
1.0138411696255925	1.2452672328239043	-0.13341105467937678
1.2862222796856635	1.1890639102868572	-0.18132019497932306
1.1187886878428326	1.3230105423804976	0.07554100504577663
1.3497791857223698	1.0828846092471747	-0.009114982505617226
1.2341420613365646	1.308010948886813	-0.07460369621385755
1.0405546854959629	1.0293518906479546	-0.01862663948511736
1.373395809783033	1.1656702196678763	-0.04854029689259428
1.3069958143980007	1.2784202728135834	0.09254029150567869
1.0618702483323668	1.4216072048592123	-0.01011930983678745
1.3296607392317858	1.245794180636708	-0.13774868614320204
1.0856853895077319	1.028071763107265	0.122511051950464
1.2937622402385531	1.0452440141376287	0.05757622430836879
1.3079498283406155	1.2545698849638907	-0.1711863292147319
1.163832723884003	1.3906536960639575	-0.15068984861606446
1.3772466430739512	1.1339683152084652	-0.03686325842748814
1.3031630381326282	1.1351112650494484	-0.1280270172482997
1.201911860291076	1.2877615536786027	-0.05403157084562484
1.3547360407725206	1.3403910809389505	0.07846595241583924
1.5080411267731344	1.1273842432968983	0.1423469768450173
1.157681980065936	1.269494463607908	-0.017558655642654013
1.152190200843869	1.0812563446589882	-0.15592325799471113
1.4040879092001786	1.3840394187408513	-0.03464347361486346
1.2990994144022137	1.288271225370366	0.028588509389807178
1.3112036224793724	1.2769547570355713	0.027506612349419413
1.3991975695707042	1.2917178037068329	0.06527413380337166
1.1584780300410171	1.3258145607587992	-0.1354236032949422
1.1760730582542056	1.3026256311206648	0.05261594088243537
1.4714056827805353	1.2139540505834665	0.009961312989140023
1.1691232824691389	1.2031954514616303	-0.2070848545522171
1.236266649147589	1.3097446765523235	0.2000162424683096
1.2178627060991059	1.2539085233952818	0.06676227517426117
1.3482929806495234	1.3105476707017163	0.10234248923904327
1.3184148162655023	1.1592131867891997	0.009364279573283046
0.961102710298317	1.3986340803828365	0.17026647214613358
1.2595853499276177	1.215193941373443	0.06654620603431884
1.3855906244911977	1.1778627719577985	0.1335289555155264
1.1514791603530807	1.1817922369566836	0.0034517406987843394
1.2000403471105612	1.2572661011449082	0.027932018117466845
1.394154247407572	1.2272600853335909	-0.1622951551636176
1.1621626681013195	1.2053045421848292	0.06317614967403118
1.359384773470319	1.3684561079469744	0.050893240182743174
1.2106578926575242	1.38618215087472	-0.014737946512146573
1.317120982297106	1.2591967886314919	-0.035315501737063014
1.0617440808078682	1.2761458369075034	0.05262967346567498
1.1749119498750675	1.1985753093191938	-0.23068827951251142
1.4006755898027412	1.3731544852377042	0.18810548136268973
1.355108837443011	1.0901909831952905	-0.0250792939796428
1.4579875965782705	1.1598118593363065	-0.07513379107392233
1.010875244638552	1.3372244994874118	-0.1277428348576551
1.1288122852108433	1.2280501503889818	0.027311065842436564
1.1103481584807227	1.3505937095653633	0.23807420268434376
1.4157600309771756	1.4611058309035578	0.027270157959149787
1.0793772787198737	1.1657028733286328	0.05326913353062412
1.1733326590527673	1.3484662952645357	-0.004877358815727524
1.1249447147955558	1.184036488747179	0.114414796731605
1.20600295499926	1.2399922678066753	0.025505433131747964
1.352938720715691	1.2754183717507166	0.1852796259915611
1.2055702414237979	1.336625489225376	-0.24059231785795085
1.2702307237329227	1.469327488588037	0.12305298428777936
1.2969646670618675	1.2115658393840594	0.008146609087065436
1.1200174973610133	1.3814533151361248	0.06206705915718289
1.4658793496209392	1.2825588651890862	-0.18542168693641908
1.3872273160646011	1.310514365723844	-0.1316602021441707
1.2196889216933335	1.2308369575268938	0.012937414052300504
1.3504070219911612	1.3422169150859167	0.14484286634759763
1.1921615248240913	1.294744514128261	-0.03241526231513637
1.1770928183889622	1.182664500317415	-0.08851306690120839
1.3614751344442806	1.156236417698797	-0.008771485699896739
1.182612880250306	1.1122592603966948	-0.2175370413509984
1.4559692987633448	1.224625211084622	-0.04085693526166327
1.3515251427042363	1.238318612014892	-0.053993960617115935
1.13605860292325	1.1361195096582801	-0.1942381942023822
1.3555717039307755	1.2807741793018375	-0.011094710149345448
1.4119700944519848	1.0695431970134865	0.17702853224663984
1.0864435467911255	1.3442860531899397	0.1620929194448084
1.1476842231226745	1.1681770429459666	0.09520526334864991
1.2711901180209833	1.2663507454050769	0.027816605355980933
1.1311858323222692	1.2152134114009203	0.06469324194107404
1.351725454866953	1.3187975257164846	0.022314366589709637
1.2901040791752303	1.4259388989726198	-0.10408399623414795
1.3869481990989336	1.0972975883409326	-0.1617319691112255
1.1306547016396957	1.2983693620229515	-0.1568132631348665
1.1645554833559613	1.1619154482875091	0.08276871796772928
1.299803473219154	1.2635006896585852	1.2864072308380683
1.1009102362997318	1.2991293606966017	1.1777683032076136
1.2437993346150866	1.2902469665376082	1.1747358523016596
1.308880876666314	1.5167382379421066	1.307346776415344
1.2240219005141164	1.1295868850259827	1.5974710652711936
1.1810992943029706	1.1989975042315777	1.2872724669583415
1.606558876578142	1.209022295223009	1.3663040935306376
1.3025062318186325	1.231923385212155	1.1215305659981472
1.1296355661450002	1.2154939253015937	1.1576343556294884
1.483210592125974	1.0852528129021868	1.2188585049687997
1.118781735127623	1.2086042301418056	1.2740182381475544
1.5557364720238267	1.3202701385463167	1.1609136266601932
1.105754729573456	1.264066249660912	1.5205966511473155
1.241957166111696	1.3581980141266776	1.2557160110743206
1.3750776817756694	1.273271492935966	1.3335675615418583
1.2026746309755878	1.1951705884142474	1.3388637076157583
1.4258015263569495	1.3282414678320384	1.3170824052563563
1.4017524960506458	1.1235001835966014	1.1314849885257652
1.138267108267472	1.194699569762505	1.2683445810057277
1.405282999799594	1.192204754242167	1.0550114298294737
1.1413539139104947	0.9780646301223075	1.2115767476451038
1.2736844663183557	1.1022924621287669	1.4024766211701964
1.3386675310540215	1.2654048425942948	1.25008461626344
1.346275435168175	1.3675831936055562	1.2249866370001583
1.107780551139202	1.0020161796589302	1.3527112923903402
1.081353587765962	1.3481925807125998	1.3989040911283646
1.237514394172291	1.405326859750982	1.5101403157433784
1.1565509475029194	1.2214497724996067	1.095066905747432
1.393050391802904	0.9365401772114548	1.2658659386678224
1.4060332762709693	1.2279177373219743	1.1717743105518508
1.263663972727306	1.3205497021521972	1.2435563094395818
1.2203980901898466	1.277334009411165	1.3093220805163577
1.1446632116049893	1.1709555080400695	1.1090127430240937
1.306025840944251	1.2110536231196494	1.1248657726031934
1.2933941558176119	1.2114501864311973	1.2195280285009833
1.2081428878261349	1.4062247898375102	1.3285440236817128
1.3126884533371599	1.260012035387154	1.2510435169459813
1.3004164245917171	1.2529214617158644	1.3261981895271153
1.2570089781142557	1.4387282135091897	1.206856125303936
1.148404071542973	1.3001430069858546	1.1701187526205716
1.214994860455722	1.135279158178846	1.3125052016630787
1.222923395405681	1.1918585854346178	1.1139282785480509
1.324512259241031	1.3275850568903442	1.3392138783218368
1.3245462461766535	1.1732261357731608	1.256829800413643
1.3252416634511515	1.421026042279506	1.3105024785029038
1.1530052181582897	1.2814833178275287	1.0617707871770006
1.2657958955653759	1.2170488345749946	1.2324052775892347
1.200319344125026	1.211808052579351	1.1739607425815122
1.3204123156166239	1.0481472520312605	1.193984612823217
1.2722975614502348	1.332098152447612	1.1235772593825366
1.267396256429028	1.1249904334347185	1.1237324419619046
1.381221165275379	1.2695949153775485	1.2638738981467281
1.2873333312015902	1.241289926301885	1.333470564102013
1.1402998714090038	1.2850247825163326	1.3412743445738757
1.10010323398052	0.9815233899093783	1.3726046780048298
0.9922073915608549	1.2009678428606778	1.120723384395657
1.5030606601489422	1.268534982359285	1.2870597807728361
1.1876226819884308	1.1085554882433	1.2439008012732315
1.2227957242104868	1.2967712683341746	1.2002614076258058
1.102686423032091	1.4080678391427937	1.3893568538012706
1.37102597475999	1.2092212955895094	1.0996201632830975
1.23048469625842	1.095497793127817	1.4412931645022269
1.4303897024637708	1.1547864997839372	1.1833589607003427
1.2780486194949927	1.1386738328915917	1.4798636365409916
1.1947677696688284	1.5255210452229784	1.456252281257899
1.1634071536117	1.3074610786949803	1.2147878949441977
1.2748778590732686	1.2320966620890792	1.032557495275642
1.2513659054602335	1.0267254408334783	1.146844606057469
1.3959657523402988	1.2497070881744543	1.4231124959853996
1.2995797553945954	1.1725485377917315	1.2252729277774181
1.1305006191941678	1.2413231882752607	1.0722856755180534
1.165953165014163	1.1597460944140945	1.2979874051026408
1.3125187583787614	1.1463571462256934	1.250693052007285
1.2210930353872451	1.2113652808359043	1.3506589715862405
1.2855621727144013	1.2125825696883938	1.4610247099254898
1.4836041174870152	1.0755422338145588	1.0803903131770416
1.2905341248790234	1.2830402792069637	1.2363564568379881
1.2610710588740823	0.9111295525238549	1.1312303577472576
1.4234649182083197	1.3005491744915687	0.9406135079427209
1.3535845927673391	1.2404662022767685	1.0745994168853932
1.240330865513642	1.3677976329731316	1.2153939137621579
1.233061661852468	1.0977968795440267	1.0359579622879518
1.3723066193693054	1.2656405094872614	1.302618314676879
1.5020415407805254	1.280663442036633	1.1539085974593892
1.2659217251551382	1.3996213740463939	1.2882087649277314
1.3522958035520416	0.8627239409511718	1.334434875626414
1.0684024725568741	1.1657090767932767	1.0965614428030999
1.3201962805827498	1.37065849201738	1.351833829341447
1.3571563135404436	1.418511001033964	1.1691889081280593
1.3619520528017306	1.2098096681749635	1.3471161889774605
1.3270350545917036	1.4202924621808515	1.2570025174938066
1.2516375854495154	1.307795949476753	1.3910423973310637
1.170821856449255	1.173515045620376	1.2539819924222313
1.1552386595021054	1.2781987350061321	1.210767971704434
1.3005888195796529	1.1451792288792977	1.2169613065638296
1.2410692893669906	1.2534389481434183	1.3015027660053797
1.2190479391648663	1.0522730590934304	1.3775220929618868
0.9753794501056092	1.0720535866119205	1.10056414171391
1.1430643234112334	1.1769783781496268	1.1666856445874891
1.1500159265590253	1.297982494965614	1.5109642733276072
