-0.11691199332969897	0.7534326113236824	1
0.17121977592046517	-0.6616157933884603	1
-0.7542628606700731	0.8579338095186677	1
-0.08202241146333585	0.9603252487765432	1
-0.9236776997064662	-0.20279761682596095	1
0.45505552673510424	-0.1249705339330884	1
0.40300866463463986	0.3253115394969031	1
-0.24777089128147514	0.44666799417306835	1
0.24424134621858037	0.4329186581689647	1
2.284354108881785	1.1532277161040991	1
1.167563270275639	-1.0558395651871728	1
0.21388011955791425	2.339369593934493	1
0.08897236852435984	1.527702847926625	1
-0.31705830707218063	-0.6306610604011932	1
-1.0107764959811543	-0.5918000015381049	1
-1.5229485936739477	0.5706376419959674	1
-1.4916997274876673	1.8691878443527439	1
-0.16734175658109574	1.393136826544905	1
-1.2421401862368189	-0.6208478320898649	1
-0.6574621220561687	-0.3073888748050759	1
0.3752330392083563	2.30157719414338	1
-0.08645309568344646	-0.17974991785490793	1
-1.281574112684437	1.1369824873565066	1
0.8147511950432703	0.25623842430969807	1
1.6697098508074384	1.4616450265892906	1
-1.7779902391638522	-0.09019006541667099	1
0.6071994589259131	-0.5357064218532135	1
0.46883785241425674	1.0805695470443613	1
-0.3958315614768002	-0.7139053036889181	1
0.8194341076917209	-1.418740387382372	1
-1.1831843788569805	-0.5596035720866732	1
0.3134220838297804	0.053965150393889105	1
0.2062589379843919	0.20701617305469885	1
1.1508653425422197	-0.62224999363819	1
0.7704183307685679	-1.797860390962174	1
-0.02235248437695669	0.7016633960114261	1
0.2809593131847722	-1.5199364610273811	1
1.0038296181498982	-0.5545344296036445	1
-1.6893712843881008	0.3375147999883844	1
2.1326524612523174	0.12298587233540242	1
1.0570240535239355	1.2550084927702598	1
-0.1030959471054322	-0.405282431922656	1
-0.5146357999779846	-0.30073490724785273	1
-0.7596778356396909	-0.491445749802893	1
-0.2027837539001083	0.04518559032594137	1
0.41837521285839296	0.5973537905227339	1
-0.5661901313419082	0.18232510735356422	1
1.0556622886820706	-0.4952246321580741	1
0.7193332867804592	0.3604938639373557	1
-0.39979477631869115	1.10810645298421	1
0.28531980423218206	0.14450716315590034	1
1.5218907547398248	-0.12091855202417447	1
0.3908254965036164	0.34436399242984495	1
0.6232370465353023	1.0680616950157278	1
1.3807133312642619	1.2656019293097007	1
0.5887102538705917	0.32309234557368294	1
-0.09540879175803718	-1.1763803620441988	1
0.21640597370011436	1.7395337920107932	1
0.4017519546159101	0.6762557264247536	1
-0.4452296999284533	0.3160480284068686	1
0.5713739615941655	0.6149005528220105	1
-0.7313577938402555	-2.295535923050583	1
0.006084254582345967	1.3922059707867822	1
-0.6301863998304114	0.08053970045368915	1
1.8809490998977187	-0.08504580796808721	1
-0.20306078148285917	-1.9049557078174895	1
1.34583229962207	0.06528573988974613	1
2.1292404385780137	0.4460012683629513	1
1.5212029349998486	0.2714972090214453	1
-0.18262479115168156	0.0028864708385787294	1
0.03330170608424259	0.8631654469500468	1
0.009530188741743387	0.44257177371760087	1
-0.553229222683534	0.015120613442099409	1
-1.572905561736446	0.1258187476526579	1
-0.03472735593232795	-0.065176594935587	1
0.7878876177921658	0.45687656003434574	1
-1.2164921286888846	-0.32858188725230913	1
-1.5262395354658007	-0.4664076135392805	1
-0.7820410272088588	-0.26263531031571186	1
1.3073950181981904	0.20586666949079838	1
1.1388066114910442	0.4889723395837968	1
-0.4940544127921803	-0.024314889063442903	1
0.3818733439097676	-0.8640880455499647	1
1.375338581510942	0.13905455743734352	1
-0.6150272958102113	-0.3087778284013461	1
-0.9067982779105945	1.3943969267045302	1
-0.90726008772464	0.1648545368119719	1
-0.3893962041847954	-0.4589664662787219	1
0.1140790096267969	-2.9452494613170797	1
0.9371209491038158	-1.7051804470178236	1
0.9056102133106207	1.4127292894621106	1
0.4703647197722814	-0.1773518670123053	1
-0.7067034586922812	-0.4697877769940199	1
0.1387342121608629	-1.0794322413098143	1
1.7188978075980499	0.42446860293468786	1
-1.9736623129986637	1.0715697882669528	1
1.35231146014089	0.6969467204031501	1
1.3025982486287917	-0.41658521498727985	1
-1.827768577290622	0.2291291828572697	1
0.622341396485886	-0.26395745609413046	1
1.427356618085994	1.0093879838050255	1
0.3758171170708861	-0.9485014368644671	1
0.3007743707698902	0.526918606635579	1
1.1155164892978702	2.1780055555537023	1
-1.7735248955855425	-1.3350952894471266	1
-0.7081080326265123	-2.1644495007775038	1
1.158480936291632	-1.3095772759189022	1
1.060783373612411	-0.8416160073643195	1
-1.6385220949710808	0.10746957555332057	1
-0.5517010144749931	-0.26089126279538344	1
0.8716823818797881	1.7532030080065901	1
0.9314872064631942	0.9836085013115609	1
-0.601911160654077	0.7237706124588209	1
-0.2204120264629873	1.6338300704156343	1
0.593761458390116	-1.3472093543031172	1
-1.045171662055095	-0.8619667675260066	1
0.7741682376019229	-1.338250000780781	1
1.5386008446505413	0.11223154922318684	1
0.6705381437119368	-1.5332218974545657	1
-1.0436992644990544	0.5194256129735323	1
1.104138963413528	-1.2383103739264163	1
1.049908055765436	-2.621836591478389	1
0.24026225740461643	1.196939069618087	1
-0.3711305301879382	0.07189414035191588	1
2.3172439495381574	-0.7712271972094102	1
0.46018698670912833	-0.008444041489529477	1
0.6629347189034015	0.8621699355583785	1
-0.0042916617224191215	1.0585316817480834	1
0.48285295290905345	0.1604807960021422	1
-1.8599286401856767	-0.056739522744495105	1
0.5604096124028446	2.6738343023544653	1
-0.1928066737851118	-0.6369971050194995	1
0.1587115909532906	1.1419216136120856	1
-0.686773010732064	0.14383201641342203	1
0.5823977930535038	0.33666612829428616	1
-0.5658465609994038	-0.0674261721883623	1
-0.8992965696090667	-0.39918655294756933	1
-0.921904952938967	-0.9385941997792836	1
0.6999119585840273	-1.0374468440889255	1
-0.6885555169776699	0.4135607008384847	1
0.40097590246721504	-2.3087822726048874	1
1.5024522280302501	1.4980050090141177	1
-0.253623227706187	0.27934884479837496	1
-0.1765079674639503	-0.7208116689918149	1
0.4488136170291604	1.928104212932218	1
0.057508341727115546	-0.9035817859041037	1
-0.1539176710285539	-0.010683879563732896	1
1.0408667996808079	1.5168790711137787	1
0.4168289134888071	1.400805408489296	1
-2.2268307403597247	0.37952757339875814	1
-0.309082165009498	-0.15160933920591016	1
-0.4753470260028754	2.3781136403432064	1
-0.38307830354705413	0.35467376950185847	1
2.184599651272143	0.004618095780035588	1
-0.33969970004565536	0.698904480148005	1
0.909826307724301	-0.6727529273672235	1
2.0908797645796415	-0.3671236660510577	1
0.6263375575132522	0.5098772373057084	1
-1.0749406135446231	-2.0820460032049053	1
0.6865084258986848	-1.2430719202291303	1
0.2220001794539984	1.36549496666503	1
-0.9415623014864409	0.15532358491904552	1
-1.0373502957069602	-1.0900752944560332	1
0.015135709940695397	0.671501534211206	1
-0.30517169508680964	0.19702424770661106	1
1.3326437000740066	-0.2325666256136636	1
-0.034360406767776915	0.8516928019864664	1
-2.756574607184754	1.2715084434811157	1
-1.5450825667232115	0.3023833770639718	1
0.12403077787109303	-2.4254059236150716	1
-1.0457705670191701	0.7874100575933336	1
-0.9647930725877258	-0.20156279153028653	1
0.9500687035065556	0.647751213824024	1
0.4495504504040236	0.5281254234896433	1
0.5776558199023565	0.34381522688101523	1
0.459673417445603	-1.0448146454342206	1
-1.4338170809153163	-1.2655957533354563	1
-1.2931419884393198	1.1515950301270812	1
1.397041332106426	0.4886649822142608	1
0.39971613287244173	-1.0979869626291823	1
-0.6784698733334968	-1.1386750945539286	1
0.46046756972557046	0.6911981511473364	1
2.24047694556154	-0.31147562565827464	1
-0.7985699074918328	-2.9416040433876844	1
0.9295455535565822	0.2230103609488416	1
2.2597584322842725	-1.751038895519245	1
-0.33647844033542446	0.29779097868044724	1
0.7689749460741995	-0.21888514905837705	1
-1.2451224287369038	-2.6267523144469713	1
0.9841638688067015	-0.05856486178956993	1
0.8803298193490894	1.011915362816311	1
-0.16923885496538357	-1.2890372741410754	1
-1.9626303863936556	-1.7606528691191858	1
0.7628195609346727	1.4882985727083602	1
-1.8296645688737654	0.20506550099789406	1
-0.43736355356219053	-1.1188090376108835	1
0.7013381752081836	-0.05917435699812659	1
-0.8203090431253777	0.11491920457378495	1
-0.293550277842998	1.03511217947035	1
-0.36175586150411154	0.44651945147665173	1
1.230522378443838	5.02952858155119	2
3.033363552308762	3.683473703857985	2
3.231469187195706	2.974874571208631	2
2.710839120676648	4.145166060126705	2
2.2492900521691435	4.866429676484515	2
0.11493752677114166	4.759069401361905	2
2.420165260183211	5.403608722710186	2
3.2110662381362363	4.127741716417296	2
1.7581385246238117	5.010313383886484	2
4.761187037629545	4.705417389608976	2
1.139742138705007	5.095900196512332	2
0.7280893226075755	5.621408435849262	2
3.2575328027348083	5.427372568608286	2
2.794528853861198	5.238694897677627	2
3.148142236387063	7.009505434450799	2
1.1405193451966456	2.5306654267676394	2
2.962806809341145	2.9704360618191803	2
3.2388600572886195	5.523959154814736	2
3.571396759275986	5.829674302445858	2
2.6845961342963185	5.518139728483749	2
2.1391854754971265	5.368957426906522	2
2.844436350791753	5.220306313605145	2
5.031003134611935	5.127796678149845	2
5.069649280481693	3.9977715660242907	2
1.8804534485014701	6.908936717886336	2
2.764705262301423	4.260403209376552	2
3.1196657394708978	5.492766737785801	2
4.353999756838496	4.756027626467621	2
2.1215799429683084	5.687137960051099	2
2.2046736111613816	6.188850651553948	2
2.7186746836333597	4.8028699973112365	2
4.238768795350111	4.729311052075974	2
4.249968620268239	4.129148397881164	2
3.2776322957443322	5.242206010357429	2
3.948328868768094	4.846866511222535	2
4.089430838016181	4.866242365918204	2
2.103414927981823	4.854480395121871	2
3.8433442822617048	5.196455296663897	2
4.725939327685509	4.609403539714774	2
2.8648216255746544	3.3801131454324245	2
2.7479573231967978	4.6397432209583105	2
3.00818652805711	6.807612574940242	2
2.8297920653777284	6.127576824590037	2
2.3098740485372273	5.001246664864695	2
2.7027545988440886	5.583675202805156	2
3.9600744574952396	5.491124180114743	2
2.1139122100019554	4.376383757659379	2
3.532393094534494	3.9399599629165616	2
3.562980781143291	4.14931751637131	2
3.4382714679801345	6.034038591245906	2
2.123688788649378	5.53064206613921	2
2.809432949066753	3.149793799996541	2
2.8239920904480043	5.1372796972444625	2
2.2243849164256	5.0512881913540255	2
4.053898635874457	4.580392668438887	2
2.841205621322469	5.724954117101806	2
4.241827154467789	6.356615600544751	2
3.666260139364166	4.6256570511361	2
3.69643294206124	4.594945038773537	2
2.5128660589852307	5.383539277161599	2
3.5157215415082383	3.8740324278116613	2
1.6723105771635023	6.603758537557108	2
2.1668091115810433	5.72796919272668	2
1.725409611479302	5.959918944046191	2
4.279731423364777	4.621990239069427	2
1.034376601883813	4.970831663409182	2
3.321475578155765	5.568664222159226	2
2.166302069672385	3.4951323165906105	2
4.425104750905401	5.54031015104354	2
2.727958271845229	4.743709160108437	2
0.889876623635308	3.5978402599783337	2
1.77420489684728	4.526932822957838	2
2.159866677548923	5.912726657342623	2
2.7275241850211582	5.229903873610856	2
4.518599539918791	5.120348033898603	2
1.8950972096970944	6.506542935381821	2
2.022976402618409	5.432888649470821	2
2.7578922929560066	4.068828306516914	2
0.619568996651803	6.457582710960889	2
3.470715876842235	6.075382577546398	2
4.064581548799921	4.529595324565669	2
2.7166088678049674	4.975354412798607	2
4.390910752406839	3.346680223032533	2
2.166687498739004	6.062692209668045	2
2.7759377708614714	4.299467252156363	2
2.8646972305826326	2.5413289437107016	2
2.5212247833600276	4.277363202521445	2
4.062599841904671	6.260699718967361	2
2.9566934725880345	4.663129483451781	2
3.946918593744411	4.375947060373809	2
3.056428722897216	5.1345162579689765	2
3.3854584111004997	6.851543371326274	2
3.258082871394803	4.14382696155006	2
2.9620593118243783	6.1270046044893975	2
4.500674585049241	4.872415756968031	2
1.835466483146137	5.706554979019177	2
4.129538107280756	5.632766742595298	2
3.434640955439185	5.035816115251771	2
3.9582851190279094	5.090670081819021	2
4.12675585977439	5.576611111198929	2
3.6152965463127953	4.450806089878967	2
2.5185462069543703	3.78196566723431	2
0.9809690836868175	3.515687132322965	2
3.2637849606371554	4.088191943488616	2
3.0517564546309526	5.777740499052516	2
3.202718318641943	4.000210130706858	2
4.044309326566768	5.922543604721766	2
1.644158192481176	3.702076286459311	2
2.6499552746982866	4.096037720716113	2
3.5910471408299656	5.000974224941872	2
4.033702913745466	2.2046376873330216	2
2.634789557007105	5.018329768783302	2
3.3498638505492373	3.726515419818596	2
2.302519101019528	7.097741644578123	2
3.863895463415124	5.893784390400043	2
3.4280644705762153	5.472777151817448	2
2.357453434450129	3.299791350252648	2
3.920759003407128	4.280061551604681	2
2.842989554039702	4.733196838935459	2
2.6181205115354853	5.7897581469357515	2
3.869150269754815	5.464517135594547	2
2.632300673940227	5.745557538946721	2
2.2209234994024447	5.9042062372131285	2
4.978447253229362	3.3920889701911303	2
2.1833537651086337	5.765149860724851	2
4.169546339944362	4.772427244132581	2
3.5394869731114174	4.676745968872766	2
2.932250835980345	5.0732266264692925	2
0.9923315398865271	5.687590666547423	2
2.05799923734911	5.078736879209449	2
3.71076044457211	5.8729917066026545	2
6.238902909679582	3.5487547851110692	2
2.9180652130458515	4.710843942058783	2
2.4559673306997265	2.999135512120866	2
1.0478282601678521	4.768516564704923	2
0.6178593105730745	2.5235695974326453	2
3.6212204771146865	4.080709522837181	2
4.3122402846668715	6.403791007069622	2
4.072477407117512	4.3557206139994395	2
2.4106763390215855	4.791406985503218	2
3.0193590413694587	4.769489268955646	2
2.7278639458504306	4.121372753339852	2
3.884860040945558	4.48254721672386	2
2.1532876086976196	6.878210697686295	2
4.742894699163039	5.981979721718493	2
1.4096230671432348	4.39342954473678	2
3.726609087485907	3.6972197018202433	2
3.7869401128569598	6.480500973609982	2
3.3891825745617155	7.558806690192926	2
1.956518296882473	6.574305874435913	2
2.1412155172058105	4.012153624160321	2
4.000328556709028	5.819631607676044	2
1.8984514237122891	5.398649817390837	2
3.151917138065806	5.017575503593927	2
2.207921276696923	4.288931833240373	2
2.444725663785169	4.120778344917537	2
3.417143836374513	6.205199935088303	2
2.4985473361941315	4.409382337340759	2
2.9668005966966797	6.231467191927441	2
2.6886928725695567	3.8542326861651848	2
2.4538436368259715	5.52273077660232	2
3.1205249210818033	3.6243947856324628	2
4.569858592333187	6.141885905980853	2
2.8211673072233614	3.077149138454527	2
2.754474770796784	4.100199124031028	2
3.3204154773219394	5.707907902756209	2
4.797153980890523	5.116753233608449	2
4.244138471765836	5.586175193557396	2
2.9639794739123477	3.8441712590195176	2
1.9203624937335293	5.845024463223023	2
1.616964742091062	3.853572467196455	2
3.060310435363972	5.649465441297945	2
3.593844395001586	6.342733475455526	2
2.0023696889529643	4.509191350471387	2
2.8702350691740577	5.981782987849051	2
3.634528673436232	5.242710214340049	2
1.3913408047952054	5.544747353238736	2
3.199992807921183	4.9982831699456325	2
2.2375553179578027	6.6771843826886865	2
4.6235016643180495	5.456156916673599	2
4.381380213373806	5.798851730587107	2
2.4008867200978057	4.190936611381458	2
3.1433662648363674	5.061938427275869	2
2.026312075216424	5.691257619757579	2
2.0710192357943145	3.741957646437947	2
2.29382638967481	5.559605651132013	2
2.4522829936144164	3.1459138465471073	2
4.754143699342328	7.036374488876279	2
0.910498794769345	3.7838303608754233	2
2.8139914420592547	6.999985699671067	2
1.9243066496072105	4.352875014110369	2
2.1505382381994345	5.756102730422811	2
3.5888660687570093	4.146025725589487	2
2.380324259694964	4.389068953348311	2
2.5093951319977896	4.725494665481333	2
2.818008861777708	5.57242428912926	2
3.312729219613822	4.83153908231899	2
2.7446141084762434	5.742356878275837	2
3.840325566703986	3.316236432113791	2
2.8287133596084706	4.48708104667047	2
-2.986186536389736	4.581828363055702	3
-1.1072677141494136	5.730039967540925	3
-1.289879629608416	4.270900088971485	3
0.8616217403346713	6.698905882301295	3
-2.4130571515306505	6.345456409953988	3
-2.049355770734823	7.844585256122396	3
-1.3215030117287008	6.644196354005669	3
-2.6217388445837155	5.416502592635886	3
-1.9664469977434451	4.630582115118062	3
-1.7531257410731143	5.663791075379707	3
-1.535827569768966	4.398257789323431	3
-0.39855454582778527	4.360851703438712	3
-1.1718719244259914	4.424097135963632	3
-0.6143094944259737	5.064274195970687	3
-0.1941300217723776	6.2150035267981165	3
-1.3430065421583741	5.388888539290407	3
-2.218493772618739	4.762553279272651	3
-1.2155972433426125	5.3521340830675985	3
-3.2150855164878918	3.330907147109521	3
-1.8892549807784507	5.297435934176455	3
-1.174361579460938	5.891039213244619	3
-0.11021457012903912	4.786676179943786	3
-3.091630850806315	6.003365539718479	3
-3.763480485830204	5.328670699109337	3
-2.164753055305602	4.865416450128399	3
0.34706904271869554	5.080096284221963	3
-2.6463215846660946	3.8556874642544825	3
-0.6264352936904969	4.600790512605668	3
-2.020834416632351	5.445932733296917	3
-1.7620534235598921	4.622173392343558	3
-1.1648971085030315	3.937652672536119	3
-1.8282072161298653	4.654822147787257	3
-3.0752107366454267	4.874989341957581	3
-3.3139010059172813	4.320509845144377	3
-0.008624940718755969	4.8969414087265974	3
-2.826713027114079	4.140371269064405	3
-3.956357845509776	4.307153003481997	3
-2.969838316558382	4.360305040823584	3
-0.08239341165926062	4.469768211035937	3
-2.50139502060326	5.940585091342122	3
-2.002880626200152	5.340604463119572	3
-2.9610687964855185	3.51750625713955	3
-2.8700360374528606	5.051441487293408	3
-0.7917529355777266	5.487451059910436	3
-2.4056876231701585	4.528485733060764	3
-2.212037084606902	4.921838074656319	3
-1.1685189161089655	5.9543440259985765	3
-2.5556281459834675	5.023862759761995	3
-1.4787722686571496	6.797125903286096	3
-0.9704335573306806	3.32518147331566	3
-3.742163132023764	5.646441254547128	3
-0.6323842597418166	3.2267248115997584	3
-1.852942880930006	5.606941836453368	3
-2.8577518509323383	5.027966721346212	3
-1.5735232017325922	5.625008970639141	3
-0.6074501334455529	2.887925261603027	3
-2.126761601145227	5.826276108736611	3
-2.5711923011795728	5.021077008749561	3
-2.77163954133894	3.9320888517420025	3
-2.81232199036262	4.715382431667374	3
-1.9752715374555914	5.0705628462782855	3
-2.059033568913854	5.597190327624784	3
-3.0370614318158493	4.557204282026023	3
-1.634982188751017	5.842565487632683	3
-2.71806257175425	6.202707705119135	3
-2.9519504000482857	3.350011645426311	3
-2.7300917991813103	5.510267324498511	3
-3.0241996588150037	5.553519280040219	3
-3.367196420844297	4.893947604391905	3
-0.7881680173189329	4.911515842273575	3
-2.7554479467533093	6.211379369879296	3
-1.2851129853894876	4.786019927428334	3
-2.9451614414324983	5.368375536421965	3
-0.9769716846585499	5.553739551324809	3
-2.2479865228616	6.002098037066615	3
-3.434880452288122	4.608407073125188	3
-1.4988552761146234	6.5406864688374275	3
-1.6841259799165293	5.851885568609322	3
-2.8125053699247244	5.503486891573521	3
-3.0002710213342776	3.8340178094555117	3
-0.4470246112649867	4.979003460677133	3
-2.468717692845826	3.681473229124776	3
-0.9278890676794618	5.012057165739392	3
-3.303721381965081	5.150255826395078	3
-1.658231673556572	4.234381493291826	3
-2.3664251054571577	7.496645952202609	3
-1.691697439352211	5.966335264160125	3
-1.590934877532425	5.744656153715406	3
-0.9592249899475389	5.524944683322498	3
-1.2322623131188053	4.779954559312456	3
-1.0609404575439578	6.46152961002758	3
-0.8563396656600415	5.802209377075055	3
-1.076595824526231	3.777191164364681	3
-0.8605722950805101	5.401485241909217	3
-1.8558244304222353	3.8909523755073936	3
-0.24822686559144702	2.3233211900110238	3
-2.76576447531566	3.9288427729376476	3
-3.110454698623472	3.9074614050893404	3
-1.991377532935355	4.595714319086087	3
-2.977442270186612	6.826469320007353	3
-0.7977541796305165	4.31576259107568	3
-1.929076280673389	6.774749151703897	3
-2.829179182867531	3.6685857425864348	3
-0.6114564945097865	3.7658756325672957	3
-2.849511029321996	4.551803883384845	3
-3.279306100425961	4.141052094948849	3
-2.5045515726980527	5.081477537755602	3
-0.6002253597257083	5.428704292892802	3
-3.0563826742153504	8.429892248968374	3
-3.9479226755633414	5.740161838890887	3
-2.3677125973532878	4.910253269094825	3
-3.8192961639143137	5.4406620831007775	3
-5.330201510815536	5.015410141345051	3
-0.09806322009519897	4.236295523955787	3
-0.20844218641065093	4.052950900194108	3
-1.6109572784275854	5.5804211644498665	3
-2.0085919076976486	4.216127218496535	3
-4.329168353175051	5.932593952454374	3
-3.016046058793129	5.442268472946512	3
-1.5959609368175292	5.777979804789879	3
0.2350898078064625	5.353374518150723	3
-2.582192853877271	4.432000573045423	3
-3.2123473887363345	5.896374591355831	3
-2.7432497966442275	2.2745841268772975	3
-2.593332652252492	4.709706165099945	3
-2.0391511018786797	6.756606726371572	3
-2.460206941144374	4.082837296758929	3
-1.9966354778848292	5.468482726405159	3
-3.0616378288785744	3.821823662581433	3
-1.5212528496386573	4.738738166840794	3
-2.523944633684078	4.3025059225808375	3
-4.4500493048862735	4.795282576909904	3
1.0839485443199663	5.49878625537861	3
-0.5180621046102649	6.1779122012683265	3
-3.965959927826167	5.661407133988121	3
-2.57462913870295	4.409056393985534	3
-1.3444493832124262	5.3985040544006635	3
0.11106762937380754	2.6145085223165982	3
-3.344638340033807	5.272753059422046	3
-1.8413474582494902	3.465184849419818	3
-0.6426533486055046	3.8817977576499105	3
-0.40286128272785215	4.573783247066676	3
-0.4260338293427912	3.638637433220623	3
-3.0137585020221227	4.753901018857424	3
0.69483039624492	4.473661249116957	3
-2.846347122978545	5.90779276620697	3
-1.7433633186838895	3.9236916832874322	3
-1.8649991972625668	3.613655798889919	3
-1.686469289929824	6.138809623979201	3
-1.98056199872614	3.2284510268176083	3
-2.757144805068994	5.973252086757537	3
-3.044566535204933	6.940426348820874	3
-1.5661736089649891	4.912818648359614	3
-2.8518882536651473	5.0470436342006675	3
-3.290769700838359	5.265599692680505	3
-1.9759496004236772	5.130552194245584	3
-4.366372688718714	4.900545277720933	3
-0.7280194332079744	6.364473109135963	3
-2.4770070358728025	5.57892335704004	3
-2.504596340104811	5.6176398014142865	3
-2.576322233708627	3.7084800270568063	3
-1.4916753581699258	5.14771093782791	3
-0.011745070636334454	5.9093740719105465	3
-2.083629322882503	4.385193209971544	3
-2.1444381967750163	4.284400570151133	3
-1.2040924398165262	4.489665638332998	3
-2.238849982535049	5.766585480945125	3
-2.8802549799936243	4.945196764986606	3
-2.421395032119218	5.133153776489083	3
-1.549829304225328	6.191072947558972	3
-2.3196628423771397	5.696253902859738	3
0.006907407000372956	6.575820238259967	3
-1.5219293364660202	3.4607355825244115	3
-2.7657365595348047	4.709857594838016	3
-3.202694617365384	5.202476551906994	3
-1.2759967131173724	5.377312154459048	3
-2.123847491172768	1.9266103978802023	3
-0.10291580154014435	6.332781699335371	3
-3.0074068943920116	3.6677905681621885	3
-3.163255195625006	6.004037081740493	3
-0.005324434181370297	3.2637605959276277	3
-2.4878240949802	3.331727885922242	3
-1.3872265151567384	5.402746433504612	3
-2.2852779492026127	4.306039549389026	3
-2.3444876347556196	4.8639438696732045	3
-1.1665625486805233	5.398172934076858	3
-1.645764024270022	5.604054563062297	3
-2.325115146456873	4.027584266058412	3
-2.887359880571558	5.79677414957364	3
-3.5569961506700203	6.097835170122046	3
-3.0414905548028983	5.40670018424411	3
-3.3908639082579937	4.226781355198149	3
-2.4683535474552616	5.421342134611571	3
-3.7016763892430595	5.844794243634934	3
-2.564129436601365	5.61869119243938	3
-1.9776823733845945	4.672104448487317	3
-1.8520773578116767	5.402660808734005	3
-2.419313384567423	4.447189010889289	3
-1.0468363314861908	3.923030189994205	3
-1.023237371506747	4.388202428547519	3
11.272574344951023	12.4342270607465	4
12.252519083089988	11.514845345138314	4
13.052293366148524	11.643853545041118	4
12.824728204178035	13.364469957752375	4
12.749089509089599	11.691420713819832	4
12.396637010931222	12.045906872972852	4
13.92047204354097	12.382751507209079	4
11.142659920625267	10.88504564124318	4
12.797790299826218	12.150525861388894	4
13.370182633637093	11.800569277599386	4
11.868638210960913	14.280482892766614	4
10.805080305648561	13.940026253837328	4
12.84992823436999	12.395231249967924	4
11.933324527813545	11.751741072989967	4
13.11724908441355	9.972778289729316	4
11.108525117881506	10.301988172958952	4
13.142098074499417	11.241572347175586	4
13.427644055492403	10.8784741630016	4
12.451084176553579	10.16506407785656	4
10.430516891924256	12.884022844980311	4
11.152936447854898	12.345694329668616	4
12.871719130750149	13.15519953468754	4
12.279856178841078	12.44757631896737	4
13.163640910534264	11.341580823000733	4
11.706528847677246	10.724492230206922	4
12.089313348206522	12.62719606130375	4
11.892123679519292	12.218770407143753	4
12.279340239023483	13.271149084720921	4
12.501050695493806	13.37207158920134	4
12.409324764859347	13.028335979870992	4
11.539064974015714	10.878053820527573	4
11.480274453141439	12.980228001839901	4
11.470198791223934	10.81530875299541	4
10.753783189546194	12.315442830863095	4
9.849612580085898	10.604066545953847	4
12.933015107583662	11.390950181758793	4
11.6870422000654	13.703909064274008	4
11.400774675979566	11.850187437754743	4
10.445055754939064	12.400463830018195	4
12.464333772341929	11.988919040226603	4
12.114565415935198	10.643945390625975	4
11.529141858894981	9.918291048145356	4
11.215364666016864	13.01812074049293	4
12.442805038955068	12.854490202366806	4
12.030183629983568	11.375508689879126	4
12.709385953903265	11.193702328508651	4
10.10108475190913	12.955827551903385	4
11.869504536071336	12.068218573836495	4
11.817801612998336	11.140601085202409	4
12.096356374908536	12.326151484176696	4
12.65164992643975	11.52972922192745	4
11.437059231343401	11.847652277728063	4
9.301934791885184	12.030988687856084	4
12.699637543560373	13.103046739801878	4
10.500461847544077	11.081974287012708	4
12.053728703852704	13.353871769934855	4
11.4263016947696	13.7307610595516	4
12.758095601677267	11.98267970378283	4
11.38889611226323	10.821271293987133	4
10.027257757032846	12.392712139478075	4
12.386518103245109	10.920811085026587	4
13.23993837588485	11.645986883775306	4
12.899550057687042	10.977150373919468	4
10.812818897295834	10.126963648327427	4
12.134640895133172	11.923166700303119	4
11.97294969260741	13.20970293796352	4
12.023467608921019	11.62598315496179	4
11.015243613807636	13.08855639136591	4
12.4437339381293	12.04940711472539	4
9.38221891072887	12.617267069950351	4
11.579108019747165	12.350146114578395	4
12.426730526082624	11.368419174582353	4
11.75245101719259	12.00486015007636	4
12.201855854584414	11.860105064109568	4
9.82037794779228	11.547749269143777	4
10.948609943690833	12.048994709525488	4
11.803803526952212	12.281629912203941	4
10.689352993253936	9.819858712072667	4
12.468339112131584	12.66349126809079	4
12.207266819383348	11.981672585056517	4
12.54682833269325	12.15925114443264	4
11.89620574276009	11.851635373161404	4
12.453942887361016	10.796446714392403	4
13.394468736044356	10.26578222833224	4
11.630822966219466	10.70042241875781	4
11.41926892033342	12.508722148120587	4
12.784926395070602	11.308005930671037	4
11.318241860804573	11.503305829771463	4
10.772680335913766	12.430557219315164	4
11.753200999154581	11.380083404930824	4
11.8762270974506	12.823765442733903	4
12.916040510464335	10.285612375812253	4
11.193865483708175	13.028077530604941	4
11.168856414388369	12.999545436062398	4
12.941136408678085	10.625891844460998	4
11.620466597388377	11.836929206139	4
12.754886589973378	11.242892833130817	4
11.396215407005306	11.470890073062126	4
11.344881622689632	12.502860166429507	4
13.089582316523552	11.23887293605915	4
10.860668151903932	11.409441416662174	4
12.955636267641083	9.051902223051727	4
12.669149980875115	11.998111516138055	4
11.673754525604133	12.4841733576554	4
12.853580217815281	12.4612742134293	4
12.146172449800403	12.205649472956171	4
11.750505576639975	13.382563149857134	4
10.816609380743527	12.031764629009885	4
11.14354514177731	10.999390268567545	4
11.05656510277736	12.22756278675676	4
11.436730199034216	12.327764802335624	4
11.042411011047108	12.405149461251973	4
12.022978558098114	13.063463421764997	4
13.18686180215666	13.82084730138653	4
11.675362852835546	12.72007792918598	4
11.81871478293514	11.137824324806026	4
14.096309036854743	12.148265993302628	4
9.988614925882889	12.664716111461146	4
10.807579594253959	10.92913635017459	4
10.520435752060571	9.943282942994898	4
10.957044274433759	11.844212958692781	4
10.637611174063869	11.06167330605381	4
12.810591543052528	13.226622188410392	4
11.828795014077551	12.234840469387452	4
10.974807406462025	11.91189811986561	4
10.471504320525089	10.154496304471646	4
12.451910052123598	11.994699056255357	4
11.171003413815308	11.655381284290462	4
13.432146473106584	12.712649033219783	4
10.922685013983303	11.5278470025886	4
12.805536914719973	11.700330831098878	4
12.927829905383302	10.344418854361905	4
11.465995424596764	13.371390460740422	4
11.180745240718355	13.663926556792786	4
12.094137588583626	10.272394022548678	4
11.950098498130544	12.138244764077648	4
11.597256672844454	10.679133181776965	4
12.333815881788206	8.973985548313134	4
12.739208760063718	10.53081869829727	4
11.982326571533413	12.394154950293336	4
11.173944239680162	10.170600480000676	4
10.516726398259173	11.999458581732581	4
12.356176086598222	13.266094449929446	4
12.202729798813316	12.309674732583806	4
12.387206431148897	11.54205097989181	4
12.426857503574002	12.434108853560371	4
11.065098300540548	12.007207203590452	4
12.516783878751731	10.403222281472393	4
12.49998257520635	10.234710485249282	4
12.395304342090771	11.05970103123288	4
11.61839097186087	11.92238924744768	4
11.785967928968253	11.5554290372912	4
12.293069257949734	13.147738278220299	4
13.914237584016837	11.444207647175352	4
11.107297713434177	13.62334431450321	4
11.824849681558266	11.719189356901946	4
10.921995835547511	13.229833842367341	4
13.13511272780852	11.621827096207767	4
13.079417662853805	12.994437420568042	4
11.59684227926331	11.979631455598136	4
12.432719577549966	11.363066423098932	4
13.561927838124737	11.881181700351698	4
12.37402749592302	10.85489919853319	4
12.383833302777	12.12752162074982	4
12.380872944730637	13.701345857606237	4
11.91446352044872	10.820274724772588	4
11.327801789681997	13.375886230879146	4
13.903530619512797	11.93964188958176	4
10.907657362496954	13.063419138544177	4
13.2205510860976	12.905198767519451	4
11.065400738583756	11.323970862400163	4
12.610501784821773	10.88753762694856	4
11.191706062842945	10.691458528441323	4
11.862616935704727	13.247156438205364	4
12.185810916273454	11.105197259135098	4
12.040382131845767	10.868668857799284	4
13.626936973816244	12.423712326559121	4
13.474509173824629	12.083359528538367	4
11.70232976535577	12.16755802610263	4
13.218509678481485	12.05950060116828	4
14.304212562034184	11.73254374083158	4
11.039457741623792	12.375869629720722	4
11.67262342969056	13.235693046479463	4
11.994577443720594	10.584339963972011	4
13.418267277063304	12.82238945524497	4
10.475098727362987	12.074341386687376	4
11.182449050008888	10.121687804926566	4
12.183810303689832	12.059092068542862	4
12.76879320763109	10.932461758403976	4
12.385001828254136	12.984313911454944	4
10.381543920991843	11.972418093251159	4
11.594943694355646	12.56135502981733	4
12.209857297622335	14.437491726470348	4
11.342695434472661	13.60053577767237	4
12.91414469594918	10.238654283227412	4
11.663168804133662	11.508330536595373	4
11.257555218289	12.994325811151556	4
11.492251428776859	14.190221332967146	4
10.482811012723499	10.762076851581345	4
13.092889986991455	12.220208044094804	4
16.072234409026102	15.03382309709562	5
15.372808374327326	12.323517374874589	5
18.639829294489417	12.503517385259965	5
16.23330032183963	12.455144543123861	5
18.06559401010139	13.664941508495012	5
17.166094051134362	10.680274630520545	5
14.635566219406316	11.527611182035534	5
17.096636361218916	10.943953072216667	5
16.202870025359708	13.380522635573534	5
16.345843105023565	12.611636974806057	5
17.94681827248922	11.64690430892739	5
16.317263978660524	11.27907395583342	5
18.298528477961533	13.354629068973104	5
15.501788070045306	11.75383295854608	5
16.19293333749146	11.857746508850301	5
17.656432139454527	11.668844605024791	5
15.957508611052415	12.552724328250942	5
16.77786818531246	13.164094127905683	5
16.823498675419522	12.425602381993297	5
16.2634274339671	12.94835477194291	5
14.14379981159776	12.652000326056637	5
15.75931307235473	11.888774391448143	5
16.122623205760178	13.33870717989818	5
16.99896942511733	12.378470810759001	5
19.262581498282575	13.978911436013533	5
17.7040213819701	11.867608990416871	5
16.602668703240436	13.059835046897645	5
16.850577759366423	13.603341249014694	5
15.167099486170365	10.992946001911749	5
16.29969504530697	13.512802793971215	5
16.307661740065566	10.401208596752657	5
17.094700911929415	13.470271247185726	5
15.995730694955535	12.846693284274446	5
16.42880264647988	11.26067648599373	5
17.10898761657163	11.092093180519933	5
16.246525325954366	11.524872994288247	5
16.960535207005353	12.488386404791532	5
17.1795525169805	10.880488440337981	5
16.774665159271088	12.174305109065319	5
18.521325129781417	13.303448937810236	5
16.768417117877583	14.048195356924712	5
16.187691686008687	11.81037369890494	5
15.944481746917063	10.647922092229338	5
16.544706241633147	11.551076284196718	5
16.19884528092507	14.81041576288536	5
15.564763482332728	11.5462116634525	5
15.859717176542029	12.05786550590935	5
16.40084522623781	11.81095776196117	5
17.471282671784962	12.634579805993594	5
17.954162877872957	11.179165913035844	5
14.951973947627385	12.85308587073832	5
16.016019579806937	12.337013884096743	5
16.30591442253742	12.708448936403865	5
16.00145681922322	10.292729593838644	5
15.735407153346985	12.95346167258891	5
17.378082997596458	11.845649318636903	5
16.682254494832176	11.822146899549912	5
13.932899180984148	11.20515012693039	5
15.44572760242723	12.10471750136494	5
14.485713477606518	12.728562067386754	5
14.830020242782059	11.892908482763849	5
15.017534546831628	11.691782530281614	5
15.86385566209986	12.008665820175384	5
16.881479888541165	12.307042187721823	5
15.550625690104981	11.996091681887952	5
15.698567065262862	12.411314524467581	5
15.852305001076703	11.209745584185551	5
17.099575853632288	12.597597789429903	5
18.16627310318399	13.182903285824557	5
16.622120858793494	11.343378399730746	5
16.087332714141453	12.496982991816736	5
17.710548811982136	14.10437387522239	5
14.72921976831906	12.659489654111317	5
16.91864228064905	13.067188022474905	5
17.038368656123023	13.040619257942357	5
15.914687163636234	12.540136501189885	5
18.133078668221508	11.574437367247281	5
14.507323180019924	11.172805924342502	5
17.552764392346308	12.125039538503097	5
16.58624439301978	12.49275917541753	5
17.439269251634983	10.392917367376453	5
15.85884254081201	12.448357451258515	5
17.38753338037312	13.88485771785472	5
17.765402702514418	11.81431898627482	5
15.81288487720824	11.457381824000507	5
16.801354691916252	12.891363876594564	5
16.966163625759155	12.334899647590262	5
17.234083019264933	11.521417000629926	5
16.58493450713628	12.921152047946073	5
16.307619214753117	11.386979817805386	5
16.281692491066803	11.35479794971139	5
15.593406411063064	12.617260419405186	5
17.937436712860688	9.779704758462984	5
15.08457246682951	10.779221421231403	5
15.40878224110584	11.838401610431415	5
14.732534880587544	11.21465516331232	5
16.410451772096202	11.456264046611247	5
15.502140032697035	12.00136342914257	5
15.331251093660779	10.04543115401091	5
17.784297421025265	12.826451896057698	5
16.289869563603318	12.63027698967141	5
14.079998450508821	10.480986220250948	5
16.742271357966356	11.197217022512334	5
17.37652229667821	11.937648215371212	5
16.5945112889428	13.639092487016775	5
16.745061946076788	11.800400055341756	5
15.23025061264391	11.501890020419129	5
17.981480508878047	12.272689433299478	5
16.965362330555575	11.199381035757787	5
15.714898151800147	11.728653629581409	5
15.75279177138017	12.02832514900772	5
15.547393522846292	11.448396927463484	5
15.45423465975177	13.648545344728358	5
16.031445694732625	12.891979541033377	5
16.4954620836435	11.811965299445664	5
17.53220776006453	13.429367542046126	5
15.579428961027107	11.07495758323094	5
16.92459951500195	13.367761974564015	5
15.142080863984896	12.48466019578969	5
17.81622497611624	11.456934078414351	5
16.06720316596992	12.12876603290322	5
16.956649044073657	11.639624029307143	5
16.408434243143407	12.952398860335947	5
18.03946092401209	11.063943559988223	5
16.97097122675363	10.9310292817035	5
16.877391592905738	12.347329364798387	5
17.21557549523112	12.30525406937724	5
17.67756344529266	10.877975926896054	5
18.22948817664164	11.827943610741507	5
16.414858744550436	11.631035035640576	5
16.4672602517708	12.848841217825978	5
14.702012068092573	11.430862868578302	5
16.12160764361051	12.253061818643097	5
16.075002274546137	13.4972419080872	5
16.21779198726447	10.901510868882974	5
16.052118342128086	11.792519865617123	5
15.451258069089828	10.492037068431836	5
17.478355345005397	11.962308090256402	5
18.01802939529468	10.334123400890268	5
16.84006529238698	11.931341683157372	5
15.550220636224383	11.661026598077722	5
16.343417048626627	12.914075051099056	5
17.88950655822286	12.845077361355187	5
16.94712736061451	11.349907756086477	5
17.013212844368077	12.119228761671407	5
15.37676632642805	11.736094520682455	5
18.739735540129562	12.101102877787058	5
16.783690073543347	14.238822675693498	5
16.531850900798574	13.199885500828376	5
17.114962876518312	12.299484825110804	5
16.40076559136827	13.06381212680748	5
16.811762931317364	12.570562791468745	5
16.1787686619455	10.781174493796446	5
17.059049392135883	12.051306190690962	5
16.61957735606815	11.418489538646716	5
15.776014128765214	10.445730898456329	5
15.498437841799502	12.80675287305183	5
16.285028734617306	10.838398402213656	5
16.95521321464747	11.156077898810219	5
17.27750434654053	10.500244428069209	5
18.191125752494358	12.780097789159644	5
15.99266717045364	12.536041384025093	5
17.34712407961711	10.755068083476923	5
16.814495919191273	11.620730996527115	5
16.463675761921408	9.938381158815874	5
17.29479650175447	13.492750923577953	5
17.98738314342498	10.01621668540358	5
16.315275442735775	11.15127430866184	5
16.198794582251352	10.982919713245014	5
17.168592282642667	10.735783517231376	5
15.595907297891085	12.266756990964199	5
15.697374052006301	11.875197676204527	5
15.88130809176379	13.204076324315157	5
16.096118268051676	12.992819266773973	5
17.07175207741919	8.468081528746108	5
17.705435776874864	13.285041217717335	5
14.952289165222005	11.832713014946496	5
18.49206880801633	10.650950297544636	5
18.014040649178597	10.592924927796915	5
15.243723551079208	12.010569362060412	5
16.100918048979942	12.115083440482975	5
18.122238564436795	12.931298350784727	5
15.893245036611772	12.492709216219874	5
16.686475059622584	12.15557488965074	5
16.7911320965047	10.534368946769565	5
16.180414581835894	12.976741421301643	5
16.718734329342404	10.825366155154496	5
18.95884099586533	11.63472109330068	5
18.257082432831368	12.05352531895411	5
15.503138289489243	11.44714290483957	5
17.383967164876914	10.622884844971217	5
17.22911804989891	11.559407086167994	5
15.632328819931736	12.241886045640207	5
15.930736548330547	13.078295504955081	5
17.422686698480696	11.109065308587654	5
16.417145246429087	11.998195293634604	5
15.569278310043995	12.702342578910592	5
16.672223683309777	13.17039326412034	5
15.548541524250764	11.113619149254465	5
16.89909678034913	10.796907431224412	5
14.803049088126377	17.856836238116085	6
13.489078168826694	16.907558865375997	6
15.524037784886046	16.884211905480072	6
14.354470177950356	16.796804813427187	6
14.252035690909118	15.588550744973197	6
15.053572546393287	15.975748454175925	6
14.549120736518537	17.05654990915837	6
14.66013888312975	16.047028894886363	6
13.216632057905942	15.90294619705563	6
14.738914891882056	15.95217612859746	6
14.709179205216692	16.526467812884693	6
13.187313009863075	17.13635164061574	6
15.920243765804855	18.158235654894256	6
13.037454821009014	16.3777100900979	6
14.13458492930317	19.794843195762677	6
15.288656824911758	17.852328107958844	6
11.898780926526653	16.84599467743258	6
12.58176237645306	16.63458847156964	6
13.9592684258925	16.948305904830992	6
14.683953096408787	16.629188044047638	6
14.835064848934106	16.679915429031315	6
13.35232761019479	16.39544061735105	6
16.15434519544292	16.73740789219493	6
13.606404058580111	17.60847957398528	6
14.186698189035589	16.778233133369664	6
14.459263606993858	18.56379792922292	6
13.699846146716705	15.7395422232457	6
12.86201968393501	17.161711662108804	6
13.842133432375466	15.840790929283344	6
13.690667946078536	18.067764505764984	6
13.655004197245535	16.3576100312186	6
11.761289798070406	16.739134033208295	6
14.64341930891078	15.838122659119671	6
14.026555904399997	18.019368801128884	6
11.919856212354723	16.2019602398152	6
14.099299508048004	17.68646610812834	6
13.103066403072189	18.961438356304168	6
14.69215453696129	15.3369346452487	6
12.277307062557531	16.464896861130892	6
12.97231560455319	18.254809084438858	6
14.543535516166914	17.356895060420154	6
13.162473454640148	17.32798082004428	6
15.505683655692854	17.618929377237222	6
11.84980926154833	15.154757873350293	6
15.518880833682864	16.788484869783225	6
14.445026446368502	18.49516982472108	6
11.338580372094198	15.11194622177193	6
13.208126866755755	16.815255463426194	6
13.47194966793805	16.815716392569442	6
13.885004804887561	17.844903589099463	6
13.360490899112463	16.44624601325386	6
15.073098894468497	17.97993980093795	6
12.120979799907868	15.312718035705313	6
14.598382201317893	16.16358988291214	6
13.296072855436277	16.173507719250615	6
13.950383369112476	15.600209686018612	6
13.126558799964615	15.617898109818663	6
13.724451832504013	17.02092902040632	6
15.99416322096078	17.433235853653112	6
13.066355496475987	18.388489562523162	6
13.99956150348407	17.28006274156406	6
13.815623513967251	16.319473089306616	6
12.118294272118417	17.79765213817526	6
13.846078491735785	17.66606446896333	6
16.21861143331013	15.764638935496045	6
15.414068976577932	17.111155034671793	6
14.671596870421686	16.027204849731216	6
14.726441035550456	15.715339011723495	6
12.871766557377107	14.281379299289187	6
12.768066254374702	16.901873863211456	6
15.437545388282611	16.030648118532064	6
15.054558183011267	16.283517824458826	6
14.437660925530837	18.050671960833167	6
15.863655421869142	15.270047379669233	6
14.067279646998601	16.638963316354534	6
13.075389268582155	16.586738301383974	6
13.329903313540555	16.24330886565867	6
15.39773034126844	18.2497289339731	6
13.429720760621834	16.93665589260228	6
13.454484660924068	16.9801899075737	6
14.246905203963461	15.907093101039168	6
12.309646690725803	17.008536304736204	6
14.155738518042634	18.850878383318765	6
14.730220051933333	18.14879696829181	6
12.563579499553667	18.208492389332733	6
12.804075627493235	17.642672899205593	6
12.705094234929298	17.620677114644824	6
13.173038738259871	16.67319434239552	6
14.338017760951574	17.478094693897262	6
15.251811703983062	17.737392933082813	6
12.904231995226686	15.406315735838245	6
14.079622841548002	16.998902720985186	6
15.251133849592605	16.67321193399489	6
14.543744636197829	16.647255263970063	6
13.476885358641269	18.04430028827787	6
14.183750276150155	17.02875576356586	6
14.298125240151995	18.209459325066774	6
12.745000591850822	16.516373188634457	6
13.832362952258965	18.256957813808874	6
14.303073845547452	17.774365107463765	6
13.78377888351154	16.32851607309909	6
13.33356928219267	16.53699280368014	6
14.252961728843589	16.61425465561024	6
14.27176778255995	15.845741426453033	6
13.683993876830403	15.04802701300086	6
13.81157196688754	16.79438761440632	6
14.636738757235454	17.259767245354375	6
14.714447738888527	16.324285548161704	6
13.15314047767528	17.809046956714447	6
14.875670927247763	18.27947975396902	6
16.005097319984273	17.166961622192243	6
13.561881791339971	16.64575721992636	6
13.995302281741825	16.228247186867655	6
13.296007044015235	16.988917816576606	6
13.617942954017524	17.427613110558205	6
14.462838173928894	16.729041976183613	6
13.685904825315415	16.51969328994231	6
13.737116054692422	17.916562384299155	6
13.792791734570086	16.769211640080453	6
14.772368996040374	15.842341320850712	6
13.999391909983746	17.567954289942094	6
13.037344646147847	15.30026255691266	6
14.632138789875192	18.082795152726977	6
14.615614736727432	17.598055600270275	6
13.077810513110926	16.545135259585255	6
13.460590981862333	18.13880278783302	6
12.542727843508215	16.0876363221254	6
13.682311780625303	16.561413041822924	6
15.08388359286971	18.21363853048749	6
13.901101279595261	14.986949561221271	6
13.646035368405737	17.272435674400974	6
14.51542589978534	17.846089664031876	6
15.993783973352453	17.056924552168798	6
14.549890838133159	19.253057627721176	6
13.040329678263861	17.472818345899622	6
13.05326059728266	17.454477793135784	6
13.158178055012556	17.286097628835538	6
13.318713948824852	17.929432126671493	6
13.091664621178808	17.511052559700737	6
15.321861848977345	15.90322623260002	6
14.364665063802505	17.038914358652374	6
13.847444281581245	17.44563437964955	6
14.465950858983838	16.301677164874768	6
13.993253986322102	16.084543777696283	6
14.798588619477892	17.810581794122413	6
12.916343719566328	16.639657993536158	6
12.67467286876409	16.38613711961036	6
15.416731381282506	18.03533204702655	6
13.505053036080263	16.27648842352684	6
13.024634246455504	17.056910742639495	6
14.091486676701845	14.095684045115283	6
13.575105469049971	16.992657153751683	6
13.397272668332914	15.766852369377641	6
13.31185509292688	16.38088814645974	6
14.115298027302604	16.262612976179955	6
12.800250451974563	17.18926175982797	6
12.740066997647897	16.185825221318797	6
12.468931753027455	17.29756774865702	6
12.988294167707766	16.054359299715745	6
16.051737085660225	17.406546232464834	6
14.325677054182592	17.845719843043113	6
15.145477921105238	17.982769256690865	6
13.07805533792137	16.315723369665484	6
14.091996709264896	16.58943289828616	6
14.56530364797546	17.25792155857595	6
16.91449708709836	16.860244577281854	6
12.067754888854404	15.890336940779596	6
13.262475318400295	16.61195553425837	6
14.64557739006235	16.039836905952374	6
15.72678389546139	17.30976870602812	6
13.579265929493317	17.236139976372737	6
13.548918197494723	17.696049576111346	6
12.733909648703369	16.924972757322056	6
14.572352290363051	17.00652780469437	6
15.078444160373518	19.11513728799839	6
13.975185968446516	16.36878378792211	6
12.96716985911846	16.319035461323573	6
15.45700868556069	15.676420501820433	6
13.531139272591801	18.931798656566027	6
13.933089851780133	18.010677440135265	6
14.609341651979593	16.25638250063123	6
15.68885946880805	19.874141915283815	6
14.462225958680545	15.86612129722168	6
14.107851217944813	17.10642651212972	6
14.334692640326905	16.895890951483604	6
14.226453237659655	16.991019440683935	6
14.989440240679603	16.190142887220627	6
14.333542327491154	17.09388106044997	6
13.813986730246958	17.69652545094404	6
13.242327838473637	15.866846671789347	6
14.224420331559621	15.784173164809689	6
12.662469647036572	15.987551697789081	6
14.625785946343795	17.569474312063218	6
13.305076701116876	17.077295474299866	6
13.800661537745603	17.358779928974805	6
12.985491651841436	18.098337560134063	6
14.610452234690602	16.4710723367161	6
14.588909398005043	17.52138381759608	6
13.672699191751661	17.78131468341825	6
14.130450014155137	18.492566157652476	6
-8.477442039375841	17.2592379863205	7
-9.106737287639504	17.10824867730697	7
-9.152262253263757	19.999015794684293	7
-8.881788500190552	17.55463728665802	7
-8.735212279834544	17.42687986316694	7
-10.22311045366242	20.51420598712303	7
-9.187211284419105	17.5826856581929	7
-9.217903272682772	19.052404834516928	7
-8.662682871504996	16.716250191052165	7
-10.747640440893548	15.744547886151773	7
-8.891276556202008	17.569822827942833	7
-8.505460765446923	17.509175932123192	7
-8.490996849063032	17.666665634708913	7
-8.909436514384597	17.40953763930157	7
-9.589584197917878	18.666880963228508	7
-10.269468503335863	19.372814999644397	7
-9.709913272392676	18.292551687237395	7
-9.551470492925302	17.930479580290584	7
-6.680272050627977	18.308115868422124	7
-9.581547229047372	19.37046146539718	7
-9.207002361839427	19.69781079420386	7
-10.421035845704703	17.467410335061178	7
-7.792249019773979	18.10045090542523	7
-10.385829672608331	17.01108678440857	7
-8.142774780061476	17.11592695357461	7
-9.884407366767304	17.719658764363444	7
-10.53333764353783	17.84701250047139	7
-9.236039104290475	16.994090651203404	7
-6.877095844167231	19.197797470598708	7
-8.885871035144739	17.78389972724233	7
-9.094826616620685	17.974434497003998	7
-8.886881529153294	16.28278215667826	7
-8.924592665063006	19.285555074137683	7
-8.464522451751424	18.3641208427758	7
-6.622154177141801	17.339051183714897	7
-9.0545157202768	18.151349475032543	7
-7.762102888512139	17.89361833113356	7
-9.210217857458419	16.421417115154725	7
-10.185046836080106	18.223079667015565	7
-7.996913515974301	18.175575893624153	7
-8.89544016294688	18.132555781036	7
-9.397385462066751	16.93605184421382	7
-9.438627996629794	16.248505890047273	7
-9.165034354139909	17.889860471679842	7
-7.709282548898759	17.404315276583223	7
-10.444978379728264	17.50565428912295	7
-7.665786779049947	17.60301880968976	7
-8.282560377142646	17.30559242939257	7
-7.7193622634204715	18.27646327448918	7
-9.437015323267392	18.233262228157837	7
-9.938976966332724	19.03322453443631	7
-9.061968705271495	18.06818795011371	7
-8.364656416691508	17.34772601037883	7
-8.723836072048881	18.36714951439365	7
-7.478632146125862	17.018466452241743	7
-8.480426687562167	18.983765566085033	7
-8.462990399237698	17.410181031367333	7
-7.98324572810631	16.16233329229966	7
-8.219868390235195	18.295570634289064	7
-9.508369712840626	20.017141860795448	7
-7.694597565201411	17.876155288664247	7
-9.975373338639692	16.79042980296329	7
-8.408303455448232	18.713899404095155	7
-8.93316895590847	18.005246018944362	7
-9.023541499325013	17.472113996283454	7
-8.507695072297794	18.26067103233638	7
-8.853957572461946	18.69127532000172	7
-6.5080998257045195	16.458113251174403	7
-10.604446576219704	17.972276262596935	7
-10.517353559517924	19.83548024020209	7
-8.279534801996359	17.492857846715737	7
-8.829228271005162	18.475855972813093	7
-10.181717310163258	17.348446909516014	7
-10.974863773777045	19.154551461139768	7
-10.391273179013867	17.85754058699669	7
-9.316302808374527	16.78052313725845	7
-8.706526764511347	19.96997780802887	7
-9.559979055504185	17.451945322894538	7
-8.385738064513564	17.876735637997054	7
-9.509719896538716	17.085533493840952	7
-7.914871634987133	19.177370461381035	7
-9.564305967858216	17.12482958879471	7
-8.549773903684386	17.86127684267028	7
-9.036242684983282	18.649525645129945	7
-10.438249832497625	18.276686694500796	7
-8.85405668548787	18.407546849480912	7
-9.445580122067426	18.513792343804734	7
-9.624717651832164	18.63519838774906	7
-8.710471649332955	19.422313192320555	7
-8.540275123536489	18.513116871446137	7
-9.731426547925247	18.434239978507406	7
-7.929682060382916	17.065600841077572	7
-9.865267389549881	17.66237747534385	7
-9.745604839838233	18.691051526175567	7
-8.403019177327037	16.7126465003905	7
-9.377819154911673	18.19412839096716	7
-9.481402545022076	16.20655276332509	7
-8.237187464177513	17.66128395006167	7
-9.284678792241415	17.14927190796688	7
-9.370529771293915	19.62511406253293	7
-8.212843761759757	19.266061679540933	7
-10.033963059081096	18.897691799842125	7
-7.447509688086326	17.34654740344527	7
-8.567503026003711	17.764451966998127	7
-10.427395896417387	17.665802887425453	7
-7.914387789107642	17.483377357002308	7
-10.260049796936922	18.46891340946539	7
-10.395551421095869	18.918891367258325	7
-8.052225784756857	16.841152826016444	7
-9.71130404463791	17.8586559070591	7
-9.0227260073307	19.412027846426444	7
-9.97008351499531	17.00254457106536	7
-9.490853313484843	17.151317158775875	7
-8.594591023835582	17.46367505847591	7
-9.953289154373083	16.488873515099645	7
-10.153738669028755	18.691820457172156	7
-8.9599135847974	19.525827039437125	7
-8.145513501843542	20.267091616671188	7
-8.195881863659684	15.828961330845502	7
-6.561876546600807	16.748155424315645	7
-9.126040322322666	18.206735954674876	7
-9.4153718251236	19.353362173456574	7
-9.158240301909029	19.180786287629804	7
-7.541058200145369	18.33018157646162	7
-8.953912518487844	18.565742353854187	7
-9.61101555960567	18.43564725507331	7
-9.151067967532942	16.333275408128937	7
-9.756384613142608	18.264802852761203	7
-8.862130484701483	19.348962208147586	7
-7.520573497397971	16.899146963222286	7
-9.025893518348356	19.80560945717735	7
-8.642449996155735	17.127082402538516	7
-8.770846815579505	16.29185545592887	7
-7.63928688699435	18.95514336680446	7
-8.525660496902955	18.70118996603755	7
-9.730900786372935	16.544292677503908	7
-9.605347032911656	17.824272653762147	7
-8.908378265556102	17.540191857332466	7
-8.500279398746052	18.44752263109756	7
-9.843633274941654	17.899103377233814	7
-10.036250673005119	18.176704611632438	7
-8.227303962307522	17.375689235477793	7
-9.9305795572971	19.15122174496712	7
-9.404594882089167	19.42621941602931	7
-10.782731320307619	17.78956810038149	7
-9.329508362820636	17.923044727905715	7
-9.598004427542268	18.669420357066418	7
-10.130117055843781	18.97747557091426	7
-9.393777175811532	16.248238859536603	7
-8.937081837837605	17.65050559065959	7
-9.112860305675596	17.86412842667965	7
-8.716914705241011	18.04816443391156	7
-8.651108177383797	17.865850966120046	7
-9.314653453904263	17.238580245194417	7
-9.235847744669773	17.681825531296916	7
-8.423629937886794	18.671203526823348	7
-8.869702601940812	16.79442276549126	7
-10.73055097167122	20.13711823545045	7
-10.167845944497406	20.186056192830577	7
-8.595434344724495	17.70000715209213	7
-7.76461460329765	17.647842448228708	7
-10.250556548686854	19.314961950485685	7
-9.32365000155946	17.693273541604263	7
-8.907252426541667	19.209799526434306	7
-8.919811040133228	19.49202660277033	7
-8.988984800970723	16.404786192519666	7
-7.517801330867791	17.05872762887269	7
-10.055066660942229	18.616758423983015	7
-10.195574242662175	16.69570980998128	7
-7.89497722570273	17.30052801073722	7
-8.803742050646052	18.039741927175275	7
-8.221068923453199	18.418206191860833	7
-9.108610181008263	18.302518425268158	7
-10.618145947349877	17.33493845726964	7
-8.70263927378049	18.94316333502284	7
-7.894134249361999	18.80107826526356	7
-10.726926522182485	17.79855876563288	7
-9.301170109183966	18.27908452276886	7
-7.457490029180784	17.519815952049868	7
-9.29006645798424	17.782124252712972	7
-9.509652544200392	16.857951841889715	7
-8.658612425863403	20.504873720723516	7
-8.843821554495582	17.235355301195405	7
-9.326015797102022	17.464246959711282	7
-8.533496193862046	18.299758304362157	7
-8.813582444066897	17.10645195186927	7
-8.63728623386251	17.994269980168447	7
-9.584869829029167	17.5319225276173	7
-8.908971046144346	16.898569313537145	7
-9.101009334368019	16.897644989832795	7
-9.518882345008722	17.911117459841478	7
-7.677137713500575	17.914480860141175	7
-8.721320386336105	18.01134527326437	7
-9.667423682054759	18.396552952540848	7
-8.595480073099804	17.643558795168918	7
-8.580632172191882	16.05759766568348	7
-8.065629581030983	16.55491941587597	7
-9.977506264137906	15.526629936034933	7
-8.090816149488484	17.219236518116496	7
-8.088765024663342	17.595105864313243	7
-5.416138087999473	22.32606430876224	8
-5.111534593355311	21.60170672249215	8
-5.975666928120567	21.644515655652814	8
-4.099896750391323	21.673289418754784	8
-4.823678707911476	23.16110232150431	8
-5.436893697262532	21.429902925668003	8
-5.063030600277784	21.879430424782456	8
-4.164305072310034	19.888636325143853	8
-5.063152957619882	21.033075453975922	8
-7.0552333463340275	21.0256276556135	8
-6.036791871160271	20.838046251153017	8
-4.456265748211557	22.4333621701121	8
-5.985281073413309	20.96975291921719	8
-3.183084593963559	22.17629193537893	8
-6.115466807251106	21.629124168069957	8
-5.3318716381531654	21.426844649423437	8
-5.8561115529615995	21.993612980774383	8
-6.568622175809722	21.77001207329308	8
-5.20077080206518	22.16762352203515	8
-5.923660815803022	21.153427982987044	8
-6.072886021656558	22.616333569222704	8
-5.836322813286435	21.082201357837278	8
-4.6164515766262735	20.5142962945796	8
-6.984730893584525	21.190792955604515	8
-4.641846046479498	21.873832885093453	8
-6.6298219780718295	20.094939449209804	8
-5.2053045555547035	22.444096158553258	8
-4.671142740266238	21.70217523382202	8
-4.946928067617858	21.336469088065048	8
-5.179038931915626	20.768814917753108	8
-5.411882916402867	21.49908949929685	8
-4.448823053047295	21.025419243877334	8
-4.601306030934345	22.554296677495156	8
-4.728476730730278	21.726586900997173	8
-5.211426145201811	21.876949675498125	8
-5.0214021272578995	23.042754447063576	8
-5.732452350377261	21.505378465026066	8
-6.041971837327515	18.584315440089043	8
-6.406131068571031	20.879389935668655	8
-4.373348871483623	20.847390474477944	8
-4.977826750741327	20.03842273727127	8
-3.3508705369884515	20.855379982473213	8
-6.565986862365447	21.527176211921624	8
-5.574120847413385	21.063407909874776	8
-6.307855278139053	21.538561375019835	8
-5.687957506372825	21.312109839430626	8
-5.940645037574825	22.37382610210247	8
-5.514904826653657	19.638754994261987	8
-5.363318013597759	21.569684977439476	8
-5.61018687749506	22.676850283760416	8
-6.827413561592561	22.62080987483667	8
-6.183408950953638	21.577327539166493	8
-6.107548516932731	22.60562302184826	8
-4.885067416348674	21.605509679707083	8
-2.6855728238638004	21.928417184780837	8
-4.256613232868225	21.638042853319853	8
-6.2050869658035435	20.802335621459854	8
-5.9707648273849685	20.743161006763025	8
-7.517961352329357	20.410620814570088	8
-6.0409092021324495	21.49225257604697	8
-4.976829089957305	22.579588537865682	8
-6.5618589587256615	21.721500172781024	8
-4.350358938179022	21.943000011700125	8
-5.808546304835862	21.947674829220066	8
-5.714647550817692	22.03878950940988	8
-4.7057662665274105	21.998337373478872	8
-7.165172121226752	22.06981381454753	8
-2.743534375829015	22.151498673073174	8
-4.270592987971939	21.18255736559925	8
-4.4688335313291	21.48039437023516	8
-6.288123491965636	22.566315111776202	8
-5.457733679128578	21.159449377147293	8
-2.7180713566589323	23.53867728181418	8
-7.1609106231155	20.4304254591728	8
-4.145383028826412	22.1356160454176	8
-6.489809447026143	21.010053786975377	8
-4.2083742507496344	22.92136845218244	8
-4.994703206820271	21.723853631544426	8
-5.215704047467985	21.62269462682513	8
-5.080343071184587	20.92812160390324	8
-4.5712732145980395	22.509635774290874	8
-5.312583176769474	22.078049262702443	8
-3.7377482847845247	19.180062647076895	8
-5.486376038311647	21.615807911771164	8
-4.792748550014564	21.8326310839964	8
-5.098317342352315	23.02529703286372	8
-4.728186342175275	22.48112580874188	8
-3.2820850080762254	22.477776203627784	8
-6.575239283880045	21.710925740410143	8
-5.790210630038932	22.245616838654332	8
-5.105190882403709	21.080271220283425	8
-4.746776131790967	21.643000452985195	8
-5.279129195514723	21.804374969308547	8
-5.677882106140909	21.2558489105298	8
-5.34072238201162	18.94686841903253	8
-6.162072404274289	21.53079004028546	8
-5.036902360893763	21.786823780492405	8
-5.994925833277411	20.802583896208763	8
-3.1471792603733015	22.431259000396565	8
-5.520289300286583	22.378802825880964	8
-5.138489077180444	22.353968915966647	8
-5.321871781013724	22.118260083142562	8
-5.679701616837285	20.574318471955394	8
-6.073122576379159	23.13305823890121	8
-4.994529065962593	21.99054245477942	8
-6.22103427570394	21.109775248008706	8
-5.711776460784784	21.80918587921185	8
-6.686832038936921	21.67169148295217	8
-4.1612133458387675	20.895933235737143	8
-6.711334748194387	23.002369396479153	8
-6.550146423705255	20.820861493461898	8
-4.501094591871966	20.504680089686545	8
-4.045604858866192	22.587060506701455	8
-6.0401282043927385	21.623156640965366	8
-4.381982899427088	22.97241752663114	8
-4.500013165986231	21.572282069636834	8
-5.450225633990853	22.25805433615778	8
-5.257954093971337	22.434955417204126	8
-3.9385134518027964	22.23284932595488	8
-7.580521390601235	23.27933552287362	8
-6.404316186282025	21.071217637962327	8
-4.745261314403302	21.063956188014743	8
-4.842941101519354	22.134614619254645	8
-6.740542841547167	20.746007159508114	8
-6.103982569690278	21.55968911213103	8
-5.909011967993994	20.383180565500606	8
-4.412896682111104	21.058946516245697	8
-6.575799349866379	20.5959044027392	8
-3.7071463960927304	21.395678128249408	8
-6.725609838682106	20.86365755907177	8
-5.122801267825869	19.090971399091472	8
-5.793984901834214	23.76671393733166	8
-4.162466653399784	22.107085549609167	8
-5.402979400165477	22.10960625432132	8
-5.854427070676851	21.061695386429182	8
-5.134417290018016	20.316619499764062	8
-5.226471391884919	19.78211151450819	8
-7.359822811527529	22.71913670894821	8
-5.662887136812702	22.49446159903993	8
-3.7048471680178947	21.295662643491006	8
-4.142417427732677	20.98546126810392	8
-6.306699726074096	22.149272042443066	8
-4.760147266300835	23.462320659241957	8
-3.4063495140816764	21.59037422997158	8
-5.830951225717436	20.306730467564698	8
-3.7816975654477583	21.624275236541948	8
-4.710090028409669	20.463277476526326	8
-4.194990603798106	21.124202913247984	8
-1.782717345161125	19.871249423451403	8
-3.998467573818581	22.598948611600555	8
-4.378781591534911	24.39987454178555	8
-7.791517924431298	20.942937205002004	8
-4.62818142372768	21.804591933769256	8
-4.276792001834469	22.754881826223475	8
-7.110986913347851	19.605381734516282	8
-5.208369097515621	23.67516249510461	8
-6.088160869636518	22.098781310790766	8
-5.5730069930089465	21.800810026474316	8
-6.493233450864023	21.64979422149788	8
-4.289503736550366	23.56288006605071	8
-3.8741019044161407	21.37862536248036	8
-5.085955277682323	23.775792332319227	8
-5.434768886365536	20.837199246352906	8
-4.344306026247166	23.338594222419882	8
-4.905527310871663	20.09979487148921	8
-6.361294567600458	20.466822077456342	8
-6.406528078842066	21.253550264315415	8
-6.010468061788502	20.66132354502856	8
-3.985524758724362	20.52037304646234	8
-6.916067257805037	22.62884725778505	8
-4.817391397871429	22.56052777674438	8
-5.7449862244355225	21.360206287587165	8
-5.5732163955256775	20.296579375532684	8
-3.887028806838491	22.19520086935684	8
-6.783272212040886	20.48077594956445	8
-5.946266185479781	21.017520463117865	8
-6.1941161596163985	20.817552581513322	8
-7.2130931768743505	21.846082137372253	8
-5.598332003968119	22.762558730226694	8
-5.138471473868471	20.906652369659724	8
-3.544773251488185	21.81077544764286	8
-5.218929652676016	20.677342496550146	8
-5.781989724081566	19.647166710894005	8
-6.988173727666718	20.00365550792792	8
-4.656288761242193	23.513855541721004	8
-4.22058347527763	21.51912298495319	8
-5.193844073368076	21.98647187657396	8
-4.985435749287271	21.709913115911853	8
-6.312834248127395	22.66710038205054	8
-5.982733604245434	20.41861722820117	8
-5.127570308279009	20.313842633834394	8
-3.2453588841850194	20.573798628852646	8
-4.830826113382374	21.103527669957597	8
-6.811441481689859	20.50601428380319	8
-3.8743293027007764	19.868357259848526	8
-5.238802013478511	23.180752933280466	8
-5.731222608061831	22.35100294488634	8
-5.120215232020565	21.00719173845172	8
-4.2561102726037845	22.62538464102615	8
-4.451507297246712	22.30843867469961	8
-5.429701348202904	16.66750919960751	9
-6.1774328894428585	16.75122663768574	9
-6.334728474098023	15.586636352133084	9
-5.585240937217997	16.12750494817015	9
-7.240006954292578	16.071468339106552	9
-5.127632010287412	18.027912845854082	9
-5.340548924861846	17.01261817391351	9
-3.443343568619131	16.71116649250153	9
-5.740702195902131	15.915364781228561	9
-5.798222061124964	14.102975526605432	9
-4.149689889189239	16.123883541130795	9
-5.388493217757436	15.611824014988445	9
-4.501448703581146	15.379460532062554	9
-3.199563341806293	15.986784829036662	9
-5.577081357874923	16.52663987037124	9
-5.43104441833904	14.146505648388866	9
-6.708611970223991	16.158941854299066	9
-4.098997244411119	15.78966196308843	9
-5.086690344955799	17.03167239633919	9
-4.415790065891682	16.95922326056068	9
-6.046095940919219	16.264843553034854	9
-4.336633312733337	16.50558313972354	9
-3.618999346655232	17.526090190566528	9
-4.95081712835708	16.111729020187557	9
-5.579319024852934	16.13460431100853	9
-2.8444878467767016	15.606622781565427	9
-6.109787560919485	16.090319215380568	9
-5.355603868937077	17.19992267796851	9
-2.176412202550096	17.017081470612705	9
-3.598895017720132	16.18690662948856	9
-5.010355591322556	17.114030648391573	9
-5.2601966973617555	14.545458356856876	9
-4.849828852471501	15.945355830242978	9
-4.719395931290976	15.280185149157694	9
-4.069753778638757	15.409725933201015	9
-4.014160709717774	15.06517948864364	9
-6.091504854481111	14.568552939143204	9
-4.213368994918289	17.26114865336582	9
-7.056396267373189	17.561916518743917	9
-6.2251953712439105	15.617464719498882	9
-4.358752315567694	13.692525812395916	9
-2.5011531746471536	15.250440276429815	9
-4.59893582547331	17.612490897151293	9
-3.9940265644977684	15.612380537546976	9
-4.989100336749471	16.703323635196078	9
-5.489369102713443	15.881749139044507	9
-5.668410785709141	15.7428078407896	9
-4.903059283928263	15.721779831895295	9
-4.348397016144638	17.553504662770894	9
-4.725756680598897	18.012346365609922	9
-5.483132570604281	15.144704873122063	9
-2.828022798973972	15.534406634049233	9
-4.930936879343301	15.667433389654128	9
-5.2034969903628365	15.830600400841863	9
-4.798563014467201	15.379829434008984	9
-5.9035267224552435	16.253440949937843	9
-3.5971231311169336	14.762839102332034	9
-5.083258039062488	16.76942148648191	9
-4.189176217589655	15.822860680732816	9
-7.263033892404187	15.335984545450104	9
-5.854439804489957	16.759854151695105	9
-4.143403881673871	15.381655438178724	9
-5.519394147542388	15.546992221891381	9
-5.587814221460721	16.319407540927646	9
-5.192043985874103	17.28367939920212	9
-4.596599800940352	16.552798488074842	9
-5.786231633609266	15.46068781057698	9
-3.509389266047804	17.21806193779804	9
-5.35774806211945	16.70088176946157	9
-5.269515653165323	14.89689943632734	9
-4.138257348684536	15.934572094511275	9
-7.41569778795188	16.714517540526113	9
-3.647418770150903	16.29830204820805	9
-4.2847046369125	15.643279863371696	9
-4.296381595320007	15.862532161620207	9
-5.579907289087212	15.397012154619771	9
-6.517363394297052	15.667038755588772	9
-3.726958890488245	16.209278388801657	9
-5.787295893205301	16.04284971856115	9
-4.033611392730389	14.60749988846658	9
-5.101070035578362	16.806898878736774	9
-6.295696758226241	16.068758317797215	9
-4.407548179576236	16.61927737752016	9
-6.176760775292409	16.095625497474224	9
-5.958271597261331	16.972953734045007	9
-5.451582017466545	15.847590029498454	9
-4.912092729353147	15.83856941118522	9
-4.760953954244439	17.237260095422506	9
-3.689611022478078	14.082486181112614	9
-5.25048058398447	15.71933829298073	9
-4.555353595603293	14.77247054291064	9
-4.567057770445335	16.800327500661826	9
-6.051966814744786	14.851921998747608	9
-5.12990522649792	14.952366900763694	9
-4.0533617156385855	16.345051754750966	9
-6.60893369911354	15.109782394001384	9
-5.633920794369442	16.654934277022328	9
-4.970299441940818	15.566606535696641	9
-5.129300847677593	14.469539372175825	9
-4.6775079987931925	17.11678389621154	9
-6.618725244080712	16.25941809709898	9
-6.350530350178086	16.79753084495342	9
-3.747858178626121	14.41980897700251	9
-4.892644646841231	16.9472953259415	9
-5.231873791304954	15.90596485038057	9
-5.3214706296687035	16.35490157754448	9
-3.418581610830465	14.446123475544972	9
-4.768412900828987	16.415034857642723	9
-3.838116406042637	16.073603818643303	9
-5.211266020814273	15.597594627836234	9
-4.7945985458076334	16.25911741158102	9
-5.222566346978059	16.604772418760398	9
-5.035966131599831	16.317338299208068	9
-5.6822089747603215	14.470360407265465	9
-7.144378255829519	14.801184176991425	9
-4.235456582555388	17.18445274270042	9
-5.034702318851561	16.49430303703778	9
-5.023729433921953	15.8832166679118	9
-5.207899857427456	15.988126834855441	9
-4.4567504110017575	16.035113484414403	9
-5.874882536001175	16.033259108793583	9
-5.681291425760947	14.696927820819225	9
-5.108906415244045	15.944930091678449	9
-4.842618129332516	15.276405514479762	9
-5.8432001512107945	16.617433676263403	9
-6.136540283691542	13.606607220610007	9
-5.524395323888392	16.89575111246505	9
-6.404133842069495	16.234053379647168	9
-3.5846402044638905	14.912509135652474	9
-5.257165959248604	15.76500665076356	9
-5.15924431132794	16.84435712766084	9
-4.7955746934983905	16.01701301707459	9
-6.336106145482782	16.203773647496597	9
-6.488896820781266	16.44633572505852	9
-4.438348039438415	17.776313099019173	9
-4.213799216488626	15.95319531241118	9
-3.16339570860333	15.649746966942438	9
-3.403142924401563	17.00578599147578	9
-5.602609324689498	15.303771928755967	9
-6.466967559176938	16.904180055969842	9
-4.414108634826262	14.980832463331318	9
-5.227484359081798	16.98149276327694	9
-5.2393390873832395	16.266105928480595	9
-6.364227775962455	16.746511048568774	9
-5.865328364130424	17.12794953940524	9
-4.503204840252803	16.008240721635925	9
-7.147204623531987	14.050469741649351	9
-4.355274907017679	16.232222300900883	9
-4.979293419138315	16.14297776369219	9
-3.7784310616771526	13.924634274175139	9
-3.8827804771683265	14.335836838456705	9
-3.6732503386789706	17.413307980646245	9
-3.3203291476263743	14.840275467681877	9
-5.550968390356655	16.11184194102463	9
-5.244781411428394	15.90738989011678	9
-5.324022452595975	15.185873552900686	9
-5.969031270808472	15.570562456881069	9
-4.25834317640783	15.045088605621903	9
-4.903598017129169	15.317969921169823	9
-3.386090396043673	15.921197832038096	9
-4.660056012657884	16.18777763896493	9
-4.037159444070677	17.06198446637858	9
-3.6217025008948376	16.862937556586957	9
-3.935019523175242	16.731630705194565	9
-5.3392886195767115	15.142453748061298	9
-5.8694621307826065	17.547830766473435	9
-6.496195170273935	16.926332035191876	9
-3.6951698409878597	15.561512364353502	9
-4.467114749932005	16.795425119279717	9
-4.490882781356949	15.630042230822266	9
-5.330898624188888	16.56299388304135	9
-5.465322871919	16.752701088470328	9
-3.775234854172505	17.04041139972171	9
-5.250089812463044	14.59203165967751	9
-4.402777492544666	15.54736108201719	9
-4.945132172312965	16.59549708193926	9
-6.830411743314705	15.492929305315867	9
-6.795839731962534	15.800831628998075	9
-5.604686375940719	17.363982811595566	9
-5.447691606422153	16.211288880684847	9
-4.0993074485252405	15.42303890899136	9
-6.3120644226851885	15.631756582954532	9
-3.6912536562583584	14.902652267443834	9
-1.8621063372515612	16.789757376942674	9
-4.006781914488984	16.71005616081077	9
-3.9987787497750933	15.90420274150713	9
-3.0987824876838017	17.574042322548074	9
-4.857569485789727	16.40413548329811	9
-4.745333756053627	15.002254715526066	9
-4.71311353641325	14.87473519985025	9
-2.915280542544655	16.867399749981487	9
-3.800055103485014	15.615262492607572	9
-4.135818642730343	16.832139276028922	9
-4.396055869470874	16.505287667495516	9
-6.074564093579744	16.95525560358875	9
-6.398407037969141	16.856628635571738	9
-5.27901435463473	16.856213793218167	9
-5.3730126077862375	14.70190175504055	9
-4.6722367738749835	14.293280644045005	9
-4.666760492685336	16.857713426041848	9