6.921769459405606	2.6061734363410114	1
6.93235708771995	2.440805717747035	1
7.127370071771857	2.5047699907834566	1
6.782661428355061	2.467781235162351	1
6.835185649015244	2.463263815999288	1
6.7459961386529566	2.7549206764941667	1
6.664310154912354	2.6247986451038443	1
6.762040511528447	1.9020612108514765	1
6.321283332951316	2.1219838230107007	1
6.470390966429928	2.4362815387006647	1
6.776246630233421	2.670729498527819	1
6.870182514158896	2.37356013013172	1
6.732394569042146	2.806110372023385	1
6.953570774824792	2.2769925990172593	1
6.327853230862128	2.6129886234818858	1
6.742729797041388	2.805575946610537	1
6.689744876997543	2.4667662363683602	1
7.098680902390212	2.285730565256781	1
6.885505549305652	2.1527994962111627	1
6.684123940107602	2.7454249052115625	1
6.85122014502286	2.5173325590090156	1
6.457904226762277	2.3872579209635627	1
6.832846807531219	2.3682043298027984	1
7.092994246714231	2.2433267653288174	1
6.784846680697983	2.6142078317376742	1
6.49733946865625	2.7203600103219823	1
6.62392784035171	2.457901188888567	1
6.384204258264173	2.1503481507587763	1
7.301609432212091	2.147366691308883	1
6.605592554610469	2.319193033884629	1
6.949781713864601	2.5462906606262163	1
6.307657207551526	2.882341237891123	1
6.869539477447852	2.401499607837608	1
6.935031681756957	2.5343045576470518	1
6.61921038740973	2.495537963378287	1
7.097702698023754	2.3885381616024866	1
6.712535220117265	2.413224974861734	1
6.965509022692263	2.449234742253146	1
6.910224174888323	2.4560972321809755	1
6.643164343114693	2.7564454252341157	1
6.816591532069564	2.7000485766599156	1
6.789113089886689	2.3165383703043902	1
6.7614581414821995	2.498072577293413	1
6.708826496274507	2.6518512781230887	1
6.9411599315417964	2.345836800853604	1
6.693622225906231	2.558425881727689	1
7.546885922566522	1.8022254999384018	1
6.759501827330165	2.4763576109018177	1
7.00272355337799	2.0679668671534186	1
6.706088551074857	2.5916951303060833	1
6.608035180436831	2.4551024295521406	1
6.467474189609975	2.6303961627137453	1
6.371292339456897	2.2941619923868113	1
6.553599506116659	2.436463360537078	1
7.023037484386419	2.8816157954684796	1
6.712657875848896	2.6364640832795176	1
6.835793665958211	2.6339858684949835	1
6.735130579755448	2.1444009814124807	1
6.8549265094881795	2.5213214324740325	1
6.803004932542818	2.866967992651331	1
6.875080863403214	2.1673388653214714	1
6.768998999493514	2.3677700704329228	1
6.713514966919307	1.9608977934158083	1
6.5419008432817165	2.6403894635107648	1
6.543810157621157	2.4992354202490374	1
6.480283301618487	2.2419108157177274	1
6.665083585213811	2.1318304016682066	1
6.808322697674026	2.5579279263131207	1
7.069913861454831	2.42131989877163	1
7.10274223258573	2.226185917814653	1
6.326259445249471	2.3148462271146313	1
7.1112687924316536	2.4941513046223815	1
7.194526361251592	2.9750684158663763	1
6.875620813881787	2.300313819975331	1
6.803334773090198	2.2946989647438696	1
6.832980474946318	2.734809731081615	1
6.450155410562988	2.76288802888289	1
6.697546457277797	2.3605420326677864	1
6.450706044082703	2.5356751534759328	1
6.914417667811552	2.4419017272721875	1
6.870003328619009	2.770382158170051	1
6.59473494083036	2.926125541149723	1
5.837494138043656	2.388239322296277	1
6.45113713598257	3.1100837328172943	1
7.485578530113037	2.3119827447164454	1
6.634753895767248	2.3314752323225374	1
6.991167983582578	3.000959668412217	1
6.27617243152599	2.1873680195264464	1
7.080572626983236	2.5340152814597534	1
6.838911929315432	2.3105408034574433	1
6.506866207429031	2.3367183801313494	1
6.521060142767281	2.481559185775131	1
6.73960125178381	2.5623645418584284	1
6.981677975204997	2.429476012333001	1
6.780418389815286	2.7094598248407524	1
6.869848037101893	2.221625810428477	1
7.201301143392854	2.5807053513761904	1
6.554269397443847	3.0031075565131653	1
6.102807785492103	2.2321595751172714	1
6.718883322933647	2.4985463064083753	1
6.931263418244821	3.034758576903617	1
7.064136794665661	2.861612547868838	1
6.629111024661635	2.021861468361689	1
6.513572149045906	2.4942512437052424	1
6.249067384001159	3.136708043623418	1
7.359673517772801	2.305440407331449	1
6.608266286841118	2.328551175356268	1
6.525152259240125	2.2234023522185002	1
6.8243235220355976	2.3006501691066097	1
7.1002236540728365	3.0297890366622062	1
6.780926238514118	2.2859903771778236	1
6.984088603509498	2.2270234338770165	1
6.97215363923811	2.4684617928366914	1
6.837204677455341	2.1808358142823003	1
7.144071064789261	2.1074073738431864	1
6.53860631198298	2.282348704257613	1
6.522417775803353	2.8023933629134667	1
6.937160179106165	2.4905250960993124	1
6.906232222685039	2.313555680497632	1
6.97236695124727	2.8301111506310725	1
6.061340935172282	2.339258659465121	1
6.959531610775956	2.6537667270220777	1
6.522739353433553	2.4855627838018393	1
6.625867582734222	2.273950329138988	1
6.838690897265479	2.117111228088442	1
6.837815729791438	2.804885529814289	1
6.17963392154218	2.2070545199242773	1
6.784834608483804	2.4658372362419456	1
6.9567101490395595	3.1253436912675374	1
6.386478054807835	2.408094990294947	1
6.804836798019739	2.460122551180274	1
6.820589132493902	2.8032516423661464	1
6.437233880532146	2.3552356920627724	1
6.595378454682303	2.3921047024491897	1
6.444569061909565	2.5172873755976912	1
6.879511192361218	2.5235773718692953	1
7.159143069811261	2.501965568637398	1
6.511529997968952	2.3565855358147165	1
6.7920973113650165	2.281807142684183	1
7.253943340874984	2.614349127564019	1
6.296451193365031	2.6699117747406875	1
7.216121034439976	2.9697717648208557	1
6.281749578756247	2.1288982995141095	1
6.756825432598843	2.1494371244158383	1
6.4460471270180655	2.650560129324501	1
6.95338850770056	2.40091279440359	1
6.901341824482623	2.868174793570101	1
6.840230858673276	2.7186443006993732	1
6.751721842562421	2.4323022303410924	1
7.129176460034923	2.566829492964194	1
6.8474420868386225	2.3162737510167917	1
6.653417071746726	2.598039364703977	1
6.521088074519213	2.6406831273900506	1
6.7135792903103315	2.780345388656369	1
7.060064234336324	2.5660011312068907	1
6.544216845003962	1.9455841669470324	1
6.743445446197295	2.436475139972686	1
6.427224946777354	2.5651875760522893	1
6.948736288612654	2.7883114919401137	1
7.321484450618468	2.7586743614803453	1
6.7714682593672615	2.43695846388369	1
7.3484568650628725	2.154402149288911	1
6.9809685834197	2.1983755848430824	1
6.9896823222757005	2.5056141786541763	1
6.784856148615556	2.518422390246194	1
6.619753438639614	2.585670555706755	1
6.924974898554891	2.375984437950872	1
6.800305159656996	2.648591696218776	1
6.884639079860174	2.3872491376511475	1
7.01335195660973	2.632812378869678	1
6.883874665516079	2.3262877555500148	1
6.759088952379699	2.442229594114384	1
6.9078888231521045	2.5646919738910623	1
7.147855433416971	2.6900087670394766	1
7.184488735209383	2.8145319619065803	1
6.594787329647993	2.54514967144421	1
6.562386479261879	1.9845960025372473	1
7.066861365028721	2.5081576741493885	1
6.621615749656045	2.4092472027663208	1
6.359065059451486	2.2522425027321713	1
6.655914944114467	2.7514177387302263	1
6.784503797844052	2.4951503149222813	1
6.788496596643582	2.533350868676306	1
6.742441390589365	2.5870936620401053	1
6.859757345815125	2.4291188271788804	1
7.175416378996465	2.8238223495387778	1
6.858263021992826	2.4185747628593637	1
6.5412507127926585	2.243541434526148	1
6.95344027834175	2.4344565026788274	1
6.727544838876325	2.328439202817257	1
6.79988587179752	2.402381476670528	1
6.750314820954512	2.0839164160544055	1
6.47733592112411	2.565878146171643	1
6.5657267475010475	2.7051736049128645	1
6.616222391604211	2.483326098941855	1
6.760924112916339	2.2324329201941953	1
7.127265388427364	2.8039025432708966	1
6.786267277148905	2.465379475288042	1
7.042613045886533	2.594138138143768	1
7.305168778948864	2.6312226212700813	1
4.646123351286728	6.227408123609213	2
4.65882850526394	6.028966861296441	2
4.892844086126229	6.105723988940148	2
4.479193714026073	6.061337482194821	2
4.542222778818293	6.055916579199145	2
4.435195366383548	6.4059048117929995	2
4.337172185894825	6.249758374124613	2
4.454448613834137	5.382473453021771	2
3.9255399995415794	5.646380587612841	2
4.104469159715913	6.023537846440797	2
4.471495956280106	6.304875398233383	2
4.584219016990675	5.948272156158064	2
4.418873482850575	6.4673324464280615	2
4.684284929789751	5.832391118820711	2
3.9334238770345533	6.235586348178263	2
4.431275756449667	6.466691135932645	2
4.367693852397052	6.060119483642032	2
4.858417082868255	5.842876678308137	2
4.602606659166782	5.683359395453395	2
4.360948728129123	6.394509886253875	2
4.5614641740274315	6.120799070810818	2
4.089485072114732	5.964709505156275	2
4.539416169037463	5.941845195763358	2
4.851593096057077	5.791992118394581	2
4.4818160168375805	6.237049398085208	2
4.1368073623875	6.364432012386378	2
4.288713408422052	6.04948142666628	2
4.001045109917008	5.680417780910531	2
5.101931318654509	5.676840029570659	2
4.266711065532563	5.883031640661555	2
4.679738056637522	6.15554879275146	2
3.9091886490618313	6.558809485469347	2
4.583447372937423	5.981799529405129	2
4.6620380181083485	6.141165469176462	2
4.283052464891676	6.094645556053944	2
4.857243237628506	5.966245793922984	2
4.395042264140718	5.9958699698340805	2
4.698610827230716	6.0390816907037745	2
4.632269009865988	6.04731667861717	2
4.311797211737631	6.407734510280939	2
4.519909838483477	6.340058291991898	2
4.486935707864027	5.8798460443652685	2
4.453749769778639	6.097687092752095	2
4.390591795529408	6.282221533747705	2
4.669391917850156	5.915004161024324	2
4.372346671087477	6.170111058073227	2
5.396263107079827	5.262670599926082	2
4.451402192796198	6.0716291330821806	2
4.743268264053588	5.581560240584102	2
4.387306261289829	6.2100341563673	2
4.269642216524198	6.046122915462568	2
4.10096902753197	6.256475395256494	2
3.9855508073482766	5.852994390864173	2
4.204319407339991	6.023756032644493	2
4.767644981263704	6.557938954562175	2
4.395189451018675	6.263756899935421	2
4.542952399149853	6.26078304219398	2
4.422156695706538	5.673281177694976	2
4.565911811385815	6.125585718968838	2
4.503605919051382	6.540361591181597	2
4.590097036083858	5.700806638385766	2
4.462798799392217	5.941324084519507	2
4.396217960303169	5.45307735209897	2
4.19028101193806	6.268467356212917	2
4.192572189145388	6.099082504298845	2
4.1163399619421845	5.790292978861273	2
4.338100302256573	5.6581964820018475	2
4.509987237208831	6.169513511575745	2
4.823896633745798	6.005583878525956	2
4.863290679102876	5.771423101377583	2
3.9315113342993655	5.8778154725375575	2
4.8735225509179845	6.092981565546857	2
4.97343163350191	6.670082099039651	2
4.590744976658145	5.860376583970397	2
4.504001727708237	5.853638757692643	2
4.539576569935583	6.381771677297937	2
4.080186492675586	6.415465634659468	2
4.377055748733357	5.9326504392013435	2
4.080847252899243	6.142810184171119	2
4.637301201373863	6.030282072726624	2
4.584003994342811	6.424458589804061	2
4.253681928996432	6.611350649379667	2
3.344992965652387	5.965887186755531	2
4.0813645631790845	6.832100479380753	2
5.3226942361356455	5.874379293659734	2
4.301704674920698	5.8977702787870445	2
4.729401580299094	6.70115160209466	2
3.8714069178311883	5.724841623431735	2
4.836687152379883	6.140818337751703	2
4.546694315178518	5.872648964148931	2
4.148239448914837	5.904062056157619	2
4.165272171320737	6.077871022930157	2
4.427521502140572	6.174837450230114	2
4.718013570245997	6.015371214799601	2
4.476502067778344	6.351351789808903	2
4.583817644522273	5.765950972514172	2
4.981561372071425	6.196846421651428	2
4.205123276932617	6.7037290678157975	2
3.6633693425905234	5.778591490140725	2
4.402659987520377	6.09825556769005	2
4.657516101893785	6.74171029228434	2
4.816964153598794	6.533935057442605	2
4.294933229593963	5.5262337620340265	2
4.156286578855088	6.093101492446291	2
3.8388808608013907	6.864049652348101	2
5.171608221327362	5.866528488797739	2
4.269919544209342	5.8942614104275215	2
4.170182711088151	5.7680828226622	2
4.5291882264427175	5.8607802029279314	2
4.860268384887404	6.735746843994647	2
4.477111486216941	5.843188452613388	2
4.7209063242113976	5.772428120652419	2
4.706584367085733	6.062154151404029	2
4.544645612946409	5.71700297713876	2
4.9128852777471135	5.628888848611823	2
4.186327574379576	5.838818445109135	2
4.1669013309640235	6.46287203549616	2
4.664592214927398	6.088630115319175	2
4.6274786672220465	5.876266816597158	2
4.706840341496725	6.4961333807572865	2
3.613609122206739	5.907110391358145	2
4.691437932931148	6.284520072426493	2
4.167287224120264	6.082675340562207	2
4.291041099281067	5.828740394966785	2
4.546429076718575	5.64053347370613	2
4.5453788757497255	6.465862635777147	2
3.7555607058506166	5.748465423909132	2
4.481801530180564	6.059004683490334	2
4.688052178847472	6.850412429521045	2
4.003773665769402	5.9897139883539365	2
4.505804157623687	6.052147061416329	2
4.524706958992683	6.463901970839376	2
4.064680656638575	5.926282830475326	2
4.254454145618764	5.970525642939027	2
4.073482874291478	6.120744850717229	2
4.595413430833462	6.128292846243154	2
4.930971683773514	6.102358682364877	2
4.153835997562743	5.92790264297766	2
4.49051677363802	5.838168571221019	2
5.044732009049981	6.237218953076823	2
3.8957414320380375	6.303894129688825	2
4.999345241327973	6.663726117785027	2
3.8780994945074965	5.654677959416931	2
4.4481905191186115	5.679324549299006	2
4.075256552421679	6.280672155189401	2
4.684066209240673	5.981095353284307	2
4.6216101893791475	6.541809752284121	2
4.548277030407931	6.3623731608392475	2
4.442066211074905	6.0187626764093105	2
4.895011752041908	6.1801953915570325	2
4.556930504206347	5.8795285012201495	2
4.3241004860960714	6.217647237644772	2
4.165305689423056	6.26881975286806	2
4.396295148372398	6.436414466387642	2
4.812077081203589	6.179201357448268	2
4.193060214004755	5.434701000336439	2
4.432134535436754	6.023770167967223	2
4.052669936132825	6.178225091262746	2
4.678483546335185	6.445973790328136	2
5.1257813407421615	6.410409233776414	2
4.4657619112407145	6.024350156660428	2
5.158148238075447	5.685282579146692	2
4.71716230010364	5.738050701811699	2
4.727618786730841	6.106737014385011	2
4.481827378338668	6.1221068682954325	2
4.283704126367537	6.202804666848106	2
4.649969878265869	5.951181325541046	2
4.5003661915883955	6.278310035462531	2
4.601566895832209	5.964698965181377	2
4.756022347931677	6.259374854643613	2
4.600649598619295	5.891545306660017	2
4.450906742855638	6.03067551293726	2
4.629466587782526	6.177630368669274	2
4.917426520100365	6.328010520447371	2
4.96138648225126	6.477438354287896	2
4.2537447955775916	6.154179605733051	2
4.214863775114255	5.4815152030446965	2
4.820233638034466	6.109789208979266	2
4.285938899587254	5.991096643319585	2
3.9708780713417826	5.802691003278605	2
4.32709793293736	6.401701286476271	2
4.481404557412863	6.094180377906738	2
4.486195915972298	6.140021042411567	2
4.430929668707238	6.204512394448126	2
4.571708814978151	6.014942592614656	2
4.950499654795758	6.4885868194465335	2
4.569915626391391	6.002289715431236	2
4.1895008553511905	5.792249721431377	2
4.6841283340101	6.021347803214593	2
4.4130538066515905	5.894127043380708	2
4.499863046157024	5.982857772004633	2
4.440377785145414	5.600699699265286	2
4.112803105348933	6.179053775405971	2
4.218872097001257	6.346208325895437	2
4.279466869925054	6.079991318730226	2
4.453108935499606	5.778919504233034	2
4.892718466112836	6.464683051925076	2
4.483520732578686	6.05845537034565	2
4.79113565506384	6.2129657657725215	2
5.106202534738637	6.257467145524097	2
4.087674010772036	3.2764448741655285	3
4.095297103158364	3.157380116777865	3
4.235706451675737	3.203434393364089	3
3.987516228415644	3.1768024893168927	3
4.025333667290976	3.1735499475194877	3
3.9611172198301285	3.3835428870758	3
3.902303311536895	3.289855024474768	3
3.972669168300482	2.7694840718130633	3
3.6553239997249474	2.9278283525677047	3
3.7626814958295483	3.1541227078644787	3
3.9828975737680636	3.32292523894003	3
4.050531410194405	3.1089632936948384	3
3.951324089710345	3.4203994678568375	3
4.1105709578738505	3.039434671292427	3
3.660054326220732	3.281351808906958	3
3.9587654538698	3.420014681559587	3
3.920616311438231	3.1760716901852195	3
4.215050249720953	3.0457260069848826	3
4.0615639955000695	2.9500156372720374	3
3.9165692368774736	3.3767059317523254	3
4.0368785044164595	3.212479442486491	3
3.7536910432688395	3.118825703093765	3
4.023649701422478	3.105107117458015	3
4.2109558576342465	3.015195271036749	3
3.9890896101025484	3.2822296388511254	3
3.7820844174325	3.358659207431827	3
3.8732280450532315	3.1696888559997687	3
3.7006270659502047	2.948250668546319	3
4.361158791192706	2.946104017742396	3
3.8600266393195377	3.069818984396933	3
4.107842833982513	3.233329275650876	3
3.645513189437099	3.475285691281609	3
4.050068423762454	3.129079717643078	3
4.097222810865009	3.2246992815058775	3
3.8698314789350055	3.1967873336323667	3
4.214345942577103	3.1197474763537905	3
3.937025358484431	3.1375219819004485	3
4.11916649633843	3.1634490144222656	3
4.079361405919593	3.1683900071703026	3
3.8870783270425786	3.3846407061685637	3
4.011945903090086	3.3440349751951395	3
3.992161424718416	3.0679076266191614	3
3.9722498618671835	3.1986122556512577	3
3.934355077317645	3.309332920248624	3
4.101635150710093	3.089002496614595	3
3.9234080026524865	3.242066634843936	3
4.537757864247896	2.6976023599556496	3
3.970841315677719	3.182977479849309	3
4.145960958432153	2.8889361443504615	3
3.932383756773897	3.2660204938203803	3
3.8617853299145186	3.1676737492775415	3
3.760581416519182	3.293885237153897	3
3.691330484408966	3.0517966345185044	3
3.8225916444039942	3.1542536195866964	3
4.160586988758222	3.4747633727373053	3
3.937113670611205	3.298254139961253	3
4.025771439489912	3.2964698253163887	3
3.953294017423923	2.943968706616986	3
4.039547086831489	3.2153514313813036	3
4.002163551430829	3.4642169547089585	3
4.0540582216503145	2.9604839830314598	3
3.9776792796353297	3.1047944507117045	3
3.937730776181901	2.811846411259382	3
3.814168607162836	3.3010804137277505	3
3.815543313487233	3.199449502579307	3
3.7698039771653105	3.014175787316764	3
3.9028601813539443	2.9349178892011087	3
4.005992342325299	3.241708106945447	3
4.194337980247479	3.1433503271155736	3
4.217974407461726	3.0028538608265505	3
3.6589068005796195	3.0666892835225346	3
4.224113530550791	3.1957889393281147	3
4.284058980101146	3.542049259423791	3
4.054446985994887	3.0562259503822387	3
4.002401036624943	3.0521832546155863	3
4.02374594196135	3.369063006378763	3
3.7481118956053514	3.3892793807956814	3
3.926233449240014	3.0995902635208066	3
3.748508351739546	3.225686110502672	3
4.082380720824318	3.1581692436359754	3
4.050402396605687	3.394675153882437	3
3.8522091573978594	3.506810389627801	3
3.3069957793914324	3.1195323120533196	3
3.7488187379074507	3.6392602876284523	3
4.493616541681387	3.064627576195841	3
3.8810228049524187	3.078662167272227	3
4.137640948179456	3.560690961256796	3
3.6228441506987132	2.9749049740590414	3
4.20201229142793	3.2244910026510225	3
4.028016589107111	3.0635893784893593	3
3.7889436693489023	3.082437233694572	3
3.7991633027924423	3.1867226137580946	3
3.9565129012843436	3.2449024701380687	3
4.130808142147599	3.149222728879761	3
3.9859012406670065	3.350811073885342	3
4.050290586713364	2.9995705835085036	3
4.288936823242855	3.2581078529908574	3
3.82307396615957	3.5622374406894792	3
3.4980216055543143	3.0071548940844357	3
3.941595992512226	3.1989533406140302	3
4.0945096611362715	3.5850261753706043	3
4.190178492159276	3.4603610344655635	3
3.8769599377563777	2.8557402572204165	3
3.793771947313053	3.1958608954677747	3
3.6033285164808344	3.658429791408861	3
4.402964932796417	3.0599170932786435	3
3.8619517265256054	3.0765568462565134	3
3.80210962665289	3.00084969359732	3
4.01751293586563	3.056468121756759	3
4.216161030932443	3.5814481063967887	3
3.986266891730165	3.0459130715680334	3
4.132543794526839	3.003456872391452	3
4.123950620251439	3.177292490842418	3
4.026787367767846	2.970201786283256	3
4.247731166648268	2.9173333091670943	3
3.8117965446277458	3.0432910670654816	3
3.8001407985784144	3.4177232212976962	3
4.098755328956439	3.193178069191505	3
4.076487200333228	3.065760089958295	3
4.1241042048980345	3.4376800284543725	3
3.4681654733240435	3.0842662348148875	3
4.114862759758688	3.3107120434558963	3
3.8003723344721583	3.189605204337324	3
3.87462465956864	3.037244236980072	3
4.027857446031145	2.9243200842236785	3
4.027227325449835	3.4195175814662884	3
3.5533364235103697	2.9890792543454796	3
3.9890809181083386	3.175402810094201	3
4.112831307308483	3.650247457712627	3
3.702264199461641	3.133828393012362	3
4.003482494574212	3.1712882368497977	3
4.01482417539561	3.418341182503626	3
3.738808393983145	3.0957696982851965	3
3.852672487371258	3.1223153857634167	3
3.7440897245748865	3.2124469104303377	3
4.057248058500077	3.2169757077458927	3
4.2585830102641085	3.2014152094189265	3
3.7923015985376454	3.0967415857865963	3
3.994310064182812	3.042901142732612	3
4.326839205429988	3.282331371846094	3
3.6374448592228226	3.322336477813295	3
4.299607144796783	3.5382356706710163	3
3.6268596967044977	2.932806775650159	3
3.968914311471167	2.9475947295794036	3
3.745153931453007	3.3084032931136407	3
4.110439725544404	3.1286572119705847	3
4.072966113627489	3.465085851370473	3
4.028966218244759	3.357423896503549	3
3.965239726644943	3.151257605845587	3
4.237007051225144	3.2481172349342198	3
4.034158302523808	3.0677171007320903	3
3.894460291657643	3.2705883425868634	3
3.7991834136538336	3.3012918517208365	3
3.937777089023439	3.401848679832586	3
4.187246248722153	3.2475208144689613	3
3.8158361284028532	2.8008206002018636	3
3.9592807212620524	3.1542621007803344	3
3.731601961679695	3.2469350547576483	3
4.1070901278011105	3.407584274196882	3
4.375468804445297	3.3862455402658487	3
3.9794571467444286	3.154610093996257	3
4.394888942845268	2.951169547488016	3
4.130297380062184	2.9828304210870193	3
4.136571272038505	3.204042208631007	3
3.9890964270032008	3.21326412097726	3
3.870222475820522	3.261682800108864	3
4.0899819269595215	3.1107087953246277	3
4.000219714953038	3.306986021277519	3
4.060940137499325	3.1188193791088263	3
4.153613408759006	3.295624912786168	3
4.060389759171577	3.074927183996011	3
3.970544045713383	3.1584053077623566	3
4.0776799526695156	3.246578221201565	3
4.250455912060219	3.3368063122684233	3
4.276831889350756	3.426463012572738	3
3.852246877346555	3.2325077634398314	3
3.828918265068553	2.8289091218268183	3
4.19214018282068	3.2058735253875597	3
3.8715633397523526	3.134657985991751	3
3.6825268428050695	3.0216146019671632	3
3.896258759762416	3.381020771885763	3
3.9888427344477173	3.196508226744043	3
3.991717549583379	3.2240126254469406	3
3.9585578012243428	3.262707436668876	3
4.0430252889868905	3.148965555568794	3
4.270299792877455	3.43315209166792	3
4.041949375834835	3.141373829258742	3
3.8137005132107147	3.015349832858827	3
4.1104770004060605	3.152808681928756	3
3.9478322839909543	3.0764762260284253	3
3.999917827694215	3.12971466320278	3
3.9642266710872485	2.900419819559172	3
3.7676818632093596	3.247432265243583	3
3.8313232582007544	3.3477249955372628	3
3.8676801219550323	3.187994791238136	3
3.9718653612997636	3.007351702539821	3
4.2356310796677015	3.4188098311550457	3
3.990112439547212	3.17507322220739	3
4.174681393038304	3.267779459463513	3
4.363721520843182	3.2944802873144585	3
2.1461233512867275	1.8274081236092137	4
2.1588285052639398	1.6289668612964416	4
2.3928440861262286	1.705723988940148	4
1.9791937140260731	1.661337482194821	4
2.042222778818293	1.6559165791991457	4
1.9351953663835477	2.005904811793	4
1.8371721858948244	1.8497583741246133	4
1.9544486138341366	0.9824734530217718	4
1.4255399995415794	1.2463805876128409	4
1.6044691597159135	1.6235378464407972	4
1.971495956280106	1.9048753982333833	4
2.084219016990675	1.5482721561580637	4
1.9188734828505751	2.067332446428062	4
2.184284929789751	1.432391118820711	4
1.4334238770345533	1.835586348178263	4
1.9312757564496665	2.0666911359326448	4
1.8676938523970519	1.660119483642032	4
2.3584170828682547	1.4428766783081373	4
2.1026066591667822	1.283359395453395	4
1.8609487281291226	1.9945098862538748	4
2.061464174027432	1.7207990708108185	4
1.5894850721147322	1.564709505156275	4
2.0394161690374633	1.541845195763358	4
2.3515930960570772	1.391992118394581	4
1.9818160168375807	1.837049398085209	4
1.6368073623875001	1.9644320123863785	4
1.7887134084220524	1.6494814266662807	4
1.5010451099170083	1.2804177809105313	4
2.60193131865451	1.2768400295706597	4
1.7667110655325629	1.483031640661555	4
2.1797380566375217	1.7555487927514597	4
1.4091886490618315	2.158809485469347	4
2.083447372937423	1.5817995294051295	4
2.162038018108349	1.741165469176462	4
1.7830524648916757	1.6946455560539444	4
2.3572432376285053	1.5662457939229841	4
1.895042264140718	1.5958699698340806	4
2.198610827230716	1.6390816907037753	4
2.1322690098659876	1.6473166786171705	4
1.811797211737631	2.007734510280939	4
2.019909838483477	1.9400582919918987	4
1.9869357078640264	1.4798460443652683	4
1.9537497697786395	1.697687092752096	4
1.8905917955294085	1.8822215337477062	4
2.1693919178501555	1.5150041610243248	4
1.8723466710874774	1.7701110580732264	4
2.896263107079827	0.8626705999260822	4
1.9514021927961982	1.671629133082181	4
2.2432682640535884	1.1815602405841021	4
1.8873062612898284	1.8100341563673	4
1.7696422165241974	1.646122915462569	4
1.6009690275319701	1.8564753952564943	4
1.4855508073482766	1.4529943908641734	4
1.7043194073399905	1.6237560326444935	4
2.2676449812637034	2.157938954562175	4
1.8951894510186746	1.863756899935421	4
2.0429523991498537	1.8607830421939804	4
1.9221566957065381	1.2732811776949766	4
2.0659118113858157	1.7255857189688388	4
2.0036059190513815	2.140361591181597	4
2.0900970360838578	1.3008066383857657	4
1.9627987993922165	1.541324084519507	4
1.8962179603031686	1.05307735209897	4
1.6902810119380605	1.8684673562129175	4
1.6925721891453882	1.6990825042988447	4
1.6163399619421843	1.390292978861273	4
1.8381003022565736	1.2581964820018479	4
2.0099872372088314	1.7695135115757448	4
2.3238966337457976	1.605583878525956	4
2.3632906791028763	1.3714231013775835	4
1.4315113342993655	1.4778154725375576	4
2.3735225509179845	1.6929815655468576	4
2.47343163350191	2.2700820990396515	4
2.0907449766581454	1.460376583970397	4
2.004001727708238	1.4536387576926433	4
2.039576569935582	1.981771677297938	4
1.580186492675586	2.0154656346594684	4
1.8770557487333566	1.5326504392013438	4
1.5808472528992437	1.7428101841711194	4
2.137301201373863	1.6302820727266252	4
2.0840039943428113	2.024458589804061	4
1.7536819289964323	2.2113506493796677	4
0.8449929656523871	1.565887186755532	4
1.581364563179084	2.4321004793807535	4
2.8226942361356455	1.4743792936597344	4
1.8017046749206977	1.4977702787870448	4
2.229401580299094	2.3011516020946603	4
1.3714069178311885	1.3248416234317355	4
2.3366871523798833	1.740818337751704	4
2.0466943151785184	1.4726489641489318	4
1.6482394489148369	1.5040620561576192	4
1.665272171320737	1.6778710229301574	4
1.9275215021405723	1.7748374502301143	4
2.218013570245997	1.6153712147996013	4
1.9765020677783438	1.951351789808903	4
2.0838176445222722	1.3659509725141725	4
2.4815613720714254	1.7968464216514284	4
1.705123276932617	2.303729067815798	4
1.1633693425905236	1.3785914901407255	4
1.902659987520377	1.6982555676900504	4
2.1575161018937856	2.3417102922843402	4
2.3169641535987937	2.133935057442605	4
1.7949332295939628	1.1262337620340268	4
1.6562865788550878	1.693101492446291	4
1.338880860801391	2.4640496523481015	4
2.671608221327362	1.4665284887977388	4
1.7699195442093425	1.494261410427522	4
1.6701827110881504	1.3680828226622002	4
2.029188226442717	1.4607802029279318	4
2.360268384887404	2.3357468439946474	4
1.9771114862169412	1.4431884526133882	4
2.220906324211398	1.3724281206524196	4
2.2065843670857324	1.6621541514040297	4
2.0446456129464097	1.3170029771387601	4
2.412885277747114	1.228888848611824	4
1.686327574379576	1.4388184451091357	4
1.6669013309640235	2.06287203549616	4
2.164592214927398	1.6886301153191747	4
2.1274786672220465	1.4762668165971584	4
2.206840341496725	2.096133380757287	4
1.1136091222067388	1.5071103913581452	4
2.191437932931148	1.8845200724264934	4
1.6672872241202636	1.6826753405622068	4
1.791041099281067	1.4287403949667858	4
2.0464290767185753	1.2405334737061302	4
2.045378875749725	2.065862635777147	4
1.2555607058506166	1.3484654239091325	4
1.9818015301805647	1.6590046834903347	4
2.188052178847472	2.450412429521045	4
1.5037736657694019	1.5897139883539366	4
2.005804157623687	1.6521470614163287	4
2.024706958992683	2.063901970839376	4
1.564680656638575	1.5262828304753269	4
1.7544541456187637	1.5705256429390273	4
1.5734828742914777	1.7207448507172294	4
2.095413430833462	1.7282928462431542	4
2.430971683773514	1.702358682364877	4
1.6538359975627426	1.5279026429776599	4
1.9905167736380198	1.4381685712210195	4
2.544732009049981	1.837218953076823	4
1.3957414320380375	1.9038941296888248	4
2.499345241327972	2.2637261177850267	4
1.3780994945074965	1.2546779594169313	4
1.9481905191186115	1.2793245492990057	4
1.5752565524216784	1.8806721551894008	4
2.184066209240673	1.5810953532843077	4
2.1216101893791475	2.141809752284121	4
2.0482770304079305	1.962373160839248	4
1.9420662110749045	1.6187626764093106	4
2.3950117520419076	1.7801953915570328	4
2.0569305042063473	1.4795285012201498	4
1.8241004860960714	1.8176472376447723	4
1.6653056894230558	1.8688197528680606	4
1.896295148372398	2.036414466387643	4
2.312077081203589	1.7792013574482688	4
1.6930602140047555	1.034701000336439	4
1.9321345354367536	1.6237701679672234	4
1.5526699361328251	1.7782250912627469	4
2.178483546335185	2.0459737903281363	4
2.6257813407421615	2.010409233776414	4
1.965761911240714	1.6243501566604277	4
2.658148238075447	1.285282579146693	4
2.21716230010364	1.338050701811699	4
2.227618786730841	1.7067370143850116	4
1.9818273783386677	1.722106868295433	4
1.7837041263675368	1.8028046668481061	4
2.1499698782658694	1.551181325541046	4
2.0003661915883955	1.8783100354625313	4
2.1015668958322093	1.564698965181377	4
2.256022347931677	1.859374854643613	4
2.1006495986192957	1.491545306660018	4
1.9509067428556384	1.630675512937261	4
2.1294665877825256	1.7776303686692745	4
2.417426520100365	1.9280105204473716	4
2.46138648225126	2.0774383542878962	4
1.7537447955775918	1.754179605733052	4
1.7148637751142553	1.0815152030446966	4
2.3202336380344657	1.7097892089792661	4
1.7859388995872543	1.591096643319585	4
1.4708780713417826	1.4026910032786053	4
1.82709793293736	2.0017012864762718	4
1.9814045574128625	1.6941803779067377	4
1.9861959159722984	1.7400210424115672	4
1.9309296687072377	1.8045123944481263	4
2.0717088149781504	1.6149425926146563	4
2.450499654795758	2.0885868194465336	4
2.0699156263913916	1.6022897154312363	4
1.6895008553511908	1.3922497214313774	4
2.1841283340101	1.6213478032145932	4
1.9130538066515903	1.4941270433807086	4
1.9998630461570246	1.5828577720046335	4
1.940377785145414	1.2006996992652863	4
1.6128031053489327	1.7790537754059714	4
1.718872097001257	1.9462083258954375	4
1.7794668699250538	1.6799913187302262	4
1.9531089354996063	1.3789195042330344	4
2.3927184661128362	2.064683051925076	4
1.9835207325786863	1.6584553703456502	4
2.2911356550638398	1.8129657657725216	4
2.606202534738637	1.8574671455240974	4
8.636381794534278	4.918914248701933	5
8.648239938246343	4.733702403876679	5
8.86665448038448	4.805342389677471	5
8.480580799757668	4.763914983381833	5
8.539407926897074	4.758855473919202	5
8.439515675291311	5.085511157673467	5
8.348027373501836	4.939774482516306	5
8.457485372911862	4.130308556153653	5
7.963837332905474	4.376621881771984	5
8.130837882401519	4.728635323344744	5
8.473396225861432	4.991217038351158	5
8.578604415857964	4.658387345747526	5
8.424281917327203	5.142843616666191	5
8.671999267803768	4.55023171089933	5
7.971195618565583	4.926547258299712	5
8.435857372686355	5.142245060203802	5
8.376514262237249	4.762778184732563	5
8.834522610677038	4.560018233087595	5
8.59576621522233	4.411135435756502	5
8.370218812920514	5.07487589383695	5
8.557366562425603	4.819412466090097	5
8.11685273397375	4.67372887147919	5
8.536788424434965	4.652388849379134	5
8.828153556319938	4.512525977168275	5
8.483028282381742	4.927912771546195	5
8.161020204895	5.046803211560619	5
8.302799181193915	4.752849331555195	5
8.034308769255874	4.408389928849829	5
9.061802564077542	4.405050694265949	5
8.282263661163725	4.597496197950784	5
8.667755519528354	4.851845539901362	5
7.948576072457709	5.228222186438058	5
8.577884214741594	4.689679560778121	5
8.651235483567792	4.838421104564698	5
8.297515633898897	4.795002518983681	5
8.833427021786605	4.675162740994785	5
8.402039446531337	4.702811971845142	5
8.685370105415334	4.743142911323523	5
8.623451075874922	4.750828900042692	5
8.324344064288455	5.0872188762622095	5
8.518582515917911	5.024054405859105	5
8.487806660673092	4.594522974740917	5
8.456833118460063	4.797841286568623	5
8.397885675827448	4.970073431497859	5
8.658099123326812	4.627337216956036	5
8.380856893014979	4.865436987535011	5
9.336512233274505	4.01849255993101	5
8.454642046609784	4.773520524210036	5
8.72705037978335	4.316122891211829	5
8.39481917720384	4.902698545942813	5
8.284999402089252	4.749714721098398	5
8.127571092363173	4.946043702239395	5
8.019847420191725	4.569461431473228	5
8.224031446850658	4.728838963801527	5
8.749801982512789	5.227409690924697	5
8.402176820950762	4.95283977327306	5
8.540088905873196	4.950064172714382	5
8.427346249326103	4.401729099181978	5
8.561517690626761	4.823880004370916	5
8.503365524447956	5.21100415176949	5
8.5840905670116	4.427419529160048	5
8.465278879432736	4.651902478884873	5
8.403136762949623	4.196205528625705	5
8.210928944475523	4.957236199132057	5
8.213067376535696	4.799143670678921	5
8.141917297812705	4.510940113603855	5
8.348893615439469	4.387650049868391	5
8.50932142139491	4.864879277470695	5
8.80230352482941	4.711878286624225	5
8.839071300496018	4.493328227952411	5
7.969410578679408	4.5926277743683865	5
8.848621047523451	4.793449461177067	5
8.941869524601783	5.332076625770341	5
8.584695311547602	4.57635147837237	5
8.503734945861021	4.570062840513134	5
8.536938131939877	5.062986898811409	5
8.108174059830546	5.094434592348837	5
8.385252032151133	4.643807076587921	5
8.108790769372627	4.839956171893045	5
8.628147787948938	4.73492993454485	5
8.57840372805329	5.102828017150457	5
8.270103133730004	5.277260606087689	5
7.421993434608894	4.67482804097183	5
8.109273592300479	5.483293780755369	5
9.267847953726603	4.589420674082419	5
8.314924363259317	4.611252260201241	5
8.714108141612488	5.361074828621683	5
7.913313123309109	4.44985218186962	5
8.814241342221225	4.838097115234923	5
8.543581360833283	4.587805699872336	5
8.171690152320515	4.617124585747111	5
8.187587359899354	4.7793462880681465	5
8.432353401997867	4.86984828688144	5
8.703479332229596	4.721013133812961	5
8.47806859659312	5.034595003821643	5
8.578229801554121	4.488220907679894	5
8.949457280599997	4.890389993541333	5
8.22478172513711	5.363480463294745	5
7.719144719751156	4.500018724131343	5
8.409149321685685	4.798371863177381	5
8.6470150284342	5.398929606132051	5
8.79583321002554	5.205006053613098	5
8.308604347621031	4.264484844565091	5
8.179200806931416	4.793561392949871	5
7.882955470081298	5.513113008858228	5
9.126834339905537	4.582093256211222	5
8.285258241262053	4.607977316399021	5
8.19217053034894	4.49021063448472	5
8.52724234467987	4.576728189399403	5
8.836250492561577	5.393363721061671	5
8.478637387135812	4.560309222439162	5
8.706179235930637	4.494266245942258	5
8.692812075946684	4.764677207977094	5
8.541669238749982	4.442536111996176	5
8.885359592563972	4.360296258704369	5
8.207239069420938	4.556230548768527	5
8.189107908899755	5.138680566463083	5
8.653619400598904	4.78938810763123	5
8.618980089407243	4.5911823621573475	5
8.693050985396942	5.169724488706801	5
7.672701847392956	4.6199696986009355	5
8.678675404069072	4.972218734264727	5
8.189468075845578	4.78383031785806	5
8.30497169266233	4.546824368635667	5
8.543333804937337	4.371164575459055	5
8.54235361736641	5.141471793392004	5
7.805189992127242	4.47190106231519	5
8.48301476150186	4.761737704590979	5
8.675515366924307	5.500384934219642	5
8.036855421384775	4.697066389130341	5
8.505417213782108	4.755337257321907	5
8.523059828393171	5.139641839450084	5
8.093701946196003	4.637863975110305	5
8.270823869244179	4.6791572667430925	5
8.101917349338713	4.819361860669414	5
8.589052535444564	4.82640665649361	5
8.902240238188613	4.802201436873885	5
8.176913597725227	4.639375800112482	5
8.491148988728819	4.555623999806285	5
9.008416541779981	4.928071022871701	5
7.936025336568835	4.990301187709569	5
8.966055558572775	5.326144376599358	5
7.919559528206997	4.384366095455802	5
8.451644484510703	4.407369579345739	5
8.103572782260233	4.968627344843441	5
8.671795128624629	4.689022329732021	5
8.613502843420537	5.212355768798513	5
8.545058561714068	5.044881616783298	5
8.445928463669912	4.724178497982023	5
8.868677635239115	4.874849032119897	5
8.553135137259257	4.594226601138806	5
8.335827120356333	4.909804088468454	5
8.18761864346152	4.957565102676856	5
8.403208805147571	5.113986835295133	5
8.791271942456683	4.873921266951718	5
8.213522866404439	4.1790542669806765	5
8.43665889974097	4.728852156769408	5
8.082491940390637	4.873010085178564	5
8.666584643246173	5.122908870972927	5
9.084062584692685	5.089715284857986	5
8.468044450491334	4.729393479549732	5
9.114271688870417	4.41293040720358	5
8.702684813430064	4.462180655024252	5
8.712444200948784	4.806287880092677	5
8.483038886449423	4.820633077075737	5
8.298123851276367	4.895951022391566	5
8.639971886381478	4.661102570504976	5
8.500341778815836	4.966422699765029	5
8.594795769443396	4.673719034169285	5
8.738954191402899	4.948749864334038	5
8.59393962537801	4.605442286216016	5
8.454179626665262	4.73529714540811	5
8.620835481930357	4.87245501075799	5
8.889598085427007	5.012809819084214	5
8.93062738343451	5.15227579733537	5
8.270161809205753	4.8505676320175155	5
8.233872856773305	4.222747522841717	5
8.798884728832169	4.809136595047315	5
8.30020963961477	4.698356867098279	5
8.006152866585664	4.522511603060032	5
8.338624737408203	5.081587867377854	5
8.482644253585338	4.794568352712955	5
8.487116188240812	4.837352972917462	5
8.435534357460089	4.897544901484918	5
8.56692822731294	4.720613086440346	5
8.92046634447604	5.162681031483431	5
8.565254584631965	4.708803734402487	5
8.210200798327778	4.512766406669286	5
8.67185311174276	4.726591283000287	5
8.418850219541484	4.607851907155328	5
8.499872176413223	4.690667253870991	5
8.444352599469052	4.333986385980934	5
8.138616231659004	4.87378352371224	5
8.237613957201173	5.029794437502408	5
8.294169078596717	4.781325230814877	5
8.456235006466299	4.500324870617499	5
8.866537235038647	5.140370848463404	5
8.484619350406774	4.7612250123226065	5
8.771726611392918	4.90543471472102	5
9.065789032422728	4.946969335822491	5
2.1461233512867275	5.527408123609214	6
2.1588285052639398	5.328966861296442	6
2.3928440861262286	5.4057239889401485	6
1.9791937140260731	5.361337482194822	6
2.042222778818293	5.355916579199146	6
1.9351953663835477	5.705904811793	6
1.8371721858948244	5.549758374124614	6
1.9544486138341366	4.682473453021772	6
1.4255399995415794	4.9463805876128415	6
1.6044691597159135	5.323537846440797	6
1.971495956280106	5.604875398233384	6
2.084219016990675	5.248272156158064	6
1.9188734828505751	5.767332446428062	6
2.184284929789751	5.132391118820712	6
1.4334238770345533	5.5355863481782634	6
1.9312757564496665	5.766691135932645	6
1.8676938523970519	5.360119483642032	6
2.3584170828682547	5.142876678308138	6
2.1026066591667822	4.9833593954533955	6
1.8609487281291226	5.694509886253876	6
2.061464174027432	5.420799070810819	6
1.5894850721147322	5.264709505156276	6
2.0394161690374633	5.241845195763359	6
2.3515930960570772	5.0919921183945815	6
1.9818160168375807	5.537049398085209	6
1.6368073623875001	5.664432012386379	6
1.7887134084220524	5.349481426666281	6
1.5010451099170083	4.980417780910532	6
2.60193131865451	4.97684002957066	6
1.7667110655325629	5.1830316406615555	6
2.1797380566375217	5.45554879275146	6
1.4091886490618315	5.858809485469347	6
2.083447372937423	5.28179952940513	6
2.162038018108349	5.441165469176463	6
1.7830524648916757	5.394645556053945	6
2.3572432376285053	5.266245793922985	6
1.895042264140718	5.295869969834081	6
2.198610827230716	5.339081690703775	6
2.1322690098659876	5.347316678617171	6
1.811797211737631	5.70773451028094	6
2.019909838483477	5.640058291991899	6
1.9869357078640264	5.179846044365269	6
1.9537497697786395	5.397687092752096	6
1.8905917955294085	5.582221533747706	6
2.1693919178501555	5.215004161024325	6
1.8723466710874774	5.470111058073227	6
2.896263107079827	4.562670599926083	6
1.9514021927961982	5.371629133082181	6
2.2432682640535884	4.881560240584102	6
1.8873062612898284	5.5100341563673005	6
1.7696422165241974	5.346122915462569	6
1.6009690275319701	5.556475395256495	6
1.4855508073482766	5.1529943908641735	6
1.7043194073399905	5.323756032644494	6
2.2676449812637034	5.857938954562176	6
1.8951894510186746	5.563756899935422	6
2.0429523991498537	5.560783042193981	6
1.9221566957065381	4.973281177694977	6
2.0659118113858157	5.425585718968839	6
2.0036059190513815	5.840361591181598	6
2.0900970360838578	5.000806638385766	6
1.9627987993922165	5.2413240845195075	6
1.8962179603031686	4.753077352098971	6
1.6902810119380605	5.568467356212918	6
1.6925721891453882	5.399082504298845	6
1.6163399619421843	5.090292978861274	6
1.8381003022565736	4.958196482001848	6
2.0099872372088314	5.469513511575745	6
2.3238966337457976	5.305583878525956	6
2.3632906791028763	5.071423101377584	6
1.4315113342993655	5.177815472537558	6
2.3735225509179845	5.392981565546858	6
2.47343163350191	5.970082099039652	6
2.0907449766581454	5.160376583970398	6
2.004001727708238	5.153638757692644	6
2.039576569935582	5.681771677297938	6
1.580186492675586	5.715465634659469	6
1.8770557487333566	5.232650439201344	6
1.5808472528992437	5.44281018417112	6
2.137301201373863	5.330282072726625	6
2.0840039943428113	5.724458589804062	6
1.7536819289964323	5.911350649379668	6
0.8449929656523871	5.265887186755532	6
1.581364563179084	6.132100479380754	6
2.8226942361356455	5.174379293659735	6
1.8017046749206977	5.197770278787045	6
2.229401580299094	6.0011516020946605	6
1.3714069178311885	5.024841623431736	6
2.3366871523798833	5.440818337751704	6
2.0466943151785184	5.172648964148932	6
1.6482394489148369	5.204062056157619	6
1.665272171320737	5.377871022930158	6
1.9275215021405723	5.4748374502301145	6
2.218013570245997	5.315371214799602	6
1.9765020677783438	5.651351789808904	6
2.0838176445222722	5.065950972514173	6
2.4815613720714254	5.496846421651429	6
1.705123276932617	6.003729067815798	6
1.1633693425905236	5.078591490140726	6
1.902659987520377	5.39825556769005	6
2.1575161018937856	6.041710292284341	6
2.3169641535987937	5.833935057442606	6
1.7949332295939628	4.826233762034027	6
1.6562865788550878	5.3931014924462914	6
1.338880860801391	6.164049652348102	6
2.671608221327362	5.16652848879774	6
1.7699195442093425	5.194261410427522	6
1.6701827110881504	5.068082822662201	6
2.029188226442717	5.160780202927932	6
2.360268384887404	6.035746843994648	6
1.9771114862169412	5.143188452613389	6
2.220906324211398	5.07242812065242	6
2.2065843670857324	5.36215415140403	6
2.0446456129464097	5.017002977138761	6
2.412885277747114	4.928888848611824	6
1.686327574379576	5.138818445109136	6
1.6669013309640235	5.7628720354961604	6
2.164592214927398	5.388630115319176	6
2.1274786672220465	5.176266816597159	6
2.206840341496725	5.796133380757287	6
1.1136091222067388	5.207110391358146	6
2.191437932931148	5.584520072426494	6
1.6672872241202636	5.382675340562208	6
1.791041099281067	5.128740394966786	6
2.0464290767185753	4.940533473706131	6
2.045378875749725	5.765862635777148	6
1.2555607058506166	5.048465423909133	6
1.9818015301805647	5.359004683490335	6
2.188052178847472	6.150412429521046	6
1.5037736657694019	5.289713988353937	6
2.005804157623687	5.352147061416329	6
2.024706958992683	5.763901970839377	6
1.564680656638575	5.226282830475327	6
1.7544541456187637	5.2705256429390275	6
1.5734828742914777	5.42074485071723	6
2.095413430833462	5.428292846243155	6
2.430971683773514	5.402358682364878	6
1.6538359975627426	5.227902642977661	6
1.9905167736380198	5.13816857122102	6
2.544732009049981	5.537218953076824	6
1.3957414320380375	5.603894129688825	6
2.499345241327972	5.963726117785027	6
1.3780994945074965	4.954677959416932	6
1.9481905191186115	4.979324549299006	6
1.5752565524216784	5.580672155189402	6
2.184066209240673	5.281095353284308	6
2.1216101893791475	5.841809752284122	6
2.0482770304079305	5.662373160839248	6
1.9420662110749045	5.318762676409311	6
2.3950117520419076	5.480195391557033	6
2.0569305042063473	5.17952850122015	6
1.8241004860960714	5.5176472376447725	6
1.6653056894230558	5.568819752868061	6
1.896295148372398	5.736414466387643	6
2.312077081203589	5.479201357448269	6
1.6930602140047555	4.73470100033644	6
1.9321345354367536	5.323770167967224	6
1.5526699361328251	5.478225091262747	6
2.178483546335185	5.7459737903281365	6
2.6257813407421615	5.7104092337764145	6
1.965761911240714	5.3243501566604285	6
2.658148238075447	4.985282579146693	6
2.21716230010364	5.0380507018117	6
2.227618786730841	5.406737014385012	6
1.9818273783386677	5.422106868295433	6
1.7837041263675368	5.502804666848107	6
2.1499698782658694	5.251181325541046	6
2.0003661915883955	5.578310035462532	6
2.1015668958322093	5.264698965181378	6
2.256022347931677	5.559374854643614	6
2.1006495986192957	5.191545306660018	6
1.9509067428556384	5.330675512937261	6
2.1294665877825256	5.477630368669275	6
2.417426520100365	5.628010520447372	6
2.46138648225126	5.777438354287897	6
1.7537447955775918	5.454179605733052	6
1.7148637751142553	4.781515203044697	6
2.3202336380344657	5.409789208979267	6
1.7859388995872543	5.291096643319586	6
1.4708780713417826	5.102691003278606	6
1.82709793293736	5.701701286476272	6
1.9814045574128625	5.394180377906738	6
1.9861959159722984	5.440021042411567	6
1.9309296687072377	5.504512394448127	6
2.0717088149781504	5.314942592614656	6
2.450499654795758	5.788586819446534	6
2.0699156263913916	5.302289715431237	6
1.6895008553511908	5.0922497214313776	6
2.1841283340101	5.321347803214594	6
1.9130538066515903	5.194127043380709	6
1.9998630461570246	5.2828577720046335	6
1.940377785145414	4.900699699265287	6
1.6128031053489327	5.479053775405972	6
1.718872097001257	5.646208325895437	6
1.7794668699250538	5.379991318730227	6
1.9531089354996063	5.078919504233035	6
2.3927184661128362	5.7646830519250765	6
1.9835207325786863	5.35845537034565	6
2.2911356550638398	5.512965765772522	6
2.606202534738637	5.557467145524098	6
6.046123351286728	0.4274081236092137	7
6.05882850526394	0.2289668612964416	7
6.292844086126229	0.30572398894014813	7
5.879193714026074	0.261337482194821	7
5.9422227788182935	0.25591657919914573	7
5.835195366383548	0.6059048117930003	7
5.737172185894825	0.4497583741246134	7
5.854448613834137	-0.41752654697822816	7
5.325539999541579	-0.1536194123871592	7
5.504469159715914	0.22353784644079736	7
5.871495956280106	0.5048753982333832	7
5.984219016990675	0.14827215615806377	7
5.8188734828505755	0.6673324464280621	7
6.084284929789751	0.032391118820710996	7
5.333423877034553	0.435586348178263	7
5.831275756449667	0.6666911359326447	7
5.767693852397052	0.2601194836420322	7
6.258417082868255	0.04287667830813724	7
6.002606659166783	-0.11664060454660491	7
5.760948728129123	0.5945098862538749	7
5.961464174027432	0.3207990708108185	7
5.489485072114732	0.16470950515627505	7
5.939416169037464	0.14184519576335822	7
6.251593096057078	-0.008007881605419043	7
5.881816016837581	0.43704939808520893	7
5.5368073623875	0.5644320123863785	7
5.6887134084220525	0.24948142666628065	7
5.401045109917009	-0.11958221908946859	7
6.50193131865451	-0.12315997042934029	7
5.666711065532564	0.08303164066155497	7
6.079738056637522	0.3555487927514597	7
5.309188649061832	0.7588094854693475	7
5.983447372937423	0.18179952940512956	7
6.062038018108349	0.3411654691764621	7
5.683052464891676	0.2946455560539444	7
6.257243237628506	0.16624579392298408	7
5.795042264140719	0.19586996983408067	7
6.098610827230717	0.23908169070377533	7
6.032269009865988	0.2473166786171704	7
5.711797211737632	0.607734510280939	7
5.919909838483477	0.5400582919918987	7
5.886935707864027	0.07984604436526846	7
5.85374976977864	0.29768709275209604	7
5.790591795529409	0.4822215337477062	7
6.069391917850156	0.11500416102432492	7
5.772346671087478	0.37011105807322653	7
6.796263107079827	-0.5373294000739177	7
5.851402192796199	0.271629133082181	7
6.143268264053589	-0.21843975941589772	7
5.787306261289829	0.41003415636729995	7
5.669642216524198	0.24612291546256895	7
5.50096902753197	0.4564753952564944	7
5.385550807348277	0.052994390864173374	7
5.604319407339991	0.2237560326444935	7
6.167644981263704	0.7579389545621753	7
5.795189451018675	0.46375689993542113	7
5.942952399149854	0.4607830421939804	7
5.822156695706538	-0.12671882230502335	7
5.965911811385816	0.3255857189688388	7
5.903605919051382	0.7403615911815972	7
5.990097036083858	-0.09919336161423425	7
5.862798799392217	0.14132408451950715	7
5.796217960303169	-0.34692264790102995	7
5.59028101193806	0.4684673562129175	7
5.592572189145389	0.29908250429884464	7
5.516339961942185	-0.009707021138727068	7
5.738100302256574	-0.14180351799815216	7
5.909987237208831	0.36951351157574475	7
6.223896633745798	0.20558387852595594	7
6.263290679102877	-0.028576898622416524	7
5.331511334299366	0.07781547253755763	7
6.273522550917985	0.2929815655468578	7
6.3734316335019106	0.8700820990396514	7
5.990744976658146	0.060376583970397135	7
5.904001727708238	0.05363875769264334	7
5.939576569935583	0.5817716772979378	7
5.480186492675586	0.6154656346594684	7
5.777055748733357	0.1326504392013438	7
5.480847252899244	0.3428101841711194	7
6.037301201373864	0.23028207272662518	7
5.984003994342811	0.6244585898040611	7
5.653681928996432	0.8113506493796676	7
4.744992965652387	0.16588718675553207	7
5.481364563179085	1.0321004793807533	7
6.722694236135646	0.07437929365973453	7
5.701704674920698	0.0977702787870448	7
6.129401580299095	0.9011516020946602	7
5.271406917831189	-0.0751583765682644	7
6.236687152379884	0.3408183377517039	7
5.946694315178519	0.07264896414893174	7
5.5482394489148374	0.10406205615761924	7
5.565272171320737	0.2778710229301574	7
5.827521502140573	0.37483745023011433	7
6.1180135702459975	0.21537121479960142	7
5.876502067778344	0.5513517898089031	7
5.983817644522273	-0.03404902748582744	7
6.381561372071426	0.39684642165142836	7
5.605123276932617	0.9037290678157981	7
5.063369342590524	-0.021408509859274505	7
5.802659987520378	0.2982555676900504	7
6.0575161018937855	0.9417102922843403	7
6.216964153598794	0.7339350574426052	7
5.694933229593963	-0.27376623796597316	7
5.556286578855088	0.293101492446291	7
5.238880860801391	1.0640496523481013	7
6.571608221327362	0.06652848879773882	7
5.669919544209343	0.09426141042752195	7
5.570182711088151	-0.03191717733779975	7
5.929188226442718	0.06078020292793179	7
6.260268384887405	0.9357468439946475	7
5.877111486216942	0.043188452613388384	7
6.120906324211398	-0.02757187934758032	7
6.106584367085733	0.2621541514040297	7
5.94464561294641	-0.08299702286123972	7
6.312885277747114	-0.17111115138817617	7
5.586327574379577	0.038818445109135735	7
5.566901330964024	0.6628720354961599	7
6.064592214927399	0.2886301153191748	7
6.027478667222047	0.07626681659715837	7
6.106840341496725	0.6961333807572869	7
5.01360912220674	0.10711039135814521	7
6.091437932931148	0.4845200724264934	7
5.567287224120264	0.2826753405622069	7
5.691041099281067	0.02874039496678582	7
5.946429076718576	-0.15946652629386976	7
5.945378875749726	0.6658626357771469	7
5.1555607058506165	-0.05153457609086742	7
5.881801530180565	0.25900468349033473	7
6.088052178847472	1.050412429521045	7
5.403773665769402	0.1897139883539366	7
5.905804157623687	0.2521470614163288	7
5.924706958992683	0.6639019708393759	7
5.464680656638575	0.12628283047532696	7
5.6544541456187645	0.17052564293902744	7
5.473482874291478	0.3207448507172295	7
5.995413430833462	0.32829284624315413	7
6.330971683773514	0.3023586823648771	7
5.553835997562743	0.12790264297765996	7
5.89051677363802	0.03816857122101952	7
6.444732009049981	0.4372189530768231	7
5.295741432038038	0.5038941296888249	7
6.399345241327973	0.8637261177850266	7
5.278099494507496	-0.1453220405830687	7
5.848190519118612	-0.12067545070099417	7
5.475256552421679	0.4806721551894009	7
6.084066209240674	0.1810953532843078	7
6.021610189379148	0.7418097522841213	7
5.948277030407931	0.5623731608392479	7
5.842066211074905	0.21876267640931069	7
6.295011752041908	0.3801953915570328	7
5.956930504206348	0.07952850122014979	7
5.724100486096072	0.4176472376447723	7
5.565305689423056	0.46881975286806066	7
5.796295148372399	0.6364144663876428	7
6.2120770812035895	0.3792013574482689	7
5.593060214004756	-0.365298999663561	7
5.832134535436754	0.22377016796722343	7
5.452669936132826	0.3782250912627469	7
6.078483546335185	0.6459737903281364	7
6.525781340742162	0.610409233776414	7
5.865761911240715	0.2243501566604278	7
6.5581482380754474	-0.11471742085330688	7
6.11716230010364	-0.06194929818830103	7
6.127618786730841	0.3067370143850116	7
5.881827378338668	0.32210686829543295	7
5.683704126367537	0.4028046668481063	7
6.04996987826587	0.15118132554104613	7
5.900366191588396	0.47831003546253126	7
6.00156689583221	0.16469896518137703	7
6.156022347931677	0.45937485464361305	7
6.000649598619296	0.0915453066600179	7
5.8509067428556385	0.23067551293726093	7
6.029466587782526	0.3776303686692746	7
6.317426520100366	0.5280105204473717	7
6.361386482251261	0.6774383542878961	7
5.653744795577592	0.35417960573305207	7
5.614863775114255	-0.31848479695530324	7
6.2202336380344665	0.3097892089792661	7
5.685938899587255	0.19109664331958504	7
5.370878071341783	0.002691003278605386	7
5.72709793293736	0.6017012864762719	7
5.881404557412863	0.2941803779067378	7
5.886195915972299	0.34002104241156716	7
5.830929668707238	0.4045123944481263	7
5.971708814978151	0.21494259261465634	7
6.350499654795758	0.6885868194465334	7
5.9699156263913915	0.20228971543123636	7
5.589500855351191	-0.007750278568622537	7
6.0841283340101	0.22134780321459313	7
5.813053806651591	0.09412704338070862	7
5.899863046157025	0.1828577720046335	7
5.840377785145415	-0.19930030073471366	7
5.512803105348933	0.37905377540597157	7
5.618872097001257	0.5462083258954374	7
5.679466869925054	0.2799913187302262	7
5.853108935499606	-0.021080495766965468	7
6.292718466112836	0.6646830519250759	7
5.8835207325786865	0.25845537034565014	7
6.191135655063841	0.41296576577252153	7
6.506202534738637	0.45746714552409745	7