-1.040042064796928	4.265294442222535
-0.6556770145124846	3.694453691182961
1.2543277516721671	5.10186504299377
-0.9364962137056685	3.4692450096161114
1.1099295009901908	3.4122194158016153
0.05047347286459447	4.011975533656967
1.6729318827731738	5.867474414905034
0.3421516332675857	3.9622106880882675
1.467953992588835	3.498730413334386
4.170934983190421	2.6963176326401697
-0.9048072275644026	3.9523952891588783
1.4065823846780003	3.2679203590536527
-0.22841394657641922	5.320907166209569
1.5453760808945374	3.5515249454478903
0.945164476940824	3.826801086565368
0.7309664973996672	2.443979230992466
-0.04519727224824455	3.511817123988398
0.8139478973093797	2.130200989581744
-0.4070841856827332	2.4592697801798913
0.45139817029581264	4.7183787753738065
1.8041625199660247	2.7050077087402338
2.483171402284611	3.019285475546658
1.4921928918497844	3.6204825481662875
1.402527335799585	3.585379942228672
0.824092381067802	4.851055788962402
1.6842957868203237	4.254831112277658
2.39132680081999	4.920168952186207
0.28839234969155747	3.7042096568770737
-1.528017678421242	2.774412706153387
2.109244344978903	3.8947189508081737
1.6307111441389033	1.955713120868627
0.49033827007684083	2.7802784039987367
1.88131060516322	2.8474461451591457
1.6683652405143472	2.065548333147178
0.599050684657424	3.941076853525842
3.0181307964651274	3.9439569325547907
0.05110347233112389	3.885580739852753
0.8811624505292169	2.415224295403707
0.4255268675419742	4.039089472905597
2.903497435652848	2.9327862500676094
0.9995550010028387	3.933042939382545
-0.1082327488726218	5.645383272936969
0.5301828210009538	2.4027670342442238
1.1895335610733837	3.759894254382217
0.6709678313802137	3.1624780313689214
1.575195249438122	3.439626732637532
0.644125902555258	4.543490173704493
1.5747070390794113	2.068508881283541
-0.7550065665897914	4.804778635078414
0.08956289240824378	2.8900683508324723
1.7543006246971222	4.376582673572045
-0.5751865306578516	3.4980982912686063
2.0872322462950343	6.02197571961973
1.6608293885538399	2.5229541073322763
1.3002805008395324	2.3930568546754403
2.0390755004072423	4.088468524611527
-0.9468377732387221	2.5439919961250395
-0.14566944397460602	4.486955654190086
0.25439885918525584	2.256842634667464
1.1057962752346622	2.4057599471040993
-0.7500330939900026	4.428842109227956
3.1695731093936046	2.1411463658180683
1.9218575994626288	1.168325820168334
0.6192466164835471	5.721775563905998
2.720311283732822	4.119284446795845
1.8054679123961983	4.173106074200847
2.2465508517465294	5.5209035161819155
0.3824827498637191	2.1655552001172387
0.19361605514280555	4.5094956545660985
1.218186964338428	4.311692134353362
1.6711113457952225	4.521561070587655
0.44983172259315085	3.263410834035582
0.8937524304225832	2.77862687033973
-0.019854954064104646	4.15550407740127
2.66760743532309	2.6240859898476567
0.057037192460826835	3.7301289081756566
1.6274694725731653	5.871517811847119
0.6016076528841827	4.977793709659407
-2.423192367696849	3.6832910651473005
1.3329789098453038	3.8714371000694476
1.3970198645383274	2.357860093910708
0.24373884745468932	3.7704946023606607
0.20059758784521808	2.9457165811758266
1.3106742089873897	5.145214658519091
2.392651396508249	3.3786297928638565
2.958329034563208	3.955249710684321
0.43951115016970044	3.753590890402767
0.6940434905282521	1.244178284121677
1.5818277223062676	3.742374387212126
0.6358372963776875	4.736775918926648
1.4309814134613352	3.0968829616941256
2.729085074119337	3.063051664302453
2.048943750603569	3.0527165731505064
0.6698810161714118	2.3430798403939743
-0.3187834275737771	3.8245791405611587
0.29434212044953434	3.055182236378093
0.03850859226371095	2.8566286585074447
1.5226722076163743	4.212856488396508
1.4610630759103411	3.789510793968149
1.1843601854429706	3.4950268077784394
1.5160128833310367	4.248409903988986
-0.5881947360076123	3.0581194838125008
2.1813939006459364	2.1154730350666315
2.7334029711598564	3.0062256270424834
0.32060103385323757	4.854389889985375
0.17351523187438433	2.507050535549501
-0.6466274650296526	1.1917627725535684
0.5293139364022694	2.9621837780700027
1.0776219323978995	5.003464508107927
-1.2126570732206878	1.9280732178543045
2.5595534672807654	4.885985574087541
-0.3930628556053848	4.7564858026946535
2.2399907365456513	4.200182694375243
0.6630984102244857	5.173061416548411
0.07210124954313879	4.533517603609744
3.1485630334092143	4.026358983365755
0.7008431864020155	3.512787451314502
0.18291069777544178	1.9212873876696561
1.6283351211569284	5.268042975373229
2.5278503390377054	4.2377758926509435
2.6036783188798096	1.3971336208539378
1.3327060525230827	3.0478534535977344
-0.14421473578201938	3.8148433792971757
2.9647063971514562	4.546197990430681
1.1593422700954954	3.141651358742169
1.1155709596363184	4.399240468265647
1.4231316814260484	5.1235396084644975
0.21121106034233128	4.02801696389802
1.768877203315935	3.411710778882592
0.8556251216611175	3.632284433178112
0.9294003679078028	3.7883391524483034
1.582639051106394	2.073798314524571
0.33297898967767037	4.15196860863068
1.058500394608498	3.4287390936281357
1.4955240079720455	4.388423693577502
2.2963463261676167	3.9569666073308953
2.3040515973394973	4.064529235685286
1.0833372691885872	3.7593800487361246
1.8639495445076104	2.170908077064359
2.5519319488236283	3.623994529190503
0.01228384045124764	5.335360182496859
1.9423802100065146	1.9908856373077555
1.5375602425615265	1.742749284125059
2.00905714285483	5.1367431727481145
0.5711896301420185	3.6529130766341513
0.50659542576032	2.764001798468538
2.2611520862673697	4.258532344245343
2.6173301967765763	2.914494336781524
1.6394738669825242	3.004345619022605
1.1187929729968824	2.6412714164954307
1.7396458005804751	4.834807805479668
2.7299512385837303	0.9480346921999785
1.9858567144820367	5.898946246633956
1.4276188189290908	2.8546550393478536
0.33657731816351233	2.9076974286959367
0.7617616114544943	2.036876975475316
1.5203503711178794	4.756385125292296
0.7963543314021746	2.457390755837057
0.12670548565061246	2.8697319490078668
1.8784694787970149	2.7647711571508697
1.374927632384089	3.4110279338505243
-0.7382627844186835	3.882420027467582
1.497149611614054	4.294992343527584
-0.7609040769964899	2.980850066277901
0.1987178943649477	2.654630956073662
1.5422050602994293	4.414843900720257
0.1828972596472287	3.4659202741906334
-0.047288313947540184	3.260562230684261
1.3446061939811453	3.7281438428331364
1.6625736762748669	3.925885793106452
2.276912129533983	4.041159918317237
4.37739315972925	5.148818810080442
1.2193431949423563	4.432828675938772
0.9250514497396694	2.5027985089487235
1.4965581468020153	1.5553447901538737
0.7913860277190353	4.981487073590537
2.519942451876294	3.75011536689222
-0.09542427838473322	4.662358966145607
-0.7946309947701167	3.362739674828737
-0.2691179405554014	3.5617198819308324
1.0788249346461192	3.3417725382385672
0.4709063789068313	4.649056793615336
0.2717858989850852	5.353192269826745
1.218381847080237	2.511881041970774
1.066570732020525	3.241927999438071
-1.451659369997298	4.0691467240647015
2.143307429742732	2.772650016384363
1.556186456635196	3.1774707430230476
0.4660249492308104	3.003100087200643
1.5508810829974515	3.2064545661864408
0.4195755874634072	3.166760887899079
1.1978351510711043	2.686165194392672
1.179151532733936	2.1465069591153996
1.2350806502627667	4.592676705043314
0.7328514071228295	3.5643151348356525
-0.7674081909426913	3.959251511777933
0.8408845021518243	4.263180146349591
0.048640920067844484	3.753642260324303
0.3365373460086003	4.571060213760195
-0.10777053174381934	3.2203550227324484
0.46156010296138206	2.621721253413397
1.972011324303006	2.9485395058453685
-0.11986878346932772	2.1739531211672687
0.5961742512685022	3.718329477713371
0.45344801018516934	2.972478460249044
1.3779439280546157	5.157015047047256
2.2629289342960273	2.227180321996069
1.7759897585059101	4.05127905821185
2.755266247242887	6.224024025096801
0.2193361691252943	4.65939166748402
0.6676072455782214	2.405296070807969
-0.14873764532825273	2.0679991289154693
1.5427447531075162	4.246880341602595
0.9375468168006956	4.330561115947016
1.9747024261635455	3.6956360968121946
1.0497903796807964	6.8370719706365435
1.4765722621752322	4.7219665625740275
1.5718722555593176	1.2039445922055618
-0.4342381743894317	3.8136644474772874
2.498487196397082	4.682896058288122
2.574910808903873	3.918821021915243
1.2492760405091166	2.4433806688697137
0.9674159260659828	3.844581398178348
0.36886679294448854	4.021941495943054
0.038493886847568604	4.445813397257328
1.2859975170770643	4.558805714125432
1.8204575507134546	3.3500736281788814
1.5855656760723198	4.122999992440618
0.6238579398251984	3.862981116876351
-0.013427853630221032	2.7928814290689745
0.13635182653192768	3.3600551579258697
1.173984181943364	3.7628956126545
1.1973452749383289	3.1718950471472374
0.8760088414451116	4.882006938413381
2.840391002141344	4.285100987333464
0.8488862706271916	5.125690206755705
0.7130300406493588	3.123102520695605
0.5214168949653664	3.032185592801503
0.5189194293945948	2.641036646680039
2.763967827138204	1.5873866096193154
1.0058297082735705	2.7565400090103314
0.6039189210852258	3.981438021540005
-0.39013095126224107	4.951366921083004
0.5580474694511541	4.179985324810728
-0.1763190666277561	4.066513467134209
1.308908134687674	1.795843282267339
1.6674479433637797	4.841526688315642
1.6170606521985786	3.7472145444991365
1.6202934768941346	4.132971703546434
0.8110387112882163	3.113997690288759
0.9822320030923657	2.60998906561726
1.0435301596700506	1.2860561615869144
0.5287636837842724	3.67593206128841
1.7855566848096776	3.764414998595759
-0.17283959627907763	3.904199576535209
0.9279145749442671	3.0089836037917306
1.4321671946827879	2.5171162999536767
1.875687613708981	2.8524012740636655
0.4217236916570798	3.017426357222215
2.6259030388452267	2.7242551710282137
1.0291664380220589	4.083287389268421
0.5216534187471333	3.49311800501233
0.3701293367377415	4.20946784318309
0.023851712688366167	2.982765255635968
1.1484541371335946	4.9117399653707015
2.9632031511043984	3.582397347775124
0.535285845115439	3.9044209889853647
2.3713218483979954	3.895394865249959
-0.4250829402331753	2.532661956639632
1.0567506222882794	3.16972357978751
2.8178468519133295	2.9189399295017022
0.9055816902427865	3.228436049010295
1.5431234362217117	4.410968915586462
-0.43664509967442133	3.9479734812089373
1.8898810860150885	4.591119268780037
-0.9244755491173291	4.14194480386087
2.550000762807975	4.02025583849374
1.52896700178189	2.323572737414386
1.2701460116752608	2.3568378758492905
0.7825463699646932	5.827213565605662
2.914978167263932	4.6185345691281485
1.342097342808604	1.8783310565837303
1.3954864159153386	4.265957212344097
0.8728929920080378	3.9075740770298486
0.1642338410760732	3.620525063469907
-0.15123442364527184	4.16100744471279
1.5940418965242746	2.342977975052545
1.4609441993113277	2.765831430634015
0.6062438738049548	2.789149246950226
0.4355046299360914	2.88355218331659
2.3835215032556025	4.004093160030691
0.6411169361590108	4.276876160876205
1.2734795105589924	3.6329578751275826
0.24174105975294358	3.5509629103579967
0.5943249094730947	5.57698058102343
0.734886146208988	3.5333261558435263
0.3672945018150906	2.2513725164995195
2.0178360981909615	2.912800728575694
0.8165969615455693	2.6422907227502836
-0.3919058525060972	3.88633795070431
2.1004410893672856	5.037466984184229
0.5748324391447723	3.4351551306575443
2.1095013280222545	4.085926407332464
0.499945838732618	1.2001343257460482
1.348601393174681	3.637633795167725
2.1630746222947668	3.3275876378169467
1.6647131425359074	3.6551547970330542
3.190453069880146	4.030189541437424
2.1429372211053597	5.1954590582108615
1.1529697287730867	3.2495726762704424
-0.9444684955791232	1.8536804286720654
2.6151332763506514	5.13089697506104
1.6947816483719782	4.350269079128227
-0.9448307210919042	3.1272912567385336
1.3788212881444302	2.5142576696124572
1.302100667960974	2.9562972224236495
0.7734143160287671	2.993899489938862
0.10487571617391889	3.2240125528536248
0.19047865757414018	3.3518068769944698
1.6056222119278927	4.8217722710246225
2.200312804305957	4.401458668595282
1.6968996069803262	4.48291892208418
0.4495646019249897	4.2653681743156175
-0.42480988590284285	3.3815035819906
0.4472555310027744	1.368269142790246
0.5937530730198524	4.779665711936528
0.5790555955447378	3.720969764803955
0.5563567144302957	4.498790337917879
1.018054272117198	3.043579514040037
0.8502054795126321	3.277860533566438
2.088627231449874	5.56413429282239
1.715673801159654	4.0740721971637806
1.3251203483643326	3.2678498159511964
1.344423924471434	3.261548464088472
2.545618686775274	3.999912107233325
0.0873702074598095	3.5115736696380395
1.4796458616116892	2.4355186794193955
2.6543405871825074	4.519877576950941
1.1942414638869194	2.814865649828552
-0.13585053591864593	3.857732455890588
0.542195949055662	3.5014505401090474
2.136406442790404	6.259022142279372
1.2917831051868882	4.197144379779602
1.1158930046600017	4.043947878789537
0.9866033653977865	2.8172297188225537
1.2623372576120087	3.4997775229890755
0.9368774753813152	3.385150219774691
-0.7646312427112882	3.22317033071658
0.6376226220277293	2.1143135077557744
1.5140109858974602	2.1755126673719944
0.2722310849012115	2.836405760005472
-0.1380382934256783	4.68263679135938
0.7340192794253824	2.8619155705060604
0.6812195963189602	3.8449947262918656
-0.12160747461000221	3.281940138867129
2.0307338394442853	2.9576589823349506
0.662517724016817	2.317768101352002
1.9499568053796505	3.6775787104624813
1.5261964732623574	4.1308480435746455
-0.0640673005329262	3.7030319374094574
0.7594615506721364	3.8280325270360547
1.000236472510856	2.290607612246725
2.1729458201299297	3.7124195975964467
1.4912145185339944	4.11198713922005
-0.743620256407191	3.9245567818111913
0.46395414704531746	3.01403228661875
1.563655894437361	4.157000635226527
2.5683530393726017	4.534366786006753
1.3178185404247915	4.189387688094134
-0.737187551417249	3.079102695699441
0.45900390619298315	2.423356562155186
0.5169198592657478	4.13113267997412
-0.8384315850983171	4.737584122763553
1.2908953350929537	3.2898540318639427
1.0636594987776422	3.308414366395616
1.6248074428816024	2.96888607127985
1.6210379926063936	2.925350726670914
3.0786675653551874	3.0146531147089037
1.69054697669305	2.3309153767312
0.5556103842566309	3.6561574077772203
-0.10791866945119666	3.190161575202976
1.4389622111806126	5.317945528903974
1.24295415107341	2.617583309103277
0.336583045221054	4.168206405080956
0.3302294493581164	3.558699301862673
2.544806371760699	5.5298249210655
2.8409525436541596	5.395395023878476
1.372579089493041	4.275353881135096
0.2382841111917695	4.942109954992304
0.9490874797454124	2.7895745420567404
2.573791134785802	1.6894546603209042
2.0997821621592916	2.03692561200193
-0.3911205916064253	5.0426288171477704
2.2839776605493016	2.838880730451315
1.6221621506760566	1.8296252575135592
1.0486605694733608	3.262569393900835
1.2825294994390788	5.549053705152536
1.4952527469547243	5.164785426257512
1.4502314966554417	2.9760124653593314
-0.39477537179628275	3.286724626609186
-0.4558534028742634	-0.0033491170940772937
-1.0871095879516592	-1.1562035940664044
2.254151549659992	1.1732735080534702
0.7369712641827308	-0.41779494376319715
-0.4691259729437841	-1.5608365237866522
-0.4902497300414617	-0.26244759366556214
0.5036481995735601	1.1099997277391347
-0.9803247079041841	0.21799858142537443
0.81796432542432	0.30051478705151585
-0.7583714537622209	-1.184906937765976
0.6482812722822928	0.21629964656326084
0.6842461155128813	-2.151157031884704
-2.0059613718116367	0.031935250673159714
-0.08184285171264913	-1.8197941356184872
-0.5883177852773767	-0.6175708312024367
1.5825855842403371	-0.28231326391108164
-0.11805715606139884	-0.06173797033164454
3.209749610623291	0.6847091201650851
-0.49897564324268673	-1.3398105822954753
-1.7103638889307942	0.7761416874328677
-1.1510189699012465	0.5183833143845503
-0.9474951402521017	0.20203001101038506
-0.8795503724165601	-0.4550213175785266
-2.480895498810066	-0.4391937068212121
-1.5727170037897558	0.07255970704651372
1.1742557065296177	0.9177263664151406
-0.6233444096624938	-1.0335980406832586
0.3087471461467708	0.7221707779144617
-1.7752271029440352	-0.602895032723409
0.9121957318575316	0.2020582555320664
-0.7958959549038054	0.1079687010474495
1.0549693105708902	-2.2076631112059375
0.6922726449972276	-1.034983219424424
1.4273260648869264	-0.305065466827843
-0.47211133855792764	-0.4789304804889336
-0.2846032489364021	-0.683105471382814
0.43942009317402164	-0.5677661831729819
0.15763146780559872	2.687446292728587
1.033424243821269	1.2434885391321353
0.28877014519751504	0.13874929849714668
-0.9682105951262319	1.3587406463298797
0.5998904196003714	-1.1127081605078533
-0.4771965695292271	-1.0106924795670964
0.41023613064231956	0.2904057276621669
-0.18851424281505585	-1.2662323816841268
-0.6133907309997142	1.3804458241637643
-0.2207241988672414	0.6617550976355475
-0.09779104587582316	-1.0833002620474523
-0.9481668204584527	-0.7439435519091677
-1.1625708981465936	0.18940561638795067
-0.5350703801500493	0.3451623090896067
-0.7794157806973593	-0.01937870566860439
-1.9917918067199591	0.84453329130068
0.36008987014999416	-1.1696291159238892
0.23498166942766724	-0.7743334831925193
-0.4968863503459362	-0.0037984415467254193
-0.6030749605761867	0.4074038987640919
2.096081217472045	1.1839065381594225
-0.24996971776288385	-0.40417210915070756
-0.11879779358546447	-0.5463742660725043
1.0395879594126933	-1.2855328236824088
-1.092648407705784	-1.142643275533544
1.4570386641632076	0.806079905535709
-0.6922557707688641	0.13171202698424517
-0.3521169639741967	1.3304768008860957
0.2391694393335945	-1.0128539299364192
0.9478334486999559	1.1160711964825787
-0.8106518785397608	0.47048361543275524
-0.03163046953513627	1.0532559727355504
0.27644990304992684	-0.3649946214364562
-0.060084969073880626	-1.700747371914539
-0.6698051494736871	0.05239042497140497
1.8923653982142443	-1.4308188394038064
0.6708843517518015	0.5355357903156324
2.021919624341161	0.9374186864591031
0.3669933373992682	-0.48074458572731604
1.4693539772230677	-0.48193024983431654
-1.011772600288147	0.6701824840650017
1.1615706263912222	-0.19371649312401962
-0.14253177748442034	1.137898457348523
-1.286213094175932	0.474422300992045
-0.2940776803936659	-0.021156058879128397
0.651561937284467	-0.323596407582601
0.7209335481358141	1.7231326756245589
-0.36029257157341377	1.5818666960657568
0.8152224360348062	1.1508708351874355
0.5786626618859233	0.48614316420867354
0.8971474760061506	-0.8200009207139334
-0.47983258816094476	-1.2986811913993892
0.7943084889421718	-1.5239382027321802
0.0005969512671876471	0.3864033870556803
0.29920183670661404	1.260138676560079
1.2495386749238573	-0.34541642489230595
-0.7135380082006642	0.4740980477780934
0.9013881484998157	-1.3397152983684435
-0.09578452648308114	0.3651597397191346
0.5250037484404484	-0.5900171442955495
0.8701315628868855	-0.41971452478137455
-0.0776313911400284	0.28650171525491475
-0.7345274543078228	1.9935981465467396
-1.1998597305660221	-1.0281286281276303
0.2824204171373423	-0.9996981493845968
1.3254813696671242	-0.705082759434847
0.7247265343738141	0.265698680749483
0.9083345513063168	-0.9130752394343188
-0.46211604442295606	1.0009152392250087
-1.3337090381303862	-0.24926078132858798
-0.3512891007469836	1.0884168293385021
-1.578762309379801	0.7306163842279183
-0.9894376838845041	1.5790703458976587
-1.4811974930907514	0.7302683880770467
1.7989925730931906	-0.24336563612569131
-0.015769415215964918	-0.7216096182663766
0.21273013564199703	0.8288141315152467
-1.277182800522663	-1.3317247943415922
0.42525726950415116	0.3483109212917237
0.03269824523589256	0.3634981755273816
0.2361014622638566	-0.9815800324758953
0.1599860817396044	-0.40439657404739665
-0.5561592170049513	0.4550183373167823
-0.2945667118481661	0.4802230916632894
-1.8349710415275233	0.8042009353926229
0.7577050444831853	0.22801884448120716
0.72735953913248	0.5570224930166816
1.0771812611623346	-0.7362830917219969
-0.5028303747887725	-0.4072873441367763
-1.068740810617181	0.8339858467383074
-0.5066907062185109	-1.0448888139360035
-0.2894323178891208	0.5277727609783409
0.9851302457284052	1.0439415602362907
-0.04669957616100152	-0.339642807497315
0.1617143885299446	0.10907686172380543
-0.37431756568450625	-0.728086971972617
-0.8712827782517112	-0.3710033639906949
-0.572257268201615	-0.3236456283592917
0.8083940863493437	-0.3555500443227787
-0.06305033502667998	-1.8119577938584002
-1.375061213043266	-1.245165058062307
-1.1024148776069824	-0.22199937257117233
-1.047434354006501	1.2102934972329016
-1.1668043235284513	0.03311489323135793
-0.9125469617854057	0.2396025005348909
0.9513632824002292	-0.6216474087227813
-0.15670260134560485	0.2546090826496405
0.5100086918004401	-0.9553115375963346
2.1920789646614	0.5516274003149783
0.8782890173727196	1.9000016230899996
0.46436347667817574	-1.0781974428603636
0.11714802572869112	0.2691559612815352
-0.19942812015588268	0.5120251670661425
-0.759344955342859	0.48477010955970884
0.28392495318349203	-1.8787141397282094
0.46061695627264687	0.04872416729202492
0.5598928665484398	0.6114413454518218
-1.1267269625841143	-1.303190549317542
-0.06488151811057778	0.15416622932035756
0.6150477324980954	1.3143794157584807
1.920357114437419	0.322568267655105
1.7092981898286268	-2.213357893045447
-1.3976023989818758	0.7432063389493776
1.6653298582266425	1.272435166589986
-1.575263564931995	0.8015311059168929
0.5224429011983677	0.8498996692076044
1.9235456239159958	1.401022200098386
0.036715812669837256	-0.9481526022162952
-0.2943402334678116	2.249995488538423
0.05523877493346573	0.5990250613322855
0.5058724576148873	0.12884271833133323
-1.3712660645149646	0.09650149717089462
0.13907357397587683	1.4736288905559938
-1.5427063435366402	-0.371188852623657
0.23681905778413184	0.5890201602635526
-0.5572482770100046	-1.304639700828603
1.606843297486198	-0.15884573529551993
-1.0276331449519391	-1.0361155901812125
0.4055794126206128	-0.4375165706412527
-0.6309333506320823	-1.6141301797906484
-0.11891375536016606	2.1789820738879584
-0.9833184896648823	0.6018160892579434
-0.7998755750293454	2.0558079809018173
0.11001864302939318	0.15815765942535193
-0.3094519295547538	0.40012675806697856
-1.0276197473447424	-0.9251231253453088
0.46884775888657343	-0.1678928317102083
0.2672019434653567	-0.03274088585844214
0.09659543115614858	-0.2619211261037095
-1.4527112026092277	1.8117578767421876
-0.9759542392729074	-0.15988135323114086
-0.15294835029836729	-0.020661672429137412
-0.12147202892278279	1.1021862703618175
-0.3423347059631252	-0.5253097321436323
-0.3076873096416043	-0.2887383181408796
-1.0528643054453821	0.28353632998714484
1.0561648184174466	2.166598574086739
0.35428864064603427	0.5242988607024788
-1.2661087955465216	-1.0739073088058284
-0.8619408046615514	-0.36663453891732817
0.64419018648865	0.6154797908644812
-0.6843565168054281	-0.8400985624519569
-0.16783384175018146	1.1403554652345949
1.6657852456807265	-0.33575226459381213
-1.5476867086628123	1.711878254256981
-0.09589958832749605	1.6541144988534358
0.06705663963598477	0.2932116975158259
-0.24905443560861154	-1.2463317185138258
-1.3251700192652975	-0.30415327020603344
-0.3490425945173261	-0.14830233990913497
0.40054178508987986	-0.3773669032566814
0.14452001150991753	-0.43245347386227506
0.8073256537593153	0.016958447070563466
-0.09363625827331552	-0.5567948559210201
0.3372408089393577	-0.47832943159064856
0.003461822314639565	-0.13785303701270468
1.0667792332132429	0.3266886170246211
0.8420062719642396	-1.3661333249219598
-0.20991299199547786	0.44156550232166913
0.6573058208772179	0.9332598316525377
0.5637166024628263	1.6409044106946424
-0.7183228383989885	-0.6014360796423647
-1.3834461405985015	-1.455513097295829
0.17391778967222504	1.2934555214604238
-1.647790658832485	0.6216434453360841
-3.138600383516912	-0.9531074168947403
0.4004720158213039	-0.6418036288400195
-1.3434159409315485	0.9808948064954424
-1.4762063658231583	0.8129469424171996
-1.0937251763762785	1.5870275781712375
-0.5453352250945988	1.5759573669339382
0.5460793995866134	-1.5284953474974028
-0.7787463142829449	-0.3073891673182106
0.9254426042853219	-0.8643883831635683
0.08730941905310133	2.1565935649631967
0.7234953316183844	-0.8113912354729416
-1.2998114223602266	-0.4757181311872806
-1.2057260267736598	-1.7098805118447484
-0.20886538945687233	-0.5145543186961324
0.1616770197595525	-1.0056139595857057
-0.49899799076746154	-0.08151259416681546
0.4995625090055423	0.6668082888963439
0.008889011685213331	1.5652963389938506
0.024365951590521878	1.2356875048364464
-2.2683478385206453	-1.2437938159375421
0.4968491038387125	-1.351598871801056
0.7783776326647602	0.045806102775146726
-0.9786105779243027	-0.37698435915700157
-0.5376686860571329	-0.157676542060191
0.9786791586691489	1.823323558283479
-0.31748757246263487	2.406569848740104
0.0893869605292558	-0.2803060875071737
1.081547596408852	-0.30243874351488154
-0.3947639696344498	1.9325100423883235
-0.8712091367209698	-1.3623423277990891
-0.28501367743224804	1.3193634101167027
-1.2714414262729434	0.4430934028345499
1.5914252551671262	-1.7086220031906045
0.36714372146680635	-0.19078354860778107
-0.1583351938058356	-0.7595400638540515
-1.6184650881154825	-0.40433353043224607
1.966383833330933	0.8771237297813747
1.108009061483436	-1.6809622889537983
-0.5772847336823569	-0.29299932612900953
-1.0444751968316146	0.09451644399544837
1.5505352707976494	-0.7515401588063589
-0.13961089064856577	-0.21380526657022134
-0.5374663154367629	1.6500675805393972
3.659416383382276	-1.8514676473248546
0.46362928909248613	0.8727120177576658
0.9627691039443905	-1.2129386242337865
-0.8057289663812738	-1.8104296950539884
0.7894989107860186	1.290514384194363
0.41615864998106894	0.20538656355999746
-1.40352653115387	-0.8446629162421944
0.3360912159931146	-0.22210929172476937
0.5478912626808373	0.8412182600289354
0.1614882399430814	1.4840507783837584
-0.7925319581207559	-0.753733488065034
1.1614054194246786	-0.8552936973177618
0.9134474678075436	1.285278104677938
1.3861035161249429	0.944892711555057
-1.2037662058594476	0.2478257516550804
0.2788042190697028	-1.431897194055098
0.5686882697979416	-1.0567549890561652
0.37464193855689554	-1.2298595549595241
-1.3723126081784416	0.08735308034712287
0.07436136212451924	1.3325696705704704
0.4132908097909595	-0.29629303802789464
0.16484048074299337	-0.4014638210988375
-1.4161005231940875	-0.02349180043830301
-1.410828314499868	-0.7989571162804143
2.4233541543830186	1.0528174951304472
-0.16480053705809225	-1.6880689512384242
0.16952603030116906	0.402082926923738
0.5024019179422021	0.5253092833569181
-1.8115434020753869	2.211582876058227
-0.16048632632836837	-2.248246923758656
1.0425642223407816	-2.9787846028702663
0.8243948236205231	-1.8390975252802448
0.9555911554152731	0.9862348296995879
-0.19320732524309403	1.6972591315629535
-0.6605447242670345	2.219765842539958
2.1597102669594586	1.6347152485049359
-0.09557894922750228	-2.115707470234577
-0.8061210553478111	-0.7298741993959853
-2.1537757631470584	-1.221825154598322
-1.3314177316884925	-0.8604378594571265
-0.09844333020644751	-0.6433094656887988
-0.687696238103321	0.3367499996266554
0.6725862672365789	-0.3364161634951841
0.5689132113358687	1.3744859712808792
0.39301453815096793	-0.7823216830157047
0.6317184771832728	1.4900725375891566
-1.6095319174784732	0.4208038786018717
-1.376868147421999	0.10198766326806201
1.5315038710334203	-0.6736440242558257
-1.1398408871208472	1.5062617614396174
2.384329313905757	0.6071574485582046
0.5425312134327223	-1.2887845250614853
0.2600701789963189	0.4750523123381788
0.21376984521434167	1.4317077945465597
1.273341598479255	-1.4959335700264933
0.04952062996020768	0.21422002809122087
0.4351215877876936	-0.0814980303132745
-0.10563765638273659	0.7444491598742994
0.06032781515756547	-0.9686366211085126
0.7130718611506286	1.3583549045068233
0.34818936024121844	-1.6855183019860107
1.9726282131670232	-0.3669198588531532
0.7554037146829675	-0.08662406697670348
0.6666613397150016	-0.7934187360557932
-0.43476119441680183	0.16722844744456464
-0.4355682438043422	1.4628457565862176
-2.559811923824798	0.10403672479219912
-0.05593770099420529	-0.08597077093904494
0.8942640202041654	0.34556743143081975
1.019906687994953	0.9525818814970266
0.6319331063552778	-0.5111144583994602
0.0930672571859109	1.2267199659696209
0.1484504541092602	-0.688712241847631
0.15368157901882873	0.009668184938890375
0.8020904909780984	0.8456115686418912
-1.327189070440281	0.025371038636551043
0.8315445717626745	0.43110248768871073
1.3511327027577065	-0.553497993654592
0.6926392263336976	0.5563350241972667
-2.0920361775586866	-0.9001412487042253
1.3442266795862357	2.7030551959442
-0.06392256871122327	0.9293725106899206
1.4176589992412099	1.3102756138680505
-1.1335232003835412	1.8715629314573519
0.2302978233644844	2.0943899665812746
1.2526323351509354	1.069631217572873
0.46691851671607665	2.9677625401162024
-1.358615812199752	-0.6392333456904818
-0.5872153893275547	-0.5456380323113623
-0.2324441826689692	-0.7397300023178246
2.6182325061870264	1.0290760435802824
0.6923206456554466	-0.12452094109202899
0.741125466491056	-1.086624973129287
-1.670270517224779	-0.9476541114201247
-0.13286535413390824	0.010923286273480807
-0.1893149089042759	0.7996447867896523
-1.5565632914627243	-1.6790904588775704
-0.53168630470893	0.9007454687399707
-0.4977367035077726	-0.0028013152788898136
-1.2171810917567294	-1.096954829684757
-0.3418663714167291	-0.502012176439204
0.9130336510861005	0.28979881366386406
-2.0410469750529394	-1.1352753363852979
1.1084192693109483	0.336009151496729
0.0549499115082224	-0.08659286170922427
-1.5099313821914562	-0.2408152482239005
0.11687903878053327	0.09468162819606309
0.16481946970129369	-0.46600997239159375
0.5980406756693574	1.1560828931507305
0.024522071424290207	-0.9506493178375346
0.3144402973497036	-0.2773856424791119
-1.7414151083664509	-2.145203787222959
0.47972076550267584	-0.47807163327458246
1.079480776791478	1.916538171792479
0.34846687159308115	-0.5402167574101789
0.011797805684268374	-1.2975470235469542
-2.90812756030004	-0.7777445066968864
-0.5183163917660125	-0.2008486138339625
0.5429166864181442	-0.20834734140361058
0.4837506065291123	-0.496868018760633
-0.8866533709884533	-1.831874472424429
-0.03213939119876816	0.8803700600525851
0.30787852155336154	1.5745983933507133
1.9391320607746327	-1.4889417794306927
-0.33272430075979764	-1.2301317954235615
1.0429291901780267	-0.8602031986212727
-0.16499868661291692	0.08971724972779521
-0.052101188694072605	-0.23669701042582683
0.9921032559322296	-0.4325766556270691
-1.0383405494372036	-0.49639396740389247
1.198522221438305	-1.231216490317923
0.09170706758273087	-0.42928704568365583
0.46170559368463876	0.21425632812739517
-0.2980748814075911	-1.6530393387559446
-0.0999232468069642	0.4980138195199702
7.959957935203072	2.665294442222535
8.344322985487516	2.0944536911829608
10.254327751672168	3.5018650429937708
8.063503786294332	1.8692450096161113
10.10992950099019	1.812219415801615
9.050473472864594	2.4119755336569675
10.672931882773174	4.267474414905035
9.342151633267585	2.3622106880882674
10.467953992588836	1.8987304133343859
13.17093498319042	1.0963176326401696
8.095192772435597	2.352395289158878
10.406582384678	1.6679203590536527
8.771586053423581	3.7209071662095683
10.545376080894536	1.9515249454478902
9.945164476940825	2.226801086565368
9.730966497399667	0.8439792309924661
8.954802727751755	1.911817123988398
9.81394789730938	0.5302009895817439
8.592915814317267	0.8592697801798914
9.451398170295812	3.1183787753738064
10.804162519966024	1.1050077087402337
11.483171402284611	1.419285475546658
10.492192891849784	2.0204825481662874
10.402527335799585	1.985379942228672
9.824092381067802	3.2510557889624017
10.684295786820323	2.6548311122776576
11.39132680081999	3.320168952186206
9.288392349691557	2.1042096568770736
7.471982321578758	1.174412706153387
11.109244344978903	2.2947189508081736
10.630711144138903	0.35571312086862683
9.49033827007684	1.1802784039987366
10.88131060516322	1.2474461451591454
10.668365240514348	0.4655483331471777
9.599050684657424	2.3410768535258413
12.018130796465128	2.3439569325547907
9.051103472331125	2.285580739852753
9.881162450529217	0.8152242954037072
9.425526867541974	2.4390894729055974
11.903497435652847	1.3327862500676095
9.99955500100284	2.333042939382545
8.891767251127378	4.045383272936968
9.530182821000954	0.8027670342442237
10.189533561073384	2.159894254382217
9.670967831380214	1.5624780313689215
10.575195249438123	1.839626732637532
9.644125902555258	2.943490173704493
10.574707039079412	0.46850888128354073
8.244993433410208	3.204778635078413
9.089562892408244	1.2900683508324722
10.754300624697123	2.776582673572045
8.424813469342148	1.8980982912686062
11.087232246295034	4.42197571961973
10.66082938855384	0.9229541073322762
10.300280500839532	0.79305685467544
11.039075500407243	2.4884685246115277
8.053162226761279	0.9439919961250394
8.854330556025394	2.8869556541900856
9.254398859185256	0.6568426346674643
10.105796275234662	0.8057599471040993
8.249966906009998	2.8288421092279554
12.169573109393605	0.541146365818068
10.921857599462628	-0.4316741798316661
9.619246616483547	4.121775563905998
11.720311283732823	2.5192844467958446
10.805467912396198	2.5731060742008474
11.24655085174653	3.920903516181916
9.382482749863719	0.5655552001172388
9.193616055142806	2.909495654566098
10.218186964338429	2.711692134353362
10.671111345795223	2.921561070587655
9.449831722593151	1.6634108340355818
9.893752430422584	1.17862687033973
8.980145045935895	2.5555040774012703
11.66760743532309	1.0240859898476566
9.057037192460827	2.1301289081756565
10.627469472573166	4.271517811847119
9.601607652884184	3.3777937096594064
6.576807632303151	2.0832910651473004
10.332978909845304	2.2714371000694475
10.397019864538327	0.7578600939107083
9.24373884745469	2.1704946023606606
9.200597587845218	1.3457165811758265
10.31067420898739	3.5452146585190905
11.39265139650825	1.7786297928638564
11.958329034563208	2.355249710684321
9.4395111501697	2.153590890402767
9.694043490528252	-0.355821715878323
10.581827722306267	2.1423743872121257
9.635837296377687	3.136775918926648
10.430981413461335	1.4968829616941255
11.729085074119336	1.4630516643024525
11.04894375060357	1.4527165731505063
9.669881016171411	0.743079840393974
8.681216572426223	2.2245791405611586
9.294342120449535	1.4551822363780929
9.03850859226371	1.2566286585074444
10.522672207616374	2.612856488396507
10.46106307591034	2.189510793968149
10.184360185442971	1.8950268077784393
10.516012883331037	2.6484099039889863
8.411805263992388	1.4581194838125007
11.181393900645936	0.5154730350666314
11.733402971159856	1.4062256270424833
9.320601033853238	3.254389889985375
9.173515231874385	0.9070505355495013
8.353372534970347	-0.40823722744643165
9.52931393640227	1.3621837780700026
10.0776219323979	3.4034645081079278
7.787342926779312	0.32807321785430443
11.559553467280766	3.2859855740875403
8.606937144394616	3.1564858026946534
11.239990736545652	2.6001826943752437
9.663098410224485	3.5730614165484105
9.072101249543138	2.9335176036097446
12.148563033409214	2.4263589833657555
9.700843186402015	1.912787451314502
9.182910697775442	0.32128738766965603
10.628335121156928	3.668042975373229
11.527850339037705	2.6377758926509434
11.60367831887981	-0.20286637914606231
10.332706052523083	1.4478534535977343
8.85578526421798	2.2148433792971756
11.964706397151456	2.946197990430681
10.159342270095495	1.5416513587421687
10.115570959636319	2.799240468265647
10.423131681426048	3.523539608464497
9.21121106034233	2.42801696389802
10.768877203315935	1.8117107788825921
9.855625121661118	2.032284433178112
9.929400367907803	2.1883391524483033
10.582639051106394	0.47379831452457055
9.33297898967767	2.55196860863068
10.058500394608497	1.8287390936281358
10.495524007972046	2.7884236935775015
11.296346326167617	2.3569666073308957
11.304051597339498	2.4645292356852857
10.083337269188586	2.1593800487361245
10.86394954450761	0.5709080770643593
11.55193194882363	2.023994529190503
9.012283840451248	3.735360182496859
10.942380210006515	0.3908856373077554
10.537560242561526	0.14274928412505883
11.00905714285483	3.5367431727481144
9.571189630142019	2.0529130766341517
9.50659542576032	1.1640017984685378
11.26115208626737	2.6585323442453426
11.617330196776576	1.314494336781524
10.639473866982524	1.404345619022605
10.118792972996882	1.0412714164954306
10.739645800580476	3.234807805479668
11.72995123858373	-0.6519653078000216
10.985856714482036	4.298946246633957
10.42761881892909	1.2546550393478535
9.336577318163512	1.3076974286959366
9.761761611454494	0.4368769754753161
10.52035037111788	3.156385125292296
9.796354331402174	0.8573907558370573
9.126705485650612	1.2697319490078667
10.878469478797015	1.1647711571508699
10.37492763238409	1.8110279338505242
8.261737215581316	2.282420027467582
10.497149611614054	2.6949923435275838
8.23909592300351	1.380850066277901
9.198717894364947	1.054630956073662
10.542205060299429	2.8148439007202573
9.182897259647229	1.865920274190633
8.95271168605246	1.6605622306842611
10.344606193981145	2.1281438428331363
10.662573676274867	2.325885793106452
11.276912129533983	2.4411599183172363
13.37739315972925	3.5488188100804425
10.219343194942356	2.8328286759387717
9.92505144973967	0.9027985089487232
10.496558146802014	-0.044655209846126365
9.791386027719035	3.3814870735905362
11.519942451876293	2.1501153668922197
8.904575721615267	3.0623589661456068
8.205369005229883	1.7627396748287367
8.730882059444598	1.9617198819308324
10.07882493464612	1.7417725382385674
9.47090637890683	3.049056793615336
9.271785898985085	3.7531922698267444
10.218381847080238	0.9118810419707741
10.066570732020525	1.6419279994380709
7.548340630002702	2.4691467240647014
11.143307429742732	1.1726500163843627
10.556186456635196	1.5774707430230475
9.46602494923081	1.403100087200643
10.550881082997451	1.606454566186441
9.419575587463408	1.566760887899079
10.197835151071104	1.086165194392672
10.179151532733936	0.5465069591153995
10.235080650262766	2.992676705043314
9.73285140712283	1.9643151348356525
8.23259180905731	2.359251511777933
9.840884502151825	2.6631801463495908
9.048640920067845	2.153642260324303
9.336537346008601	2.9710602137601945
8.89222946825618	1.6203550227324484
9.461560102961382	1.0217212534133966
10.972011324303006	1.3485395058453686
8.880131216530673	0.5739531211672686
9.596174251268502	2.1183294777133708
9.45344801018517	1.3724784602490439
10.377943928054616	3.5570150470472557
11.262928934296028	0.627180321996069
10.77598975850591	2.45127905821185
11.755266247242886	4.624024025096801
9.219336169125294	3.0593916674840207
9.667607245578221	0.8052960708079688
8.851262354671746	0.46799912891546924
10.542744753107517	2.6468803416025946
9.937546816800696	2.730561115947016
10.974702426163546	2.0956360968121945
10.049790379680797	5.237071970636543
10.476572262175232	3.121966562574028
10.571872255559319	-0.39605540779443826
8.565761825610569	2.213664447477287
11.498487196397082	3.0828960582881217
11.574910808903873	2.3188210219152428
10.249276040509116	0.8433806688697139
9.967415926065982	2.244581398178348
9.36886679294449	2.421941495943054
9.038493886847569	2.845813397257327
10.285997517077064	2.9588057141254316
10.820457550713455	1.7500736281788811
10.58556567607232	2.522999992440618
9.623857939825198	2.2629811168763507
8.98657214636978	1.1928814290689744
9.136351826531929	1.7600551579258696
10.173984181943364	2.1628956126545
10.197345274938328	1.571895047147237
9.876008841445111	3.2820069384133808
11.840391002141343	2.6851009873334633
9.848886270627192	3.525690206755704
9.71303004064936	1.523102520695605
9.521416894965366	1.432185592801503
9.518919429394595	1.0410366466800391
11.763967827138204	-0.012613390380684653
10.00582970827357	1.1565400090103313
9.603918921085226	2.3814380215400055
8.609869048737758	3.3513669210830033
9.558047469451154	2.579985324810728
8.823680933372245	2.466513467134209
10.308908134687675	0.19584328226733883
10.66744794336378	3.2415266883156413
10.617060652198578	2.1472145444991364
10.620293476894135	2.5329717035464334
9.811038711288216	1.5139976902887589
9.982232003092365	1.00998906561726
10.04353015967005	-0.3139438384130857
9.528763683784272	2.07593206128841
10.785556684809677	2.164414998595759
8.827160403720923	2.304199576535209
9.927914574944268	1.4089836037917305
10.432167194682789	0.9171162999536768
10.875687613708982	1.2524012740636654
9.42172369165708	1.4174263572222148
11.625903038845227	1.1242551710282136
10.02916643802206	2.4832873892684217
9.521653418747134	1.89311800501233
9.370129336737742	2.6094678431830896
9.023851712688366	1.3827652556359677
10.148454137133594	3.311739965370701
11.963203151104398	1.9823973477751242
9.535285845115439	2.304420988985364
11.371321848397995	2.2953948652499587
8.574917059766825	0.9326619566396319
10.056750622288279	1.5697235797875095
11.81784685191333	1.3189399295017024
9.905581690242787	1.628436049010295
10.543123436221713	2.8109689155864626
8.563354900325578	2.3479734812089372
10.88988108601509	2.9911192687800368
8.075524450882671	2.5419448038608694
11.550000762807976	2.4202558384937403
10.52896700178189	0.7235727374143859
10.27014601167526	0.7568378758492906
9.782546369964694	4.227213565605663
11.914978167263932	3.0185345691281484
10.342097342808604	0.27833105658373025
10.39548641591534	2.6659572123440967
9.872892992008039	2.3075740770298485
9.164233841076074	2.020525063469907
8.848765576354728	2.5610074447127897
10.594041896524274	0.7429779750525447
10.460944199311328	1.165831430634015
9.606243873804955	1.189149246950226
9.43550462993609	1.2835521833165897
11.383521503255603	2.4040931600306905
9.64111693615901	2.6768761608762057
10.273479510558992	2.0329578751275825
9.241741059752943	1.9509629103579968
9.594324909473094	3.9769805810234304
9.734886146208988	1.9333261558435262
9.36729450181509	0.6513725164995192
11.017836098190962	1.3128007285756937
9.816596961545569	1.0422907227502838
8.608094147493903	2.28633795070431
11.100441089367285	3.437466984184228
9.574832439144773	1.8351551306575442
11.109501328022255	2.4859264073324643
9.499945838732618	-0.3998656742539519
10.34860139317468	2.037633795167725
11.163074622294767	1.7275876378169466
10.664713142535907	2.055154797033054
12.190453069880146	2.430189541437424
11.14293722110536	3.5954590582108614
10.152969728773087	1.6495726762704424
8.055531504420877	0.2536804286720653
11.615133276350651	3.53089697506104
10.694781648371979	2.750269079128227
8.055169278908096	1.5272912567385335
10.37882128814443	0.9142576696124571
10.302100667960973	1.3562972224236494
9.773414316028767	1.3938994899388615
9.104875716173918	1.624012552853625
9.19047865757414	1.7518068769944697
10.605622211927892	3.221772271024622
11.200312804305957	2.8014586685952825
10.696899606980326	2.8829189220841807
9.44956460192499	2.6653681743156175
8.575190114097158	1.7815035819906002
9.447255531002774	-0.23173085720975406
9.593753073019853	3.1796657119365275
9.579055595544737	2.120969764803955
9.556356714430295	2.8987903379178794
10.018054272117197	1.443579514040037
9.850205479512631	1.6778605335664383
11.088627231449873	3.96413429282239
10.715673801159655	2.4740721971637805
10.325120348364333	1.6678498159511963
10.344423924471434	1.6615484640884721
11.545618686775274	2.399912107233325
9.08737020745981	1.9115736696380392
10.47964586161169	0.8355186794193954
11.654340587182508	2.919877576950941
10.19424146388692	1.214865649828552
8.864149464081354	2.2577324558905882
9.542195949055662	1.9014505401090473
11.136406442790404	4.6590221422793725
10.291783105186887	2.597144379779602
10.115893004660002	2.4439478787895372
9.986603365397787	1.2172297188225536
10.262337257612009	1.8997775229890754
9.936877475381316	1.7851502197746913
8.235368757288711	1.62317033071658
9.63762262202773	0.5143135077557741
10.51401098589746	0.5755126673719941
9.272231084901211	1.2364057600054719
8.861961706574322	3.08263679135938
9.734019279425382	1.2619155705060603
9.681219596318961	2.2449947262918655
8.878392525389998	1.6819401388671287
11.030733839444284	1.3576589823349505
9.662517724016817	0.7177681013520019
10.949956805379651	2.077578710462481
10.526196473262358	2.5308480435746454
8.935932699467074	2.1030319374094573
9.759461550672137	2.2280325270360546
10.000236472510856	0.6906076122467251
11.172945820129929	2.1124195975964466
10.491214518533994	2.5119871392200497
8.25637974359281	2.324556781811191
9.463954147045317	1.4140322866187498
10.56365589443736	2.557000635226527
11.568353039372601	2.9343667860067537
10.317818540424792	2.5893876880941336
8.262812448582752	1.4791026956994406
9.459003906192983	0.8233565621551859
9.516919859265748	2.531132679974119
8.161568414901684	3.1375841227635526
10.290895335092953	1.6898540318639423
10.063659498777643	1.7084143663956157
10.624807442881602	1.36888607127985
10.621037992606393	1.325350726670914
12.078667565355188	1.4146531147089036
10.69054697669305	0.7309153767312
9.555610384256632	2.0561574077772202
8.892081330548804	1.590161575202976
10.438962211180613	3.7179455289039733
10.24295415107341	1.0175833091032769
9.336583045221055	2.5682064050809554
9.330229449358116	1.958699301862673
11.544806371760698	3.9298249210654994
11.84095254365416	3.7953950238784753
10.37257908949304	2.675353881135096
9.238284111191769	3.3421099549923046
9.949087479745412	1.1895745420567403
11.573791134785802	0.0894546603209041
11.099782162159292	0.43692561200193003
8.608879408393575	3.442628817147771
11.2839776605493	1.238880730451315
10.622162150676056	0.2296252575135591
10.04866056947336	1.662569393900835
10.282529499439079	3.949053705152536
10.495252746954725	3.5647854262575125
10.450231496655443	1.3760124653593313
8.605224628203718	1.6867246266091858