-2.040042064796928	0.665294442222535
-1.6556770145124846	0.09445369118296072
0.25432775167216715	1.5018650429937708
-1.9364962137056685	-0.1307549903838888
0.10992950099019087	-0.18778058419838498
-0.9495265271354055	0.4119755336569673
0.672931882773174	2.2674744149050343
-0.6578483667324143	0.36221068808826745
0.467953992588835	-0.10126958666561418
3.1709349831904214	-0.9036823673598303
-1.9048072275644026	0.3523952891588782
0.40658238467800034	-0.33207964094634745
-1.2284139465764192	1.7209071662095685
0.5453760808945373	-0.04847505455210968
-0.05483552305917607	0.22680108656536796
-0.2690335026003328	-1.156020769007534
-1.0451972722482445	-0.08818287601160192
-0.18605210269062034	-1.4697990104182561
-1.4070841856827332	-1.1407302198201086
-0.5486018297041874	1.1183787753738064
0.8041625199660246	-0.8949922912597663
1.483171402284611	-0.5807145244533419
0.4921928918497844	0.020482548166287494
0.40252733579958516	-0.014620057771327985
-0.17590761893219797	1.2510557889624017
0.6842957868203238	0.6548311122776574
1.39132680081999	1.3201689521862063
-0.7116076503084425	0.10420965687707373
-2.528017678421242	-0.825587293846613
1.1092443449789031	0.29471895080817373
0.6307111441389032	-1.6442868791313732
-0.5096617299231592	-0.8197215960012633
0.8813106051632199	-0.7525538548408546
0.6683652405143473	-1.5344516668528223
-0.40094931534257605	0.3410768535258415
2.0181307964651274	0.3439569325547908
-0.9488965276688761	0.2855807398527526
-0.11883754947078302	-1.1847757045962928
-0.5744731324580258	0.4390894729055973
1.9034974356528476	-0.6672137499323905
-0.0004449989971613048	0.33304293938254487
-1.1082327488726218	2.0453832729369688
-0.46981717899904624	-1.1972329657557763
0.18953356107338382	0.15989425438221716
-0.3290321686197864	-0.43752196863107856
0.5751952494381221	-0.160373267362468
-0.35587409744474197	0.943490173704493
0.5747070390794115	-1.5314911187164593
-1.7550065665897914	1.2047786350784133
-0.9104371075917562	-0.7099316491675277
0.7543006246971223	0.7765826735720452
-1.5751865306578516	-0.10190170873139383
1.0872322462950346	2.42197571961973
0.66082938855384	-1.0770458926677238
0.30028050083953245	-1.20694314532456
1.0390755004072425	0.4884685246115275
-1.946837773238722	-1.0560080038749606
-1.145669443974606	0.8869556541900857
-0.7456011408147442	-1.3431573653325357
0.10579627523466216	-1.1942400528959007
-1.7500330939900026	0.8288421092279555
2.1695731093936046	-1.458853634181932
0.9218575994626288	-2.431674179831666
-0.3807533835164529	2.121775563905998
1.720311283732822	0.5192844467958446
0.8054679123961983	0.5731060742008472
1.2465508517465294	1.9209035161819157
-0.6175172501362809	-1.4344447998827612
-0.8063839448571944	0.909495654566098
0.21818696433842807	0.7116921343533619
0.6711113457952226	0.9215610705876548
-0.5501682774068491	-0.3365891659644181
-0.10624756957741681	-0.8213731296602701
-1.0198549540641046	0.5555040774012701
1.6676074353230899	-0.9759140101523432
-0.9429628075391732	0.13012890817565642
0.6274694725731653	2.271517811847119
-0.3983923471158172	1.3777937096594064
-3.423192367696849	0.0832910651473006
0.33297890984530365	0.27143710006944755
0.3970198645383274	-1.2421399060892917
-0.7562611525453107	0.17049460236066047
-0.7994024121547819	-0.6542834188241734
0.3106742089873896	1.5452146585190907
1.3926513965082492	-0.22137020713614358
1.9583290345632078	0.3552497106843209
-0.5604888498302996	0.1535908904027669
-0.3059565094717479	-2.355821715878323
0.5818277223062676	0.1423743872121256
-0.36416270362231246	1.1367759189266482
0.4309814134613352	-0.5031170383058744
1.7290850741193369	-0.5369483356975475
1.0489437506035693	-0.5472834268494938
-0.3301189838285882	-1.256920159606026
-1.318783427573777	0.22457914056115855
-0.7056578795504657	-0.5448177636219071
-0.961491407736289	-0.7433713414925556
0.5226722076163742	0.6128564883965071
0.46106307591034107	0.1895107939681489
0.18436018544297073	-0.1049731922215607
0.5160128833310368	0.6484099039889863
-1.5881947360076123	-0.5418805161874993
1.1813939006459364	-1.4845269649333686
1.7334029711598564	-0.5937743729575168
-0.6793989661467624	1.2543898899853747
-0.8264847681256157	-1.0929494644504987
-1.6466274650296526	-2.4082372274464316
-0.47068606359773063	-0.6378162219299975
0.0776219323978995	1.4034645081079276
-2.212657073220688	-1.6719267821456956
1.5595534672807656	1.2859855740875406
-1.3930628556053848	1.1564858026946534
1.2399907365456513	0.6001826943752436
-0.33690158977551427	1.5730614165484105
-0.9278987504568612	0.9335176036097445
2.1485630334092143	0.42635898336575534
-0.2991568135979845	-0.08721254868549802
-0.8170893022245582	-1.678712612330344
0.6283351211569285	1.668042975373229
1.5278503390377056	0.6377758926509434
1.6036783188798096	-2.2028663791460623
0.3327060525230828	-0.5521465464022658
-1.1442147357820194	0.2148433792971754
1.9647063971514562	0.9461979904306812
0.15934227009549531	-0.45834864125783137
0.11557095963631836	0.799240468265647
0.42313168142604834	1.5235396084644972
-0.7887889396576687	0.42801696389801996
0.768877203315935	-0.18828922111740792
-0.1443748783388825	0.032284433178111686
-0.07059963209219726	0.18833915244830324
0.5826390511063939	-1.5262016854754294
-0.6670210103223296	0.55196860863068
0.05850039460849809	-0.17126090637186428
0.49552400797204554	0.7884236935775015
1.2963463261676167	0.35696660733089547
1.3040515973394975	0.4645292356852856
0.08333726918858712	0.1593800487361246
0.8639495445076105	-1.4290919229356407
1.5519319488236283	0.023994529190503055
-0.9877161595487524	1.735360182496859
0.9423802100065146	-1.6091143626922446
0.5375602425615265	-1.8572507158749412
1.00905714285483	1.5367431727481144
-0.4288103698579815	0.05291307663415146
-0.49340457423968	-0.8359982015314621
1.2611520862673697	0.6585323442453428
1.617330196776576	-0.685505663218476
0.6394738669825243	-0.5956543809773951
0.11879297299688248	-0.9587285835045695
0.7396458005804751	1.234807805479668
1.7299512385837301	-2.6519653078000216
0.9858567144820367	2.2989462466339567
0.4276188189290908	-0.7453449606521465
-0.6634226818364877	-0.6923025713040635
-0.23823838854550566	-1.5631230245246839
0.5203503711178794	1.156385125292296
-0.20364566859782546	-1.1426092441629427
-0.8732945143493875	-0.7302680509921333
0.878469478797015	-0.8352288428491301
0.37492763238408916	-0.1889720661494759
-1.7382627844186835	0.282420027467582
0.49714961161405385	0.6949923435275838
-1.7609040769964899	-0.619149933722099
-0.8012821056350523	-0.9453690439263379
0.5422050602994293	0.814843900720257
-0.8171027403527713	-0.1340797258093668
-1.0472883139475402	-0.33943776931573894
0.3446061939811454	0.12814384283313643
0.6625736762748667	0.32588579310645205
1.2769121295339831	0.4411599183172364
3.3773931597292504	1.5488188100804425
0.21934319494235624	0.832828675938772
-0.07494855026033068	-1.0972014910512768
0.49655814680201515	-2.0446552098461264
-0.20861397228096465	1.3814870735905365
1.5199424518762938	0.15011536689221952
-1.0954242783847332	1.062358966145607
-1.7946309947701167	-0.23726032517126316
-1.2691179405554014	-0.03828011806916764
0.07882493464611906	-0.2582274617614327
-0.5290936210931687	1.0490567936153359
-0.7282141010149148	1.7531922698267446
0.2183818470802371	-1.0881189580292259
0.06657073202052509	-0.35807200056192906
-2.451659369997298	0.4691467240647015
1.143307429742732	-0.8273499836156373
0.556186456635196	-0.4225292569769524
-0.5339750507691896	-0.596899912799357
0.5508810829974516	-0.39354543381355916
-0.5804244125365928	-0.433239112100921
0.19783515107110428	-0.9138348056073279
0.17915153273393591	-1.4534930408846005
0.2350806502627668	0.9926767050433141
-0.2671485928771705	-0.035684865164347615
-1.7674081909426913	0.359251511777933
-0.15911549784817575	0.663180146349591
-0.9513590799321555	0.1536422603243032
-0.6634626539913997	0.9710602137601944
-1.1077705317438193	-0.37964497726755175
-0.5384398970386179	-0.9782787465866034
0.972011324303006	-0.6514604941546314
-1.1198687834693277	-1.4260468788327314
-0.40382574873149774	0.11832947771337081
-0.5465519898148307	-0.6275215397509561
0.37794392805461574	1.5570150470472557
1.2629289342960273	-1.372819678003931
0.7759897585059102	0.45127905821184994
1.7552662472428868	2.6240240250968014
-0.7806638308747057	1.0593916674840205
-0.3323927544217787	-1.1947039291920312
-1.1487376453282527	-1.5320008710845308
0.5427447531075162	0.6468803416025947
-0.06245318319930439	0.7305611159470158
0.9747024261635456	0.09563609681219462
0.049790379680796276	3.237071970636543
0.47657226217523224	1.1219665625740276
0.5718722555593178	-2.3960554077944383
-1.4342381743894317	0.21366444747728708
1.498487196397082	1.0828960582881217
1.5749108089038726	0.31882102191524286
0.24927604050911667	-1.1566193311302861
-0.032584073934017195	0.24458139817834787
-0.6311332070555115	0.421941495943054
-0.9615061131524314	0.8458133972573273
0.2859975170770644	0.9588057141254318
0.8204575507134545	-0.24992637182111882
0.5855656760723198	0.522999992440618
-0.3761420601748016	0.2629811168763508
-1.013427853630221	-0.8071185709310256
-0.8636481734680723	-0.2399448420741304
0.173984181943364	0.16289561265449992
0.19734527493832885	-0.42810495285276295
-0.12399115855488838	1.2820069384133808
1.8403910021413439	0.6851009873334634
-0.15111372937280845	1.525690206755704
-0.2869699593506411	-0.476897479304395
-0.4785831050346337	-0.5678144071984969
-0.4810805706054052	-0.9589633533199609
1.763967827138204	-2.0126133903806847
0.005829708273570536	-0.8434599909896686
-0.3960810789147742	0.3814380215400053
-1.390130951262241	1.3513669210830033
-0.44195253054884587	0.5799853248107278
-1.176319066627756	0.466513467134209
0.3089081346876742	-1.8041567177326612
0.6674479433637797	1.2415266883156415
0.6170606521985786	0.14721454449913643
0.6202934768941347	0.5329717035464335
-0.1889612887117837	-0.48600230971124103
-0.017767996907634327	-0.99001093438274
0.043530159670050556	-2.3139438384130857
-0.47123631621572765	0.0759320612884098
0.7855566848096777	0.164414998595759
-1.1728395962790776	0.30419957653520896
-0.0720854250557329	-0.5910163962082696
0.43216719468278797	-1.0828837000463232
0.8756876137089811	-0.7475987259363347
-0.5782763083429202	-0.5825736427777853
1.625903038845227	-0.8757448289717863
0.029166438022058847	0.4832873892684215
-0.4783465812528666	-0.10688199498766995
-0.6298706632622585	0.6094678431830894
-0.9761482873116338	-0.6172347443640323
0.14845413713359462	1.3117399653707011
1.9632031511043986	-0.01760265222487584
-0.4647141548845611	0.3044209889853644
1.3713218483979956	0.2953948652499586
-1.4250829402331753	-1.067338043360368
0.05675062228827939	-0.4302764202124904
1.8178468519133297	-0.6810600704982976
-0.09441830975721355	-0.37156395098970507
0.5431234362217118	0.8109689155864626
-1.4366450996744213	0.34797348120893723
0.8898810860150885	0.991119268780037
-1.924475549117329	0.5419448038608695
1.550000762807975	0.42025583849374015
0.52896700178189	-1.2764272625856141
0.2701460116752607	-1.2431621241507094
-0.21745363003530682	2.227213565605662
1.9149781672639323	1.0185345691281484
0.3420973428086041	-1.7216689434162697
0.3954864159153387	0.6659572123440969
-0.1271070079919622	0.3075740770298485
-0.8357661589239268	0.020525063469906967
-1.1512344236452718	0.5610074447127896
0.5940418965242747	-1.2570220249474553
0.46094419931132763	-0.8341685693659852
-0.3937561261950452	-0.810850753049774
-0.5644953700639086	-0.7164478166834104
1.3835215032556027	0.4040931600306906
-0.3588830638409893	0.6768761608762056
0.2734795105589924	0.03295787512758248
-0.7582589402470564	-0.0490370896420032
-0.4056750905269053	1.9769805810234302
-0.2651138537910121	-0.06667384415647382
-0.6327054981849094	-1.3486274835004808
1.0178360981909615	-0.6871992714243064
-0.1834030384544307	-0.9577092772497162
-1.3919058525060972	0.28633795070430995
1.1004410893672856	1.4374669841842282
-0.4251675608552277	-0.16484486934245587
1.1095013280222543	0.48592640733246445
-0.500054161267382	-2.399865674253952
0.348601393174681	0.03763379516772523
1.163074622294767	-0.27241236218305337
0.6647131425359075	0.05515479703305395
2.190453069880146	0.4301895414374241
1.1429372211053594	1.5954590582108614
0.15296972877308676	-0.3504273237295577
-1.9444684955791232	-1.7463195713279347
1.6151332763506514	1.5308969750610402
0.6947816483719782	0.7502690791282268
-1.9448307210919042	-0.4727087432614666
0.3788212881444301	-1.0857423303875429
0.3021006679609738	-0.6437027775763505
-0.2265856839712329	-0.6061005100611385
-0.8951242838260811	-0.37598744714637516
-0.8095213424258598	-0.24819312300553026
0.6056222119278927	1.2217722710246222
1.2003128043059574	0.8014586685952825
0.6968996069803262	0.8829189220841805
-0.5504353980750103	0.6653681743156173
-1.4248098859028429	-0.21849641800939984
-0.5527444689972256	-2.231730857209754
-0.40624692698014764	1.1796657119365277
-0.4209444044552622	0.12096976480395474
-0.4436432855697044	0.8987903379178792
0.018054272117197852	-0.5564204859599631
-0.14979452048736788	-0.3221394664335618
1.088627231449874	1.96413429282239
0.7156738011596541	0.4740721971637806
0.32512034836433257	-0.33215018404880364
0.3444239244714339	-0.3384515359115279
1.5456186867752741	0.3999121072333251
-0.9126297925401905	-0.08842633036196071
0.4796458616116892	-1.1644813205806046
1.6543405871825076	0.9198775769509409
0.19424146388691946	-0.7851343501714482
-1.135850535918646	0.257732455890588
-0.457804050944338	-0.09854945989095266
1.136406442790404	2.659022142279372
0.2917831051868881	0.597144379779602
0.11589300466000166	0.44394787878953706
-0.013396634602213537	-0.7827702811774464
0.26233725761200877	-0.10022247701092447
-0.0631225246186848	-0.2148497802253087
-1.7646312427112882	-0.3768296692834202
-0.36237737797227065	-1.4856864922442259
0.5140109858974602	-1.4244873326280059
-0.7277689150987885	-0.763594239994528
-1.1380382934256783	1.0826367913593802
-0.2659807205746177	-0.7380844294939398
-0.3187804036810398	0.24499472629186556
-1.1216074746100022	-0.3180598611328713
1.030733839444285	-0.6423410176650495
-0.3374822759831831	-1.2822318986479981
0.9499568053796505	0.07757871046248131
0.5261964732623574	0.5308480435746455
-1.0640673005329262	0.10303193740945729
-0.24053844932786364	0.22803252703605456
0.0002364725108558698	-1.309392387753275
1.1729458201299297	0.11241959759644653
0.4912145185339945	0.5119871392200496
-1.743620256407191	0.3245567818111913
-0.5360458529546825	-0.5859677133812503
0.5636558944373611	0.5570006352265269
1.5683530393726017	0.9343667860067535
0.31781854042479146	0.5893876880941336
-1.737187551417249	-0.5208973043005594
-0.5409960938070169	-1.176643437844814
-0.4830801407342522	0.5311326799741194
-1.838431585098317	1.1375841227635528
0.2908953350929536	-0.31014596813605766
0.06365949877764228	-0.2915856336043843
0.6248074428816024	-0.6311139287201499
0.6210379926063936	-0.674649273329086
2.0786675653551874	-0.5853468852910962
0.6905469766930501	-1.2690846232688
-0.44438961574336916	0.05615740777722005
-1.1079186694511967	-0.40983842479702387
0.4389622111806127	1.7179455289039736
0.24295415107341	-0.9824166908967231
-0.663416954778946	0.5682064050809557
-0.6697705506418836	-0.04130069813732699
1.5448063717606988	1.9298249210654996
1.8409525436541596	1.7953950238784755
0.3725790894930409	0.6753538811350961
-0.7617158888082305	1.3421099549923046
-0.05091252025458762	-0.8104254579432598
1.5737911347858022	-1.910545339679096
1.0997821621592916	-1.56307438799807
-1.3911205916064253	1.4426288171477708
1.2839776605493016	-0.7611192695486851
0.6221621506760566	-1.7703747424864409
0.04866056947336082	-0.337430606099165
0.2825294994390789	1.949053705152536
0.4952527469547244	1.5647854262575123
0.45023149665544177	-0.6239875346406687
-1.3947753717962827	-0.3132753733908141
-0.5014387431616898	5.996315971196515
-1.1958205467468253	4.728176046526955
2.4795667046259915	7.290600858858817
0.810668390601004	5.540425561860483
-0.5160385702381626	4.283079823834683
-0.539274703045608	5.711307646967882
0.5540130195309162	7.220999700513048
-1.0783571786946027	6.239798439567912
0.899760757966752	6.3305662657566675
-0.8342085991384431	4.696602368457427
0.7131093995105222	6.237929611219587
0.7526707270641695	3.6337272649268253
-2.2065575089928005	6.035128775740476
-0.09002713688391405	3.9982264508196637
-0.6471495638051143	5.3206720856773195
1.740844142664371	5.6894554096978105
-0.12986287166753874	5.932088232635191
3.5307245716856204	6.753180032181594
-0.5488732075669555	4.5262083594749765
-1.8814002778238736	6.8537558561761545
-1.2661208668913713	6.570221645823006
-1.0422446542773118	6.222233012111424
-0.9675054096582162	5.499476550663621
-2.7289850486910727	5.516886922496667
-1.7299887041687314	6.079815677751165
1.2916812771825796	7.009499003056655
-0.6856788506287432	4.863042155248415
0.3396218607614479	6.794387855705908
-1.9527498132384389	5.33681546400425
1.0034153050432848	6.222264081085273
-0.875485550394186	6.118765571152195
1.1604662416279792	3.5715705776734685
0.7614999094969505	4.8615184586331335
1.570058671375619	5.664427986489373
-0.5193224724137204	5.473176471462173
-0.31306357383004235	5.248583981478904
0.48336210249142386	5.37545719850972
0.17339461458615862	8.956190922001447
1.1367666682033961	7.367837393045349
0.3176471597172666	6.152624228346862
-1.0650316546388552	7.494614710962868
0.6598794615604086	4.776021023441361
-0.5249162264821499	4.888238272476194
0.45125974370655153	6.319446300428384
-0.20736566709656146	4.60714438014746
-0.6747298040996856	7.518490406580141
-0.24279661875396555	6.727930607399102
-0.10757015046340548	4.808369711747803
-1.042983502504298	5.1816620928999155
-1.2788279879612532	6.208346178026746
-0.5885774181650543	6.379678539998568
-0.8573573587670953	5.978683423764535
-2.1909709873919554	6.928986620430748
0.3960988571649936	4.713407972483722
0.258479836370434	5.148233168488229
-0.5465749853805298	5.995821714298602
-0.6633824566338055	6.448144288640501
2.3056893392192497	7.302297191975365
-0.27496668953917225	5.555410679934222
-0.13067757294401092	5.398988307320245
1.1435467553539627	4.58591389394935
-1.2019132484763626	4.743092396913101
1.6027425305795284	6.8866878960892794
-0.7614813478457506	6.144883229682669
-0.3873286603716164	7.463524480974705
0.263086383266954	4.885860677069939
1.0426167935699515	7.227678316130836
-0.891717066393737	6.517531976976031
-0.0347935164886499	7.1585815700091056
0.30409489335491957	5.5985059164198985
-0.0660934659812687	4.129177890894007
-0.7367856644210559	6.057629467468545
2.0816019380356687	4.426099276655813
0.7379727869269818	6.589089369347196
2.2241115867752774	7.031160555105013
0.40369267113919505	5.471180955699952
1.6162893749453746	5.469876725182251
-1.1129498603169619	6.737200732471502
1.2777276890303446	5.786911857563578
-0.15678495523286237	7.251688303083375
-1.4148344035935254	6.52186453109125
-0.3234854484330325	5.976728335232958
0.7167181310129137	5.644043951659139
0.7930269029493956	7.895445943187015
-0.39632182873075517	7.740053365672333
0.8967446796382869	7.265957918706179
0.6365289280745157	6.5347574806295405
0.9868622236067658	5.097998987214673
-0.5278158469770393	4.571450689460672
0.873739337836389	4.323667976994601
0.0006566463939064118	6.425043725761248
0.32912202037727545	7.386152544216087
1.374492542416243	5.620041932618463
-0.7848918090207306	6.521507852555903
0.9915269633497974	4.526313171794712
-0.10536297913138926	6.4016757136910485
0.5775041232844933	5.350981141274896
0.9571447191755742	5.538314022740488
-0.08539453025403125	6.315151886780407
-0.8079801997386052	8.192957961201413
-1.3198457036226245	4.869058509059607
0.3106624588510765	4.900332035676944
1.4580295066338367	5.224408964621668
0.7971991878111956	6.292268548824431
0.9991680064369486	4.995617236622249
-0.5083276488652517	7.10100676314751
-1.467079941943425	5.725813140538553
-0.386418010821682	7.197258512272352
-1.7366385403177813	6.80367802265071
-1.0883814522729547	7.736977380487424
-1.6293172423998268	6.803295226884751
1.9788918304025098	5.7322978002617395
-0.01734635673756141	5.206229419906986
0.23400314920619675	6.911695544666771
-1.4049010805749296	4.535102726224249
0.46778299645456634	6.383142013420896
0.03596806975948182	6.39984799308012
0.2597116084902423	4.920261964276515
0.17598468991356486	5.555163768547864
-0.6117751387054465	6.500520171048461
-0.3240233830329827	6.5282454008296185
-2.0184681456802758	6.884621028931885
0.8334755489315039	6.250820728929328
0.800095493045728	6.61272474231835
1.1848993872785683	5.1900885991058034
-0.5531134122676498	5.551983921449546
-1.175614891678899	6.917384431412138
-0.557359776840362	4.850622304670396
-0.31837554967803294	6.580550037076175
1.0836432703012457	7.14833571625992
-0.05136953377710167	5.626392911752953
0.17788582738293907	6.119984547896186
-0.4117493222529569	5.199104330830121
-0.9584110560768824	5.5918962996102355
-0.6294829950217766	5.643989808804779
0.8892334949842782	5.6088949512449435
-0.06935536852934798	4.00684642675576
-1.5125673343475927	4.630318436131462
-1.2126563653676807	5.755800690171711
-1.1521777894071512	7.3313228469561915
-1.2834847558812965	6.0364263825544935
-1.0038016579639464	6.26356275058838
1.0464996106402522	5.3161878504049405
-0.17237286148016534	6.280069990914605
0.5610095609804842	4.949157308644032
2.4112868611275404	6.606790140346476
0.9661179191099917	8.090001785399
0.5107998243459934	4.8139828128536
0.12886282830156023	6.296071557409689
-0.21937093217147097	6.563227683772757
-0.835279450877145	6.5332471205156795
0.3123174485018413	3.9334144462989693
0.5066786518999116	6.053596584021228
0.6158821532032839	6.672585479997004
-1.2393996588425258	4.566490395750703
-0.07136966992163557	6.169582852252393
0.676552505747905	7.445817357334329
2.112392825881161	6.354825094420615
1.8802280088114895	3.5653063176500077
-1.5373626388800634	6.817526972844315
1.8318628440493068	7.399678683248984
-1.7327899214251947	6.8816842165085825
0.5746871913182044	6.934889636128365
2.1159001863075955	7.541124420108225
0.04038739393682098	4.957032137562075
-0.32377425681459276	8.474995037392265
0.06076265242681231	6.658927567465514
0.5564597033763761	6.141726990164466
-1.5083926709664612	6.106151646887984
0.15298093137346452	7.620991779611593
-1.6969769778903043	5.591692262113977
0.26050096356254504	6.647922176289908
-0.6129731047110051	4.564896329088537
1.767527627234818	5.825269691174928
-1.1303964594471332	4.8602728508006665
0.4461373538826741	5.518731772294622
-0.6940266856952906	4.224456802230287
-0.13080513089618268	8.396880281276754
-1.0816503386313707	6.661997698183738
-0.87986313253228	8.261388778992
0.12102050733233251	6.173973425367887
-0.34039712251022924	6.440139433873677
-1.1303817220792167	4.982364562120161
0.5157325347752308	5.815317885118771
0.2939221378118924	5.963985025555714
0.10625497427176345	5.711886761285919
-1.5979823228701506	7.992933664416406
-1.0735496632001982	5.824130511445745
-0.16824318532820404	5.977272160327949
-0.13361923181506108	7.212404897397999
-0.37656817655943775	5.422159294642005
-0.33845604060576473	5.682387850045032
-1.1581507359899204	6.311889962985859
1.1617813002591912	8.383258431495413
0.3897175047106377	6.5767287467727265
-1.392719675101174	4.8187019603135886
-0.9481348851277066	5.596702007190939
0.708609205137515	6.6770277699509295
-0.752792168485971	5.075891581302847
-0.1846172259251996	7.254391011758054
1.8323637702487994	5.630672508946807
-1.7024553795290938	7.8830660796826795
-0.10548954716024567	7.81952594873878
0.07376230359958325	6.322532867267409
-0.27395987916947273	4.629035109634792
-1.4576870211918274	5.665431402773363
-0.38394685396905875	5.836867426099952
0.4405959635988679	5.58489640641765
0.1589720126609093	5.5243011787514975
0.888058219135247	6.01865429177762
-0.10299988410064709	5.387525658486878
0.3709648898332935	5.473837625250287
0.003808004546103522	5.848361659286025
1.1734571565345673	6.359357478727083
0.9262068991606637	4.497253342585844
-0.23090429119502567	6.485722052553836
0.7230364029649398	7.026585814817792
0.620088262709109	7.804994851764107
-0.7901551222388874	5.338420312393398
-1.5217907546583518	4.398935592974588
0.19130956863944756	7.4228010736064665
-1.8125697247157337	6.683807789869692
-3.4524604218686035	4.951581841415786
0.4405192174034343	5.294016008275978
-1.4777575350247034	7.078984287144987
-1.6238270024054744	6.894241636658919
-1.2030976940139064	7.745730335988362
-0.5998687476040587	7.733553103627332
0.6006873395452749	4.318655117752857
-0.8566209457112395	5.661871915949968
1.0179868647138541	5.049172778520075
0.09604036095841147	8.372252921459516
0.7958448647802229	5.107469640979764
-1.4297925645962495	5.476710055693991
-1.326298629451026	4.119131436970776
-0.2297519284025596	5.433990249434254
0.17784472173550778	4.893824644455724
-0.5488977898442078	5.910336146416503
0.5495187599060966	6.733489117785979
0.009777912853734664	7.721825972893235
0.02680254674957407	7.359256255320091
-2.49518262237271	4.631826802468703
0.5465340142225837	4.5132412410188385
0.8562153959312363	6.050386713052662
-1.076471635716733	5.585317204927298
-0.5914355546628463	5.82655580373379
1.076547074536064	8.005655914111827
-0.3492363297088984	8.647226833614114
0.09832565658218138	5.691663303742109
1.1897023560497373	5.66731738213363
-0.43424036659789483	8.125761046627156
-0.9583300503930668	4.501423439421002
-0.31351504517547285	7.4512997511283725
-1.398585568900238	6.487402743118005
1.750567780683839	4.120515796490335
0.403858093613487	5.79013809653144
-0.1741687131864192	5.164505929760543
-1.780311596927031	5.555233116524529
2.1630222166640265	6.964836102759512
1.2188099676317796	4.150941482150822
-0.6350132070505926	5.677700741258089
-1.1489227165147762	6.103968088394994
1.7055887978774145	5.173305825313005
-0.15357197971342237	5.764814206772757
-0.5912129469804392	7.815074338593337
4.025358021720504	3.9633855879426596
0.5099922180017348	6.959983219533433
1.0590460143388296	4.665767513342835
-0.8863018630194013	4.008527335440613
0.8684488018646206	7.4195658226138
0.4577745149791759	6.225925219915998
-1.5438791842692572	5.0708707921335865
0.3697003375924261	5.755679779102754
0.6026803889489211	6.925340086031829
0.17763706393738954	7.632455856222134
-0.8717851539328316	5.170893163128462
1.2775459613671465	5.059176932950462
1.0047922145882981	7.413805915145732
1.5247138677374372	7.039381982710562
-1.3241428264453925	6.272608326820588
0.30668464097667314	4.424913086539393
0.6255570967777359	4.837569512038218
0.41210613241258515	4.647154489544524
-1.509543868996286	6.096088388381835
0.08179749833697117	7.465826637627518
0.4546198907700555	5.674077658169316
0.18132452881729272	5.558389796791278
-1.5577105755134963	5.974159019517867
-1.551911145949855	5.121147172091544
2.6656895698213208	7.158099244643492
-0.1812805907639015	4.143124153637733
0.18647863333128598	6.442291219616112
0.5526421097364224	6.57784021169261
-1.9926977422829257	8.43274116366405
-0.17653495896120522	3.526928383865478
1.1468206445748599	2.7233369368427067
0.9068343059825754	3.9769927221917305
1.0511502709568004	7.084858312669547
-0.21252805776740344	7.866985044719249
-0.726599196693738	8.441742426793954
2.3756812936554046	7.79818677335543
-0.10513684415025251	3.672721782741965
-0.8867331608825922	5.197138380664416
-2.3691533394617643	4.655992329941846
-1.4645595048573419	5.053518354597161
-0.10828766322709227	5.292359587742322
-0.7564658619136532	6.370424999589321
0.7398448939602368	5.629942220155297
0.6258045324694557	7.511934568408967
0.43231599196606474	5.139446148682724
0.6948903249016001	7.639079791348072
-1.7704851092263207	6.4628842664620585
-1.5145549621641992	6.1121864295948685
1.6846542581367625	5.258991573318592
-1.253824975832932	7.656887937583579
2.622762245296333	6.667873193414025
0.5967843347759946	4.582337022432366
0.2860771968959508	6.522557543571997
0.23514682973577586	7.574878574001216
1.4006757583271807	4.354473072970857
0.054472692956228454	6.235642030900343
0.478633746566463	5.910352166655398
-0.11620142202101026	6.81889407586173
0.06636059667332202	4.934499716780636
0.7843790472656915	7.4941903949575055
0.38300829626534033	4.145929867815388
2.169891034483726	5.596388155261532
0.8309440861512644	5.904713526325626
0.7333274736865019	5.1272393903386275
-0.47823731385848206	6.183951292189021
-0.47912506818477646	7.60913033224484
-2.815793116207278	6.114440397271419
-0.06153147109362582	5.905432151967051
0.983690422224582	6.3801241745739015
1.1218973567944484	7.047840069646729
0.6951264169908056	5.437774095760593
0.10237398290450199	7.349391962566584
0.16329549952018624	5.242416533967606
0.16904973692071162	6.010635003432779
0.8822995400759083	6.930172725506081
-1.4599079774843091	6.027908142500206
0.9146990289389421	6.474212736457582
1.4862459730334772	5.391152206979949
0.7619031489670673	6.611968526616994
-2.3012397953145554	5.009844626425352
1.4786493475448594	8.97336071553862
-0.07031482558234561	7.022309761758913
1.559424899165331	7.4413031752548555
-1.2468755204218953	8.058719224603088
0.2533276057009329	8.303828963239402
1.377895568666029	7.17659433933016
0.5136103683876844	9.264538794127823
-1.4944773934197273	5.29684331974047
-0.6459369282603102	5.3997981644575015
-0.25568860093586615	5.186296997450393
2.8800557568057292	7.131983647938311
0.7615527102209914	5.8630269647987685
0.8152380131401618	4.804712529557785
-1.837297568947257	4.957580477437863
-0.14615188954729907	6.012015614900829
-0.20824639979470352	6.879609265468618
-1.7122196206089968	4.153000495234672
-0.584854935179823	6.990820015613968
-0.54751037385855	5.996918553193221
-1.3388992009324023	4.793349687346767
-0.376053008558402	5.447786605916876
1.0043370161947105	6.31877869503025
-2.2451516725582334	4.751197129976172
1.2192611962420432	6.369610066646402
0.06044490265904465	5.904747852119853
-1.660924520410602	5.73510322695371
0.1285669426585866	6.1041497910156695
0.18130141667142308	5.487389030369247
0.6578447432362932	7.271691182465804
0.026974278566719228	4.954285750378712
0.345884327084674	5.694875793272977
-1.9155566192030962	3.640275834054745
0.5276928420529434	5.474121203397959
1.187428854470626	8.108191988971727
0.3833135587523893	5.4057615668488035
0.012977586252695213	4.57269827409835
-3.1989403163300443	5.144481042633425
-0.5701480309426138	5.779066524782642
0.5972083550599586	5.770817924456028
0.5321256671820236	5.453445179363303
-0.9753187080872987	3.9849380803331282
-0.035353330318644974	6.968407066057844
0.33866637370869773	7.732058232685785
2.133045266852096	4.362164042626238
-0.36599673083577744	4.646855025034082
1.1472221091958295	5.0537764815166
-0.18149855527420863	6.098688974700575
-0.05731130756347987	5.73963328853159
1.0913135815254527	5.524165678810224
-1.142174604380924	5.453966635855719
1.3183744435821354	4.645661860650285
0.10087777434100396	5.527784249747978
0.5078761530531026	6.235681960940135
-0.3278823695483502	4.181656727368461
-0.10991557148766062	6.547815201471967
17.452975916550884	-0.004018940512892752
16.69546849445801	-1.3874443128796852
20.70498185959199	1.407928209664164
18.884365517019276	-0.5013539325158366
17.437048832467458	-1.8730038285439825
17.411700323950246	-0.31493711239867456
18.604377839488272	1.3319996732869617
16.82361035051498	0.2615982977104493
18.981557190509182	0.360617744461819
17.089954255485335	-1.4218883253191712
18.77793752673875	0.259559575875913
18.821095338615457	-2.5813884382616448
15.592846353826037	0.03832230080779166
17.90178857794482	-2.1837529627421848
17.29401865766715	-0.741084997442924
19.899102701088406	-0.33877591669329793
17.858331412726322	-0.07408556439797345
21.85169953274795	0.8216509441981021
17.401229228108775	-1.6077726987545704
15.947563333283046	0.9313700249194412
16.618777236118504	0.6220599772614603
16.86300583169748	0.24243601321246205
16.944539553100128	-0.5460255810942319
15.022925401427921	-0.5270324481854545
16.112739595452293	0.08707164845581647
19.40910684783554	1.1012716396981688
17.251986708405006	-1.2403176488199101
18.370496575376126	0.866604933497354
15.869727476467158	-0.7234740392680908
19.094634878229037	0.24246990663847967
17.044924854115433	0.1295624412569394
19.26596317268507	-2.649195733447125
18.830727173996674	-1.2419798633093087
19.712791277864312	-0.3660785601934116
17.433466393730487	-0.5747165765867203
17.658476101276317	-0.8197265656593767
18.527304111808824	-0.6813194198075783
18.18915776136672	3.2249355512743043
19.240109092585524	1.4921862469585623
18.346524174237018	0.166499158196576
16.83814728584852	1.6304887755958555
18.719868503520445	-1.3352497926094238
17.427364116564927	-1.2128309754805155
18.492283356770784	0.34848687319460026
17.773782908621932	-1.5194788580209522
17.263931122800344	1.656534988996517
17.73513096135931	0.794106117162657
17.88265074494901	-1.2999603144569427
16.862199815449856	-0.8927322622910012
16.604914922224086	0.2272867396655408
17.357915543819942	0.41419477090752804
17.06470106316317	-0.023254446802325267
15.60984983193605	1.013439949560816
18.432107844179992	-1.403554939108667
18.2819780033132	-0.9292001798310231
17.403736379584878	-0.004558129856070503
17.276310047308577	0.48888467851691025
20.515297460966455	1.420687845791307
17.70003633868454	-0.48500653098084906
17.857442647697443	-0.6556491192870051
19.247505551295234	-1.5426393884188905
16.68882191075306	-1.3711719306402528
19.74844639699585	0.9672958866428507
17.169293075077363	0.1580544323810942
17.577459643230963	1.5965721610633148
18.287003327200313	-1.215424715923703
19.137400138439947	1.3392854357790944
17.02721774575229	0.5645803385193062
17.962043436557835	1.2639071672826605
18.331739883659914	-0.43799354572374743
17.927898037111344	-2.040896846297447
17.196233820631576	0.06286850996568596
20.270838477857094	-1.7169826072845675
18.80506122210216	0.6426429483787588
20.426303549209393	1.1249024237509238
18.440392004879122	-0.5768935028727792
19.76322477266768	-0.5783162998011798
16.785872879654224	0.804218980878002
19.393884751669468	-0.23245979174882353
17.828961867018695	1.3654781488182275
16.45654428698888	0.569306761190454
17.6471067835276	-0.025387270654954077
18.78187432474136	-0.3883156890991212
18.865120257762978	2.0677592107494704
17.567648914111903	1.8982400352789082
18.97826692324177	1.3810450022249225
18.69439519426311	0.5833717970504082
19.07657697120738	-0.98400110485672
17.424200894206866	-1.558417429679267
18.953170186730606	-1.8287258432786162
18.000716341520626	0.4636840644668163
18.359042204047938	1.5121664118720948
19.49944640990863	-0.4144997098707671
17.143754390159202	0.568917657333712
19.081665778199778	-1.6076583580421322
17.885058568220302	0.4381916876629615
18.63000449812854	-0.7080205731546594
19.04415787546426	-0.5036574297376495
17.906842330631967	0.34380205830589766
17.118567054830613	2.3923177758560876
16.560168323320774	-1.2337543537531563
18.338904500564812	-1.199637779261516
19.59057764360055	-0.8460993113218164
18.869671841248575	0.3188384168993796
19.09000146156758	-1.0956902873211825
17.445460746692454	1.2010982870700104
16.399549154243537	-0.2991129375943056
17.57845307910362	1.3061001952062026
16.10548522874424	0.876739661073502
16.812674779338597	1.8948844150771904
16.222563008291097	0.8763220656924561
20.15879108771183	-0.29203876335082957
17.981076701740843	-0.8659315419196519
18.255276162770397	0.994576957818296
16.467380639372806	-1.5980697532099106
18.510308723404982	0.41797310555006845
18.039237894283072	0.43619781063285795
18.283321754716628	-1.1778960389710744
18.191983298087525	-0.48527588885687595
17.33260893959406	0.5460220047801387
17.646519945782202	0.5762677099959472
15.798034750166972	0.9650411224711475
18.90924605337982	0.2736226133774486
18.872831446958976	0.668426991620018
19.292617513394802	-0.8835397100663963
17.396603550253474	-0.4887448129641315
16.717511027259384	1.000783016085969
17.39197115253779	-1.2538665767232042
17.652681218533054	0.633327313174009
19.182156294874087	1.2527298722835487
17.9439605086068	-0.407571368996778
18.194057266235934	0.1308922340685665
17.550818921178593	-0.8737043663671403
16.954460666097948	-0.44520403678883386
17.31329127815806	-0.38837475403115007
18.97007290361921	-0.4266600531873344
17.924339597967982	-2.17434935263008
16.34992654434808	-1.4941980696747683
16.677102146871622	-0.2663992470854068
16.7430787751922	1.452352196679482
16.59983481176586	0.03973787187762952
16.904943645857514	0.2875230006418691
19.141635938880274	-0.7459768904673376
17.811956878385274	0.3055308991795686
18.612010430160527	-1.1463738451156014
20.63049475759368	0.6619528803779738
19.053946820847262	2.2800019477079996
18.55723617201381	-1.2938369314324363
18.14057763087443	0.3229871535378422
17.760686255812942	0.614430200479371
17.08878605358857	0.5817241314716506
18.34070994382019	-2.254456967673851
18.552740347527177	0.0584690007504299
18.671871439858126	0.7337296145421862
16.647927644899063	-1.5638286591810504
17.922142178267308	0.18499947518442908
18.738057278997715	1.577255298910177
20.304428537324902	0.387081921186126
20.051157827794352	-2.6560294716545365
16.32287712122175	0.8918476067392531
19.99839582987197	1.5269221999079832
16.109683722081606	0.9618373271002715
18.626931481438042	1.0198796030491253
20.308254748699195	1.6812266401180633
18.044058975203804	-1.137783122659554
17.646791719838625	2.6999945862461074
18.06628652992016	0.7188300735987426
18.607046949137864	0.15461126199759986
16.354480722582043	0.11580179660507355
18.16688828877105	1.7683546686671925
16.148752387756033	-0.4454266231483884
18.28418286934096	0.7068241923162631
17.331302067587995	-1.5655676409943236
19.92821195698344	-0.1906148823546239
16.766840226057674	-1.243338708217455
18.486695295144735	-0.5250198847695032
17.2428799792415	-1.936956215748778
17.8573034935678	2.61477848866555
16.820017812402142	0.722179307109532
17.040149309964786	2.4669695770821805
18.132022371635273	0.1897891913104223
17.628657684534296	0.48015210968037425
16.76685630318631	-1.1101477504143706
18.56261731066389	-0.20147139805224995
18.320642332158428	-0.03928906303013057
18.115914517387377	-0.31430535132445137
16.256746556868926	2.174109452090625
16.82885491287251	-0.19185762387736902
17.81646197964196	-0.024794006914964892
17.85423356529266	1.3226235244341809
17.58919835284425	-0.6303716785723588
17.630775228430075	-0.3464859817690555
16.73656283346554	0.3402435959845738
19.267397782100936	2.5999182889040866
18.42514636877524	0.6291586328429745
16.480669445344173	-1.288688770566994
16.96567103440614	-0.4399614467007938
18.77302822378638	0.7385757490373774
17.178772179833487	-1.0081182749423483
17.79859938989978	1.3684265582815138
19.99894229481687	-0.40290271751257456
16.142775949604626	2.0542539051083772
17.884920494007005	1.9849373986241228
18.08046796756318	0.35185403701899104
17.701134677269668	-1.495598062216591
16.409795976881643	-0.36498392424724013
17.581148886579207	-0.17796280789096194
18.480650142107855	-0.4528402839080176
18.1734240138119	-0.51894416863473
18.968790784511178	0.020350136484676158
17.887636490072023	-0.6681538271052241
18.40468897072723	-0.5739953179087782
18.00415418677757	-0.16542364441524562
19.280135079855892	0.3920263404295453
19.01040752635709	-1.6393599899063518
17.748104409605425	0.529878602786003
18.78876698505266	1.119911797983045
18.67645992295539	1.969085292833571
17.138012593921214	-0.7217232955708376
16.3398646312818	-1.7466157167549947
18.20870134760667	1.5521466257525085
16.02265120940102	0.7459721344033009
14.233679539779706	-1.1437289002736883
18.480566418985564	-0.7701643546080233
16.38790087088214	1.1770737677945309
16.22855236101221	0.9755363309006394
16.687529788348467	1.904433093805485
17.34559772988648	1.8911488403207257
18.655295279503935	-1.8341944169968833
17.065504422860467	-0.3688670007818527
19.110531125142387	-1.037266059796282
18.10477130286372	2.587912277955836
18.868194397942062	-0.9736694825675298
16.44022629316773	-0.5708617574247368
16.55312876787161	-2.051856614213698
17.749361532651754	-0.6174651824353589
18.194012423711463	-1.2067367515028466
17.401202411079048	-0.09781511300017855
18.59947501080665	0.8001699466756127
18.010666814022255	1.8783556067926206
18.029239141908626	1.4828250058037356
15.277982593775226	-1.4925525791250505
18.596218924606454	-1.6219186461612674
18.934053159197713	0.05496732333017607
16.825667306490836	-0.4523812309884019
17.35479757673144	-0.1892118504722292
19.17441499040298	2.187988269940175
17.61901491304484	2.887883818488125
18.107264352635106	-0.3363673050086084
19.297857115690622	-0.36292649221785783
17.526283236438662	2.319012050865988
16.954549035934836	-1.6348107933589069
17.6579835870813	1.5832360921400432
16.474270288472468	0.5317120834014598
19.90971030620055	-2.0503464038287254
18.440572465760166	-0.2289402583293373
17.809997767432996	-0.9114480766248617
16.057841894261422	-0.48520023651869526
20.35966059999712	1.0525484757376495
19.329610873780123	-2.017154746744558
17.307258319581173	-0.35159919135481144
16.746629763802062	0.11341973279453804
19.86064232495718	-0.9018481905676307
17.83246693122172	-0.2565663198842656
17.355040421475884	1.9800810966472766
22.39129966005873	-2.2217611767898253
18.556355146910985	1.047254421309199
19.15532292473327	-1.4555263490805437
17.03312524034247	-2.172515634064786
18.94739869294322	1.5486172610332354
18.49939037997728	0.24646387627199695
16.315768162615356	-1.013595499490633
18.40330945919174	-0.2665311500697232
18.657469515217006	1.0094619120347224
18.193785887931696	1.7808609340605102
17.048961650255094	-0.9044801856780408
19.393686503309613	-1.0263524367813142
19.09613696136905	1.5423337256135257
19.66332421934993	1.1338712538660685
16.555480552968664	0.29739090198609647
18.334565062883645	-1.7182766328661174
18.68242592375753	-1.268105986867398
18.449570326268276	-1.475831465951429
16.35322487018587	0.10482369641654744
18.089233634549423	1.5990836046845645
18.49594897174915	-0.3555516456334736
18.197808576891592	-0.481756585318605
16.300679372167096	-0.02819016052596361
16.30700602260016	-0.9587485395364972
20.908024985259622	1.2633809941565366
17.80223935553029	-2.0256827414861087
18.203431236361403	0.48249951230848553
18.60288230153064	0.6303711400283016
15.826147917509536	2.653899451269872
17.80741640840596	-2.6978963085103875
19.25107706680894	-3.5745415234443194
18.989273788344626	-2.2069170303362937
19.146709386498326	1.1834817956395054
17.768151209708286	2.036710957875544
17.20734633087956	2.6637190110479496
20.59165232035135	1.961658298205923
17.885305260926998	-2.538848964281492
17.03265473358263	-0.8758490392751823
15.41546908422353	-1.4661901855179864
16.40229872197381	-1.0325254313485517
17.881868003752263	-0.7719713588265585
17.174764514276013	0.4040999995519865
18.807103520683896	-0.4036993961942209
18.682695853603043	1.649383165537055
18.471617445781163	-0.9387860196188456
18.758062172619926	1.788087045106988
16.06856169902583	0.504964654322246
16.3477582230936	0.1223851959216744
19.837804645240105	-0.8083728291069908
16.632190935454982	1.8075141137275408
20.86119517668691	0.7285889382698455
18.651037456119266	-1.5465414300737823
18.312084214795583	0.5700627748058146
18.25652381425721	1.7180493534558716
19.528009918175105	-1.795120284031792
18.05942475595225	0.257064033709465
18.522145905345234	-0.0977976363759294
17.873234812340716	0.8933389918491592
18.07239337818908	-1.162363945330215
18.855686233380755	1.630025885408188
18.41782723228946	-2.0226219623832127
20.367153855800428	-0.4403038306237838
18.906484457619563	-0.10394888037204418
18.799993607658003	-0.9521024832669518
17.478286566699836	0.20067413693347755
17.47731810743479	1.755414907903461
14.928225691410242	0.12484406975063894
17.932874758806953	-0.10316492512685392
19.073116824244998	0.4146809177169837
19.223888025593943	1.143098257796432
18.758319727626333	-0.6133373500793523
18.111680708623094	1.472063959163545
18.17814054493111	-0.8264546902171572
18.184417894822595	0.01160182192666845
18.96250858917372	1.0147338823702694
16.407373115471664	0.03044524636386125
18.997853486115208	0.5173229852264528
19.621359243309247	-0.6641975923855103
18.831167071600436	0.66760202903672
15.489556586929575	-1.0801694984450703
19.613072015503484	3.24366623513304
17.923292917546533	1.1152470128279046
19.701190799089453	1.5723307366416606
16.63977215953975	2.2458755177488223
18.276357388037383	2.5132679598975294
19.503158802181122	1.2835574610874476
18.56030222005929	3.5613150481394427
16.369661025360298	-0.7670800148285782
17.295341532806933	-0.6547656387736348
17.721066980797236	-0.8876760027813895
21.141879007424432	1.234891252296339
18.830784774786537	-0.14942512931043478
18.889350559789268	-1.3039499677551443
15.995675379330265	-1.1371849337041495
17.84056157503931	0.013107943528176968
17.77282210931487	0.9595737441475828
16.13212405024473	-2.014908550653084
17.361976434349284	1.080894562487965
17.402715955790672	-0.003361578334667776
16.539382689891923	-1.3163457956217084
17.589760354299926	-0.6024146117270448
19.09564038130332	0.3477585763966369
15.550743629936473	-1.3623304036623574
19.33010312317314	0.4032109817960748
18.065939893809865	-0.10391143405106912
16.188082341370254	-0.28897829786868057
18.14025484653664	0.1136179538352757
18.197783363641552	-0.5592119668699125
18.71764881080323	1.3872994717808766
18.02942648570915	-1.1407791814050414
18.377328356819643	-0.3328627709749343
15.910301869960259	-2.5742445446675504
18.57566491860321	-0.5736859599294989
19.295376932149775	2.299845806150975
18.418160245911697	-0.6482601088922147
18.014157366821124	-1.557056428256345
14.510246927639951	-0.9332934080362637
17.378020329880783	-0.24101833660075497
18.65150002370177	-0.2500168096843327
18.580500727834934	-0.5962416225127596
16.936015954813858	-2.1982493669093146
17.961432730561476	1.056444072063102
18.369454225864033	1.8895180720208558
20.326958472929558	-1.7867301353168312
17.600730839088243	-1.4761581545082738
19.251515028213632	-1.0322438383455272
17.802001576064498	0.10766069967335425
17.937478573567113	-0.2840364125109922
19.190523907118674	-0.5190919867524829
16.753991340675356	-0.5956727608846709
19.438226665725967	-1.4774597883815075
18.110048481099277	-0.515144454820387
18.554046712421567	0.2571075937528742
17.64231014231089	-1.9836472065071333
17.880092103831643	0.5976165834239642
14.959957935203072	6.665294442222535
15.344322985487516	6.09445369118296
17.254327751672168	7.501865042993771
15.063503786294332	5.869245009616111
17.10992950099019	5.812219415801615
16.050473472864596	6.4119755336569675
17.672931882773174	8.267474414905035
16.342151633267587	6.362210688088267
17.467953992588836	5.898730413334386
20.17093498319042	5.09631763264017
15.095192772435597	6.352395289158878
17.406582384678	5.667920359053652
15.771586053423581	7.720907166209568
17.54537608089454	5.951524945447891
16.945164476940825	6.226801086565368
16.730966497399667	4.843979230992466
15.954802727751755	5.911817123988398
16.81394789730938	4.530200989581743
15.592915814317267	4.859269780179892
16.451398170295814	7.118378775373806
17.804162519966024	5.105007708740233
18.48317140228461	5.419285475546658
17.492192891849783	6.020482548166288
17.402527335799586	5.985379942228672
16.824092381067803	7.251055788962402
17.684295786820325	6.654831112277657
18.39132680081999	7.320168952186206
16.288392349691556	6.104209656877074
14.471982321578757	5.174412706153387
18.109244344978904	6.294718950808174
17.630711144138903	4.355713120868627
16.49033827007684	5.180278403998737
17.88131060516322	5.247446145159145
17.668365240514348	4.4655483331471775
16.599050684657424	6.341076853525841
19.018130796465126	6.343956932554791
16.051103472331125	6.285580739852753
16.881162450529217	4.815224295403707
16.425526867541976	6.439089472905597
18.90349743565285	5.33278625006761
16.99955500100284	6.333042939382545
15.891767251127378	8.045383272936968
16.530182821000952	4.802767034244224
17.189533561073382	6.159894254382217
16.670967831380214	5.562478031368921
17.57519524943812	5.839626732637532
16.64412590255526	6.943490173704493
17.57470703907941	4.46850888128354
15.244993433410208	7.204778635078413
16.089562892408242	5.290068350832472
17.754300624697123	6.776582673572046
15.424813469342148	5.898098291268606
18.087232246295034	8.42197571961973
17.66082938855384	4.922954107332276
17.300280500839534	4.79305685467544
18.039075500407243	6.488468524611528
15.053162226761279	4.943991996125039
15.854330556025394	6.886955654190086
16.254398859185255	4.6568426346674645
17.105796275234663	4.805759947104099
15.249966906009998	6.828842109227955
19.169573109393603	4.541146365818068
17.92185759946263	3.568325820168334
16.619246616483547	8.121775563905999
18.720311283732823	6.519284446795845
17.8054679123962	6.573106074200847
18.24655085174653	7.920903516181916
16.38248274986372	4.565555200117239
16.193616055142805	6.909495654566098
17.21818696433843	6.7116921343533615
17.67111134579522	6.9215610705876545
16.44983172259315	5.663410834035582
16.893752430422584	5.17862687033973
15.980145045935895	6.55550407740127
18.66760743532309	5.024085989847657
16.057037192460825	6.1301289081756565
17.627469472573164	8.271517811847119
16.601607652884184	7.377793709659406
13.57680763230315	6.083291065147301
17.332978909845302	6.2714371000694475
17.39701986453833	4.7578600939107085
16.24373884745469	6.170494602360661
16.20059758784522	5.345716581175827
17.31067420898739	7.5452146585190905
18.39265139650825	5.778629792863857
18.958329034563207	6.355249710684321
16.4395111501697	6.153590890402767
16.69404349052825	3.644178284121677
17.58182772230627	6.142374387212126
16.635837296377687	7.136775918926649
17.430981413461335	5.4968829616941255
18.729085074119336	5.463051664302452
18.04894375060357	5.452716573150506
16.669881016171413	4.743079840393974
15.681216572426223	6.224579140561159
16.294342120449535	5.455182236378093
16.03850859226371	5.256628658507444
17.522672207616374	6.612856488396507
17.461063075910342	6.189510793968149
17.18436018544297	5.895026807778439
17.516012883331037	6.648409903988986
15.411805263992388	5.458119483812501
18.181393900645936	4.5154730350666314
18.733402971159855	5.406225627042483
16.320601033853237	7.254389889985375
16.173515231874383	4.9070505355495015
15.353372534970347	3.5917627725535684
16.529313936402268	5.362183778070002
17.0776219323979	7.403464508107928
14.787342926779312	4.328073217854304
18.559553467280764	7.28598557408754
15.606937144394616	7.156485802694654
18.23999073654565	6.600182694375244
16.663098410224485	7.573061416548411
16.072101249543138	6.933517603609745
19.148563033409214	6.4263589833657555
16.700843186402015	5.912787451314502
16.18291069777544	4.321287387669656
17.62833512115693	7.668042975373229
18.527850339037705	6.637775892650943
18.60367831887981	3.7971336208539377
17.332706052523083	5.447853453597734
15.85578526421798	6.214843379297175
18.964706397151456	6.946197990430681
17.159342270095497	5.541651358742168
17.11557095963632	6.799240468265647
17.42313168142605	7.523539608464497
16.211211060342333	6.42801696389802
17.768877203315935	5.811710778882592
16.855625121661117	6.032284433178112
16.929400367907803	6.188339152448303
17.582639051106394	4.47379831452457
16.33297898967767	6.55196860863068
17.058500394608497	5.828739093628136
17.495524007972044	6.788423693577501
18.296346326167615	6.356966607330896
18.304051597339498	6.464529235685285
17.083337269188586	6.159380048736125
17.863949544507612	4.5709080770643595
18.55193194882363	6.023994529190503
16.012283840451246	7.7353601824968585
17.942380210006515	4.390885637307756
17.537560242561526	4.142749284125059
18.00905714285483	7.536743172748114
16.57118963014202	6.052913076634152
16.50659542576032	5.164001798468538
18.26115208626737	6.658532344245343
18.617330196776575	5.314494336781524
17.639473866982524	5.404345619022605
17.118792972996882	5.04127141649543
17.739645800580476	7.234807805479668
18.72995123858373	3.3480346921999784
17.985856714482036	8.298946246633957
17.42761881892909	5.2546550393478535
16.336577318163513	5.307697428695937
16.761761611454496	4.436876975475316
17.52035037111788	7.156385125292296
16.796354331402174	4.8573907558370575
16.12670548565061	5.269731949007866
17.878469478797015	5.16477115715087
17.37492763238409	5.811027933850524
15.261737215581316	6.282420027467582
17.497149611614052	6.694992343527584
15.23909592300351	5.380850066277901
16.198717894364947	5.054630956073662
17.54220506029943	6.814843900720257
16.182897259647227	5.865920274190633
15.95271168605246	5.660562230684261
17.344606193981146	6.128143842833136
17.662573676274867	6.325885793106452
18.276912129533983	6.441159918317236
20.37739315972925	7.5488188100804425
17.219343194942358	6.832828675938772
16.92505144973967	4.902798508948723
17.496558146802016	3.9553447901538736
16.791386027719035	7.381487073590536
18.519942451876293	6.150115366892219
15.904575721615267	7.062358966145607
15.205369005229883	5.762739674828737
15.730882059444598	5.961719881930833
17.078824934646118	5.741772538238568
16.470906378906832	7.049056793615335
16.271785898985087	7.753192269826744
17.218381847080238	4.911881041970775
17.066570732020526	5.641927999438071
14.548340630002702	6.469146724064702
18.14330742974273	5.172650016384363
17.556186456635196	5.5774707430230475
16.46602494923081	5.403100087200643
17.550881082997453	5.606454566186441
16.419575587463406	5.566760887899079
17.197835151071104	5.086165194392672
17.179151532733936	4.5465069591153995
17.235080650262766	6.992676705043314
16.73285140712283	5.964315134835652
15.23259180905731	6.359251511777933
16.840884502151823	6.663180146349591
16.048640920067843	6.153642260324303
16.3365373460086	6.971060213760194
15.89222946825618	5.620355022732448
16.461560102961382	5.021721253413396
17.972011324303004	5.348539505845369
15.880131216530673	4.573953121167269
16.5961742512685	6.118329477713371
16.45344801018517	5.372478460249043
17.377943928054616	7.557015047047256
18.262928934296028	4.627180321996069
17.77598975850591	6.45127905821185
18.755266247242886	8.624024025096801
16.219336169125295	7.059391667484021
16.66760724557822	4.805296070807969
15.851262354671746	4.467999128915469
17.542744753107517	6.6468803416025946
16.937546816800694	6.730561115947015
17.974702426163546	6.0956360968121945
17.049790379680797	9.237071970636542
17.47657226217523	7.121966562574028
17.571872255559317	3.6039445922055617
15.565761825610569	6.213664447477287
18.498487196397082	7.082896058288122
18.574910808903873	6.318821021915243
17.249276040509116	4.843380668869714
16.967415926065982	6.244581398178348
16.368866792944488	6.421941495943054
16.03849388684757	6.845813397257327
17.285997517077064	6.958805714125432
17.820457550713453	5.750073628178881
17.58556567607232	6.522999992440618
16.6238579398252	6.262981116876351
15.98657214636978	5.192881429068974
16.13635182653193	5.760055157925869
17.173984181943364	6.1628956126545
17.19734527493833	5.571895047147237
16.876008841445113	7.282006938413381
18.840391002141345	6.685100987333463
16.84888627062719	7.525690206755704
16.713030040649357	5.523102520695605
16.521416894965366	5.4321855928015035
16.518919429394593	5.041036646680039
18.763967827138202	3.9873866096193153
17.00582970827357	5.156540009010332
16.603918921085224	6.3814380215400055
15.609869048737758	7.351366921083003
16.558047469451154	6.579985324810728
15.823680933372245	6.466513467134209
17.308908134687673	4.195843282267338
17.66744794336378	7.241526688315641
17.617060652198578	6.147214544499136
17.620293476894133	6.532971703546433
16.811038711288216	5.513997690288759
16.982232003092367	5.00998906561726
17.043530159670052	3.6860561615869143
16.528763683784273	6.07593206128841
17.785556684809677	6.164414998595759
15.827160403720923	6.304199576535209
16.927914574944268	5.4089836037917305
17.432167194682787	4.917116299953677
17.87568761370898	5.252401274063665
16.42172369165708	5.417426357222214
18.625903038845227	5.124255171028214
17.02916643802206	6.483287389268422
16.521653418747132	5.89311800501233
16.37012933673774	6.609467843183089
16.023851712688366	5.3827652556359675
17.148454137133594	7.311739965370701
18.9632031511044	5.982397347775124
16.53528584511544	6.304420988985364
18.371321848397997	6.295394865249959
15.574917059766825	4.932661956639632
17.05675062228828	5.569723579787509
18.81784685191333	5.318939929501703
16.905581690242787	5.628436049010295
17.543123436221713	6.810968915586463
15.563354900325578	6.347973481208937
17.889881086015087	6.991119268780037
15.075524450882671	6.541944803860869
18.550000762807976	6.42025583849374
17.52896700178189	4.723572737414386
17.270146011675262	4.756837875849291
16.78254636996469	8.227213565605663
18.914978167263932	7.018534569128148
17.342097342808604	4.27833105658373
17.39548641591534	6.665957212344097
16.872892992008037	6.307574077029848
16.164233841076072	6.020525063469907
15.848765576354728	6.561007444712789
17.594041896524274	4.742977975052545
17.460944199311328	5.1658314306340145
16.606243873804956	5.189149246950226
16.43550462993609	5.28355218331659
18.383521503255604	6.4040931600306905
16.641116936159012	6.676876160876206
17.273479510558992	6.0329578751275825
16.241741059752943	5.950962910357997
16.594324909473094	7.97698058102343
16.73488614620899	5.933326155843526
16.367294501815092	4.651372516499519
18.017836098190962	5.312800728575693
16.81659696154557	5.042290722750284
15.608094147493903	6.28633795070431
18.100441089367287	7.437466984184228
16.57483243914477	5.835155130657544
18.109501328022255	6.485926407332465
16.499945838732618	3.600134325746048
17.348601393174683	6.037633795167725
18.16307462229477	5.727587637816947
17.66471314253591	6.055154797033054
19.190453069880146	6.430189541437424
18.14293722110536	7.595459058210862
17.152969728773087	5.649572676270442
15.055531504420877	4.253680428672065
18.61513327635065	7.53089697506104
17.69478164837198	6.750269079128227
15.055169278908096	5.5272912567385335
17.37882128814443	4.914257669612457
17.302100667960975	5.35629722242365
16.773414316028767	5.393899489938861
16.104875716173918	5.624012552853625
16.19047865757414	5.75180687699447
17.605622211927894	7.221772271024622
18.20031280430596	6.8014586685952825
17.696899606980327	6.882918922084181
16.44956460192499	6.665368174315617
15.575190114097158	5.7815035819906
16.447255531002774	3.768269142790246
16.59375307301985	7.1796657119365275
16.579055595544737	6.120969764803955
16.556356714430297	6.898790337917879
17.018054272117197	5.443579514040037
16.85020547951263	5.677860533566438
18.088627231449873	7.96413429282239
17.715673801159653	6.474072197163781
17.325120348364333	5.667849815951197
17.344423924471435	5.661548464088472
18.545618686775274	6.399912107233325
16.08737020745981	5.911573669638039
17.47964586161169	4.835518679419396
18.654340587182507	6.919877576950941
17.194241463886918	5.2148656498285515
15.864149464081354	6.257732455890588
16.54219594905566	5.901450540109047
18.136406442790403	8.659022142279373
17.291783105186887	6.597144379779602
17.115893004660002	6.443947878789537
16.986603365397787	5.217229718822553
17.26233725761201	5.899777522989075
16.936877475381316	5.785150219774692
15.235368757288711	5.6231703307165795
16.63762262202773	4.514313507755774
17.51401098589746	4.575512667371994
16.27223108490121	5.236405760005472
15.861961706574322	7.082636791359381
16.734019279425382	5.26191557050606
16.68121959631896	6.244994726291866
15.878392525389998	5.6819401388671285
18.030733839444284	5.35765898233495
16.662517724016816	4.717768101352002
17.94995680537965	6.077578710462482
17.526196473262356	6.530848043574646
15.935932699467074	6.103031937409457
16.759461550672135	6.228032527036055
17.000236472510856	4.690607612246725
18.17294582012993	6.112419597596446
17.491214518533994	6.511987139220049
15.25637974359281	6.324556781811191
16.463954147045317	5.41403228661875
17.56365589443736	6.557000635226527
18.568353039372603	6.934366786006754
17.317818540424792	6.589387688094133
15.262812448582752	5.47910269569944
16.459003906192983	4.823356562155186
16.516919859265748	6.531132679974119
15.161568414901684	7.137584122763553
17.290895335092955	5.689854031863942
17.063659498777643	5.7084143663956155
17.624807442881604	5.36888607127985
17.621037992606393	5.325350726670914
19.078667565355186	5.414653114708904
17.69054697669305	4.7309153767312
16.55561038425663	6.05615740777722
15.892081330548804	5.590161575202976
17.438962211180613	7.717945528903973
17.24295415107341	5.017583309103276
16.336583045221055	6.568206405080955
16.330229449358118	5.958699301862673
18.5448063717607	7.929824921065499
18.84095254365416	7.795395023878475
17.37257908949304	6.675353881135096
16.23828411119177	7.342109954992305
16.949087479745412	5.18957454205674
18.573791134785804	4.089454660320904
18.099782162159293	4.4369256120019305
15.608879408393575	7.442628817147771
18.2839776605493	5.2388807304513145
17.622162150676058	4.229625257513559
17.04866056947336	5.662569393900835
17.28252949943908	7.9490537051525365
17.495252746954723	7.5647854262575125
17.45023149665544	5.376012465359331
15.605224628203718	5.686724626609186
6.361805235976031	16.995311236068293
5.478046576867677	15.381314968307034
10.155812169523989	18.642582911274857
8.031759769855823	16.415087078731524
6.343223637878702	14.814828866698686
6.313650377941953	16.63257336886821
7.705107479402984	18.553999618834787
5.627545408934142	17.305198013995525
8.145150055594048	17.42072070187212
5.9382799647328905	15.341130287127633
7.90759378119521	17.302819505188566
7.957944561718033	13.988380155361414
4.191654079463708	17.044709350942423
6.885420007602291	14.452288210134117
6.176355100611673	16.135400836316588
9.21561981793647	16.604761430524487
6.834719981514041	16.913566841535697
11.493649454872607	17.95859276823112
6.301434099460239	15.124265184786335
4.605490555496888	18.086598362406015
5.388573442138255	17.725736640138372
5.673506803647058	17.282842015414538
5.768629478616816	16.362970155390062
3.526746301665908	16.385128810450304
4.798196194694341	17.10158358986512
8.643957989141464	18.284816912981196
6.127317826472509	15.552962743043437
7.432246004605479	18.011039089080246
4.514682055878351	16.15594695418723
8.277074024600545	17.282881557744894
5.8857456631346725	17.15115618146643
8.476957034799247	13.909271644311687
7.969181702996119	15.551023492805808
8.998256490841698	16.572908346441018
6.339044126018901	16.329497327315494
6.6015554514890376	16.04365234006406
7.61518813044363	16.205127343557827
7.220684054927839	20.762424809820022
8.446793941349776	18.74088395478499
7.404278203276521	17.194249017896006
5.644505166823276	18.90223690486183
7.83984658744052	15.442208575289005
6.331924802659082	15.585030528606065
7.574330582899247	17.406568018727032
6.736080060058922	15.227274665642224
6.1412529766004	18.93262415382927
6.690986121585862	17.926457136689766
6.8630925357738475	15.483379633133566
5.672566451358167	15.958479027327165
5.372400742594769	17.26516786294313
6.250901467789931	17.48322723272545
5.908817907023697	16.972869812063955
4.211491470592057	18.182346607820953
7.5041258182099915	15.362519237706556
7.328974337198734	15.915933123530474
6.30435910951569	16.994682181834584
6.1556950551933385	17.570365458269727
9.934513704460862	18.657469153423193
6.650042395131963	16.43415904718901
6.83368308898035	16.235076027498494
8.455423143177772	15.200254046844627
5.4702922292119025	15.400299414253038
9.039854129828491	18.128511867749992
6.03084192092359	17.184396837777943
6.5070362504361245	18.862667521240535
7.334837215067032	15.582004498089013
8.326966828179938	18.56249967507561
5.865087370044335	17.658677061605857
6.955717342650809	18.47455836182977
7.3870298642698975	16.48900752998896
6.915881043296567	14.618953679319645
6.062272790736838	17.07334659495997
9.649311557499942	14.99685362483467
7.939238092452522	17.749750106441887
9.830687474077624	18.312386161042745
7.513790672358976	16.32695757998176
9.057095568112295	16.325297650231956
5.583518359596594	17.938255477691
8.626198876947711	16.72879690962637
6.800455511521812	18.593057840287933
5.199301668153695	17.66419122138886
6.5882912474488675	16.97038151756922
7.912186712198253	16.54696502938436
8.00930696739014	19.41238574587438
6.495590399797221	19.21461337449206
8.14131141044873	18.61121916926241
7.810127726640292	17.68060042989214
8.25600646640861	15.851998711000494
6.328234376574677	15.181846332040855
8.112031884519041	14.866486516174948
7.000835731774063	17.540964741877954
7.418882571389259	18.76419414718411
8.7493541448934	16.51641700515077
6.00104678851907	17.66373726688933
8.261943407899743	15.12439858228418
6.865901662923687	17.51122363560679
7.735005247816628	16.17397599798623
8.21818418804164	16.412399665306076
6.89131605240396	17.40110240135688
5.9716615639690485	19.791037405165437
5.320196377207569	15.560619920621317
7.395388583992279	15.600422590861564
8.855673917533974	16.012884136791214
8.014617148123339	17.371978153049277
8.271668371828843	15.721694664791954
6.353037537807862	18.401281334915012
5.13280734661746	16.651034906139976
6.508195258954223	18.523783561073902
4.789732766868278	18.022862937919086
5.614787242561694	19.21069848425672
4.926323509672948	18.022375743307865
9.518589602330467	16.659288109424033
6.977922818697649	15.989746534427073
7.297822189898795	18.160339784121344
5.211944079268272	15.13558528792177
7.595360177305811	17.487635289808413
7.045777543330249	17.508897445738334
7.330542047169399	15.625787954533747
7.223980514435446	16.433844796333645
6.221377096193068	17.637025672243496
6.587606603412567	17.672312328328605
4.431040541861467	18.125881309549673
8.060787062276459	17.31922638227369
8.018303354785472	17.779831490223355
8.508053765627269	15.969203671589204
6.2960374752957184	16.429797718208512
5.503762865135947	18.16758018543363
6.2906330112940845	15.537155660489596
6.594794754955231	17.738881865369677
8.379182344019767	18.461518184330806
6.934620593374598	16.52450006950376
7.226400143941922	17.152707606413326
6.475955408041691	15.980678239238337
5.780204110447604	16.480595290413028
6.198839824517739	16.546896120296992
8.131751720889081	16.50222993794811
6.911729530962648	14.463259088598239
5.074914301739428	15.25676891871277
5.456619171350225	16.68920087840036
5.5335919043908985	18.69441089612606
5.366473947060168	17.0463608505239
5.722434253500432	17.33544350074885
8.331908595360321	16.129693627788107
6.780616358116153	17.356452715709498
7.714012168520616	15.662563847365131
10.06891055052596	17.77227836044097
8.229604624321807	19.660002272326
7.650108867349446	15.490523579995491
7.164007236020168	17.37681834579415
6.720800631781764	17.7168352338926
5.936917062519997	17.678678153383593
7.397494934456889	14.369800204380507
7.644863738781705	17.068213834208834
7.783850013167815	17.85601788363255
5.42258225238224	15.175533230955441
6.909165874645191	17.2158327210485
7.861066825497334	18.840131182061874
9.688499960212386	17.451595574717146
9.393017465760078	13.901298949736374
5.043356641425374	18.040488874529128
9.3314618015173	18.78140923322598
4.794631009095207	18.12214354828365
7.7314200616777145	18.189859536890648
9.692963873482395	18.96143108013774
7.051402137737772	15.672586356897186
6.587923673145064	20.14999368395379
7.077334284906852	17.8386350858652
7.708221440660842	17.180379805663865
5.08022750967905	17.13510209603925
7.194703003566228	19.06308044677839
4.840211119048703	16.48033560632688
7.331546680897785	17.824628224368972
6.219852412185993	15.173504418839956
9.249580616480678	16.77761597058627
5.561313597067286	15.549438173746303
7.567811177668858	16.387476801102245
6.116693309115085	14.740217748293093
6.833520742495767	20.05057490344314
5.623354114469165	17.84254252496112
5.880174194958917	19.878131173262545
7.1540261002411505	17.221420723195493
6.566767298623344	17.56017746129377
5.5613323537173605	15.704827624516568
7.656386862441202	16.764950035605708
7.374082720851499	16.95416275979818
7.135233603618608	16.633310423454805
4.966204316347081	19.536461027439064
5.63366406501793	16.776166105476403
6.7858723095822855	16.971073658599206
6.829939159508104	18.543060778506543
6.520731411651624	16.264566374998914
6.569237766501754	16.59576635460277
5.525989972376465	17.396950861982003
8.478630745784425	20.033238003721436
7.496004096904448	17.73401840498347
5.2274476862348696	15.49652976767184
5.793282873473828	16.48671164551574
7.90186626108411	17.861671707210274
6.0419008764724005	15.823862012567261
6.765032621549746	18.596497651328434
9.332099343953017	16.52994682956866
4.8332386078720635	19.396629555959773
6.865740576341506	19.31576029839481
7.093879295490379	17.410496376522158
6.651323790147944	15.255135594080643
5.144761973028584	16.574185421711555
6.511340367675744	16.792376724127212
7.560758499125832	16.471686335440648
7.202328016113885	16.394565136592814
8.130255915263042	17.02374182589879
6.868909238417358	16.220487201710572
7.472137132515101	16.33033879577309
7.004846551240496	16.807005748182213
8.49349092649854	17.45736406383447
8.178808780749936	15.087413345109256
6.706121811206331	17.618191703250336
7.920228149228105	18.30656376431355
7.789203243447957	19.2972661749725
5.994348026241417	16.15798948850069
5.063175403162099	14.96228166378584
7.2434849055411155	18.810837730044593
4.693093077634521	17.87030082347052
2.6059594630763234	15.665649616347363
7.560660822149825	16.10147491962397
5.119217682695832	18.37325272909362
4.933311087847578	18.138125719384078
5.46878475307321	19.221838609439732
6.236530684867562	19.206340313707514
7.764511159421259	14.860106513503636
5.909755160003877	16.569655165754504
8.29561964599945	15.789856263571004
7.122233186674342	20.019230990948476
8.012893464265739	15.864052270337883
5.180264008695683	16.333994616337808
5.311983562516876	14.606167283417353
6.707588454760379	16.279623953825414
7.226347827663374	15.592140456580012
6.301402812925554	16.88588236816646
7.699387512607759	17.93353160445488
7.012444616359299	19.19141487459139
7.034112332226731	18.729962506771024
3.824313026071097	15.258688657687442
7.695588745374198	15.107761579478522
8.089728685730664	17.064128543885204
5.629945190905977	16.472221897180198
6.247263839520014	16.77925284111573
8.370150822136809	19.55265298159687
6.555517398552311	20.369197788236146
7.125141744740958	16.607571477489955
8.514166634972392	16.576585759079165
6.44733044251177	19.705514059343653
5.780307208590642	15.092720741081276
6.600980851594853	18.847108774163384
5.219982003217879	17.62033076396837
9.227995357233976	14.607929195533153
7.514001210053529	16.732903031949107
6.77833072867183	15.936643910604328
4.734148876638325	16.433933057394857
9.752937366663307	18.227973221693926
8.551212686076811	14.646652795464682
6.191801372844701	16.589800943419387
5.537734724435739	17.132323021593628
9.170749379116709	15.947843777671098
6.804544753092008	16.70067262680169
6.247547158388532	19.310094612755154
12.123182936735187	14.407945293745204
7.649081004729481	18.221796824860732
8.347876745522147	15.3018859260727
5.8719794470662166	14.465398426924416
8.105298475100426	18.80672013787211
7.582622109973497	17.287541188983997
5.035062856384582	15.817471917260928
7.470527702390361	16.68904699158532
7.767047767753172	18.177705564040508
7.2260835359203135	19.07767108973726
5.890455258630942	15.944773116708951
8.62596758719455	15.802588823755134
8.278826454930561	18.799389346549113
8.94054492257492	18.32284979617708
5.314727311796774	17.34695605231711
7.3903259066975835	14.995343928322864
7.7961635777171185	15.520543015321369
7.5244987139796535	15.278196623056667
5.078762348550182	17.122294312485973
7.104105906974327	18.86559753879866
7.578607133707344	16.585189746760946
7.23077667304019	16.437950650461627
5.017459267528277	16.967111479386375
5.024840359700185	15.88146003720742
10.392695816136225	18.473944493182625
6.7692792481186705	14.636703468266207
7.237336442421636	17.562916097693233
7.703362685119083	17.735432996699686
4.463839237094458	20.096216026481518
6.775319143140284	13.852454306737881
8.459589911277094	12.829701555981629
8.154152753068733	14.425263464607657
8.337827617581382	18.380728761579423
6.729509744659668	19.376162784188136
6.075237386026152	20.10767217955594
10.023594373743242	19.288601347906912
6.866189471081497	14.038009541671592
5.871430522513064	15.978176120845621
3.9847139315941185	15.289444783562349
5.1360151756361105	15.795386996760023
6.862179337710973	16.09936674803568
6.0372252666553505	17.47144999947732
7.94162077413121	16.529017371106743
7.7964784958702165	18.92428035979323
7.550220353411355	15.904749643778013
7.884405868056582	19.086101552624818
4.746655315530138	17.58912543004262
5.072384593609201	17.142782728575288
9.144105419446788	16.056898366041843
5.404222758030814	19.108766466015464
10.338061039468059	17.850020427981487
7.759543698805811	15.195701664913921
7.3640982505948465	17.66507323727345
7.299277783300078	19.00439091236518
8.782678237870957	14.90569300196291
7.0693288819442905	17.299908039327708
7.609170222902771	16.885902757561414
6.8521072810641686	18.04222882382402
7.084458941220592	15.643908730448082
7.99830060561088	18.901696866309553
7.487465104337706	14.640274377219585
9.761679498433832	16.486312197605585
8.057565200556155	16.878726306232615
7.933325875601002	15.88921376952189
6.391334327816478	17.23411982642239
6.390204458673921	19.047984059220703
3.416263306645283	17.14565141470908
6.921687218608112	16.879640920685336
8.251969628285831	17.48379440400315
8.427869363192935	18.333614634095838
7.884706348897389	16.284439758240755
7.130294160060275	18.71740795235747
7.2078306357529645	16.035802861413316
7.21515421062636	17.013535458914447
8.122926687369338	18.18385619609865
5.141935301383607	17.035519454091173
8.164162400467744	17.603543482764195
8.891585783860789	16.22510280888357
7.9696949168671765	17.778869033876173
4.071149351417839	15.739802251814085
8.88191735142073	20.78427727432188
6.910508403804287	18.30112151496589
8.984722598937694	18.83438585941527
5.413067519463042	19.62018810404029
7.322416952710278	19.932145953213784
8.75368526921131	18.497483704602022
7.653685923402508	21.154867556162685
5.097937862920348	16.105073316033327
6.177898454941424	16.236106754764094
6.674578144263443	15.964377996755045
10.665525508661837	18.440706461012397
7.9692489039176255	16.82567068247116
8.037575653087478	15.478725037618998
4.6616212758853095	15.673284244011825
6.813988504212529	17.015292600782875
6.7349591275340135	18.119502701505514
4.820811391952186	14.649273357571403
6.2556391734074985	18.26104365623596
6.303168615089119	16.996078158609553
5.295946471540579	15.46426323844134
6.521387080016579	16.297182952985114
8.27824711152054	17.40571833912941
4.1425342349258845	15.410614529060583
8.551786977035327	17.47041281209542
7.076929876111511	16.878769993607087
4.886096064931961	16.662858652486538
7.163630654292747	17.132554279474487
7.230747257581811	16.34758603865177
7.8372569459371	18.618516050411024
7.034330899994006	15.669090955027452
7.440216416289585	16.611660100529242
4.562018848286969	13.996714697887858
7.671609071703746	16.330699713415584
8.51127308750807	19.68315344050947
7.487853620230314	16.24369653962575
7.0165169279579755	15.183434167034264
2.9286214155799444	15.911157690624359
6.274357051527582	16.718811940632452
7.760083360985401	16.708313722034944
7.677250849140757	16.304384773735112
5.758685280616166	14.4353757386058
6.955004852321725	18.232518084073618
7.431029930174706	19.204437750691
9.714784885084486	14.915481508797031
6.534185978936283	15.277815486407015
8.460100866249237	15.795715521930218
6.769001838741916	17.125604149618912
6.927058335828298	16.668624185403843
8.388944558305122	16.394392682122103
5.546323230787915	16.30504844563455
8.677931110013628	15.276296913554908
7.1283898946158235	16.39899813604288
7.646387831158494	17.299958859378354
6.582695166029373	14.685744925741677
6.86010745447025	17.69721934732796