-10.40042064796928	66.65294442222535
-6.556770145124846	60.9445369118296
12.543277516721671	75.01865042993771
-9.364962137056684	58.69245009616111
11.099295009901908	58.12219415801615
0.5047347286459447	64.11975533656968
16.72931882773174	82.67474414905035
3.421516332675857	63.622106880882676
14.67953992588835	58.987304133343855
41.70934983190421	50.963176326401694
-9.048072275644026	63.52395289158878
14.065823846780003	56.679203590536524
-2.2841394657641922	77.20907166209568
15.453760808945374	59.515249454478905
9.45164476940824	62.26801086565368
7.309664973996672	48.43979230992466
-0.45197272248244547	59.118171239883985
8.139478973093796	45.302009895817434
-4.070841856827332	48.59269780179892
4.513981702958127	71.18378775373806
18.041625199660245	51.05007708740233
24.83171402284611	54.192854755466584
14.921928918497844	60.20482548166288
14.02527335799585	59.85379942228672
8.24092381067802	72.51055788962402
16.842957868203236	66.54831112277657
23.9132680081999	73.20168952186206
2.8839234969155747	61.04209656877074
-15.28017678421242	51.74412706153387
21.09244344978903	62.94718950808174
16.307111441389033	43.55713120868627
4.903382700768408	51.80278403998737
18.8131060516322	52.47446145159145
16.683652405143473	44.65548333147177
5.99050684657424	63.41076853525841
30.181307964651275	63.43956932554791
0.5110347233112389	62.85580739852753
8.81162450529217	48.15224295403708
4.255268675419742	64.39089472905597
29.03497435652848	53.3278625006761
9.995550010028387	63.33042939382545
-1.082327488726218	80.45383272936968
5.301828210009538	48.027670342442235
11.895335610733838	61.59894254382217
6.7096783138021365	55.624780313689214
15.751952494381221	58.39626732637532
6.44125902555258	69.43490173704492
15.747070390794114	44.6850888128354
-7.550065665897914	72.04778635078414
0.8956289240824378	52.90068350832472
17.543006246971224	67.76582673572045
-5.751865306578516	58.98098291268606
20.872322462950343	84.2197571961973
16.608293885538398	49.229541073322764
13.002805008395324	47.9305685467544
20.390755004072425	64.88468524611528
-9.468377732387221	49.43991996125039
-1.4566944397460602	68.86955654190086
2.5439885918525587	46.56842634667464
11.057962752346622	48.057599471040994
-7.500330939900026	68.28842109227955
31.695731093936047	45.41146365818068
19.21857599462629	35.68325820168334
6.192466164835471	81.21775563905999
27.20311283732822	65.19284446795845
18.054679123961982	65.73106074200848
22.465508517465295	79.20903516181916
3.824827498637191	45.65555200117239
1.9361605514280555	69.09495654566098
12.18186964338428	67.11692134353362
16.711113457952223	69.21561070587654
4.498317225931508	56.634108340355816
8.937524304225832	51.7862687033973
-0.19854954064104646	65.5550407740127
26.6760743532309	50.240859898476565
0.5703719246082684	61.301289081756565
16.274694725731653	82.71517811847119
6.016076528841827	73.77793709659406
-24.231923676968492	60.83291065147301
13.329789098453038	62.71437100069448
13.970198645383274	47.57860093910708
2.4373884745468932	61.70494602360661
2.0059758784521806	53.45716581175827
13.106742089873897	75.4521465851909
23.926513965082492	57.78629792863857
29.58329034563208	63.552497106843205
4.395111501697004	61.53590890402767
6.940434905282521	36.44178284121677
15.818277223062676	61.42374387212126
6.358372963776874	71.36775918926648
14.309814134613353	54.96882961694126
27.290850741193367	54.63051664302452
20.489437506035692	54.527165731505065
6.6988101617141185	47.43079840393974
-3.187834275737771	62.245791405611584
2.943421204495343	54.55182236378093
0.3850859226371095	52.566286585074444
15.226722076163743	66.12856488396507
14.610630759103412	61.895107939681495
11.843601854429707	58.95026807778439
15.160128833310367	66.48409903988986
-5.881947360076123	54.581194838125015
21.813939006459364	45.15473035066631
27.334029711598564	54.062256270424825
3.2060103385323755	72.54389889985374
1.7351523187438433	49.070505355495015
-6.466274650296526	35.91762772553568
5.293139364022695	53.62183778070002
10.776219323978996	74.03464508107928
-12.12657073220688	43.28073217854304
25.595534672807652	72.8598557408754
-3.930628556053848	71.56485802694654
22.399907365456514	66.00182694375243
6.630984102244857	75.73061416548411
0.7210124954313879	69.33517603609745
31.485630334092143	64.26358983365756
7.008431864020155	59.12787451314502
1.8291069777544178	43.21287387669656
16.283351211569283	76.68042975373228
25.278503390377054	66.37775892650943
26.036783188798097	37.97133620853938
13.327060525230827	54.47853453597734
-1.4421473578201938	62.14843379297175
29.647063971514562	69.46197990430682
11.593422700954953	55.41651358742168
11.155709596363184	67.99240468265647
14.231316814260484	75.23539608464498
2.1121106034233126	64.2801696389802
17.68877203315935	58.11710778882592
8.556251216611175	60.32284433178112
9.294003679078028	61.88339152448303
15.82639051106394	44.73798314524571
3.3297898967767035	65.51968608630679
10.585003946084981	58.28739093628136
14.955240079720456	67.88423693577501
22.963463261676168	63.56966607330896
23.040515973394974	64.64529235685285
10.833372691885872	61.59380048736125
18.639495445076104	45.709080770643595
25.519319488236285	60.23994529190503
0.1228384045124764	77.35360182496859
19.423802100065146	43.908856373077555
15.375602425615265	41.42749284125059
20.0905714285483	75.36743172748115
5.711896301420185	60.52913076634152
5.065954257603201	51.640017984685386
22.611520862673697	66.58532344245343
26.173301967765763	53.144943367815245
16.39473866982524	54.04345619022605
11.187929729968824	50.4127141649543
17.396458005804753	72.34807805479667
27.299512385837303	33.48034692199978
19.858567144820366	82.98946246633957
14.276188189290908	52.54655039347853
3.3657731816351233	53.07697428695937
7.617616114544942	44.36876975475316
15.203503711178794	71.56385125292296
7.963543314021746	48.57390755837058
1.2670548565061246	52.69731949007866
18.78469478797015	51.6477115715087
13.749276323840892	58.110279338505244
-7.382627844186835	62.82420027467582
14.971496116140539	66.94992343527585
-7.609040769964899	53.80850066277901
1.987178943649477	50.546309560736624
15.422050602994293	68.14843900720257
1.828972596472287	58.65920274190633
-0.47288313947540184	56.605622306842605
13.446061939811454	61.28143842833136
16.62573676274867	63.25885793106452
22.76912129533983	64.41159918317237
43.7739315972925	75.48818810080442
12.193431949423562	68.32828675938772
9.250514497396694	49.02798508948723
14.965581468020153	39.55344790153874
7.913860277190353	73.81487073590536
25.19942451876294	61.50115366892219
-0.9542427838473322	70.62358966145607
-7.946309947701167	57.62739674828737
-2.691179405554014	59.61719881930833
10.788249346461193	57.417725382385676
4.709063789068313	70.49056793615335
2.717858989850852	77.53192269826744
12.18381847080237	49.11881041970774
10.66570732020525	56.41927999438071
-14.51659369997298	64.69146724064701
21.43307429742732	51.72650016384363
15.561864566351959	55.77470743023048
4.660249492308104	54.03100087200643
15.508810829974514	56.064545661864415
4.195755874634072	55.66760887899079
11.978351510711043	50.86165194392672
11.79151532733936	45.46506959115399
12.350806502627666	69.92676705043314
7.328514071228295	59.64315134835652
-7.6740819094269135	63.592515117779335
8.408845021518243	66.6318014634959
0.48640920067844484	61.53642260324303
3.365373460086003	69.71060213760194
-1.0777053174381934	56.20355022732448
4.615601029613821	50.217212534133964
19.72011324303006	53.48539505845369
-1.1986878346932772	45.739531211672684
5.9617425126850225	61.18329477713371
4.534480101851694	53.72478460249043
13.779439280546157	75.57015047047256
22.629289342960274	46.27180321996069
17.7598975850591	64.5127905821185
27.552662472428867	86.24024025096801
2.1933616912529432	70.5939166748402
6.676072455782213	48.05296070807969
-1.4873764532825273	44.67999128915469
15.427447531075163	66.46880341602595
9.375468168006956	67.30561115947015
19.747024261635456	60.95636096812194
10.497903796807964	92.37071970636542
14.765722621752321	71.21966562574028
15.718722555593176	36.03944592205562
-4.342381743894316	62.136644474772865
24.98487196397082	70.82896058288122
25.749108089038728	63.188210219152424
12.492760405091165	48.43380668869714
9.674159260659827	62.44581398178348
3.688667929444885	64.21941495943054
0.38493886847568604	68.45813397257328
12.859975170770642	69.58805714125431
18.204575507134546	57.50073628178881
15.855656760723198	65.22999992440619
6.238579398251984	62.62981116876351
-0.13427853630221032	51.92881429068974
1.3635182653192768	57.60055157925869
11.739841819433641	61.628956126545006
11.973452749383288	55.71895047147237
8.760088414451117	72.8200693841338
28.403910021413438	66.85100987333463
8.488862706271917	75.25690206755704
7.130300406493588	55.23102520695605
5.214168949653663	54.32185592801503
5.189194293945948	50.4103664668004
27.639678271382042	39.873866096193154
10.058297082735706	51.56540009010332
6.039189210852259	63.81438021540006
-3.9013095126224107	73.51366921083003
5.580474694511541	65.79985324810728
-1.763190666277561	64.66513467134209
13.08908134687674	41.95843282267339
16.674479433637796	72.41526688315642
16.170606521985786	61.47214544499136
16.202934768941347	65.32971703546434
8.110387112882162	55.1399769028876
9.822320030923656	50.099890656172605
10.435301596700505	36.860561615869145
5.287636837842724	60.759320612884096
17.855566848096775	61.64414998595759
-1.7283959627907763	63.041995765352084
9.279145749442671	54.08983603791731
14.321671946827879	49.17116299953677
18.75687613708981	52.52401274063665
4.217236916570798	54.174263572222145
26.259030388452267	51.242551710282136
10.291664380220588	64.83287389268422
5.216534187471334	58.9311800501233
3.7012933673774153	66.09467843183089
0.23851712688366167	53.82765255635967
11.484541371335945	73.11739965370701
29.632031511043984	59.82397347775124
5.35285845115439	63.04420988985364
23.713218483979954	62.95394865249959
-4.250829402331753	49.32661956639632
10.567506222882795	55.697235797875095
28.178468519133297	53.189399295017026
9.055816902427864	56.284360490102955
15.431234362217117	68.10968915586463
-4.366450996744213	63.479734812089376
18.898810860150885	69.91119268780037
-9.24475549117329	65.41944803860869
25.50000762807975	64.2025583849374
15.2896700178189	47.23572737414386
12.701460116752607	47.56837875849291
7.825463699646932	82.27213565605663
29.14978167263932	70.18534569128148
13.42097342808604	42.783310565837304
13.954864159153386	66.65957212344097
8.728929920080379	63.07574077029848
1.642338410760732	60.20525063469907
-1.5123442364527184	65.61007444712789
15.940418965242745	47.429779750525455
14.609441993113277	51.658314306340145
6.062438738049548	51.89149246950226
4.3550462993609145	52.8355218331659
23.835215032556025	64.0409316003069
6.411169361590108	66.76876160876206
12.734795105589924	60.329578751275825
2.417410597529436	59.50962910357997
5.943249094730946	79.7698058102343
7.34886146208988	59.333261558435254
3.672945018150906	46.51372516499519
20.178360981909616	53.12800728575694
8.165969615455692	50.42290722750284
-3.919058525060972	62.86337950704309
21.004410893672855	74.37466984184228
5.748324391447723	58.35155130657544
21.095013280222545	64.85926407332465
4.99945838732618	36.00134325746048
13.48601393174681	60.37633795167725
21.630746222947668	57.275876378169464
16.647131425359074	60.55154797033054
31.90453069880146	64.30189541437424
21.429372211053597	75.95459058210862
11.529697287730867	56.49572676270442
-9.444684955791232	42.53680428672065
26.151332763506513	75.3089697506104
16.947816483719784	67.50269079128228
-9.448307210919042	55.27291256738533
13.788212881444302	49.14257669612457
13.021006679609739	53.562972224236496
7.734143160287671	53.93899489938861
1.0487571617391889	56.24012552853625
1.9047865757414018	57.518068769944705
16.056222119278928	72.21772271024622
22.003128043059572	68.01458668595282
16.96899606980326	68.82918922084181
4.495646019249897	66.65368174315617
-4.2480988590284285	57.815035819906
4.472555310027744	37.68269142790246
5.937530730198524	71.79665711936528
5.7905559554473784	61.20969764803955
5.563567144302956	68.98790337917879
10.180542721171978	54.43579514040037
8.502054795126321	56.77860533566438
20.88627231449874	79.6413429282239
17.156738011596538	64.74072197163781
13.251203483643327	56.67849815951197
13.444239244714339	56.61548464088472
25.45618686775274	63.99912107233325
0.873702074598095	59.11573669638039
14.796458616116892	48.355186794193955
26.543405871825072	69.19877576950941
11.942414638869195	52.14865649828552
-1.3585053591864593	62.577324558905886
5.42195949055662	59.01450540109047
21.36406442790404	86.59022142279372
12.917831051868882	65.97144379779601
11.158930046600018	64.43947878789537
9.866033653977865	52.17229718822553
12.623372576120087	58.997775229890756
9.368774753813153	57.85150219774692
-7.646312427112882	56.231703307165795
6.376226220277293	45.14313507755774
15.140109858974602	45.75512667371994
2.722310849012115	52.36405760005472
-1.380382934256783	70.8263679135938
7.340192794253824	52.61915570506061
6.812195963189602	62.449947262918656
-1.216074746100022	56.81940138867128
20.30733839444285	53.5765898233495
6.62517724016817	47.177681013520015
19.499568053796505	60.77578710462482
15.261964732623575	65.30848043574646
-0.640673005329262	61.030319374094574
7.594615506721364	62.28032527036055
10.00236472510856	46.906076122467255
21.729458201299295	61.12419597596446
14.912145185339945	65.1198713922005
-7.43620256407191	63.24556781811191
4.6395414704531746	54.140322866187496
15.636558944373611	65.57000635226527
25.683530393726016	69.34366786006754
13.178185404247916	65.89387688094133
-7.3718755141724905	54.7910269569944
4.590039061929831	48.23356562155186
5.169198592657478	65.3113267997412
-8.384315850983171	71.37584122763553
12.908953350929536	56.89854031863942
10.636594987776423	57.084143663956155
16.248074428816025	53.6888607127985
16.210379926063936	53.253507266709136
30.786675653551875	54.14653114708904
16.9054697669305	47.309153767312004
5.5561038425663085	60.5615740777722
-1.0791866945119666	55.90161575202976
14.389622111806126	77.17945528903974
12.429541510734099	50.175833091032764
3.36583045221054	65.68206405080956
3.302294493581164	59.58699301862673
25.448063717606992	79.298249210655
28.409525436541596	77.95395023878476
13.725790894930409	66.75353881135096
2.382841111917695	73.42109954992304
9.490874797454124	51.8957454205674
25.73791134785802	40.89454660320904
20.997821621592916	44.3692561200193
-3.911205916064253	74.42628817147771
22.839776605493014	52.38880730451314
16.221621506760567	42.2962525751356
10.486605694733608	56.62569393900835
12.825294994390788	79.49053705152537
14.952527469547244	75.64785426257512
14.502314966554417	53.76012465359331
-3.9477537179628275	56.867246266091854
-2.279267014371317	-0.01674558547038647
-5.435547939758296	-5.781017970332022
11.27075774829996	5.866367540267351
3.6848563209136542	-2.0889747188159857
-2.3456298647189207	-7.804182618933261
-2.4512486502073085	-1.3122379683278107
2.5182409978678004	5.549998638695674
-4.901623539520921	1.0899929071268721
4.0898216271216	1.5025739352575793
-3.7918572688111047	-5.92453468882988
3.241406361411464	1.0814982328163043
3.4212305775644065	-10.755785159423521
-10.029806859058183	0.15967625336579858
-0.40921425856324567	-9.098970678092437
-2.941588926386883	-3.0878541560121837
7.912927921201685	-1.4115663195554082
-0.5902857803069942	-0.3086898516582227
16.048748053116455	3.4235456008254257
-2.4948782162134338	-6.699052911477377
-8.55181944465397	3.8807084371643388
-5.755094849506232	2.5919165719227517
-4.737475701260508	1.0101500550519253
-4.3977518620828	-2.275106587892633
-12.40447749405033	-2.1959685341060604
-7.863585018948779	0.3627985352325686
5.8712785326480885	4.588631832075703
-3.116722048312469	-5.167990203416293
1.543735730733854	3.610853889572309
-8.876135514720175	-3.0144751636170453
4.560978659287658	1.010291277660332
-3.979479774519027	0.5398435052372476
5.27484655285445	-11.038315556029687
3.461363224986138	-5.17491609712212
7.136630324434632	-1.525327334139215
-2.360556692789638	-2.394652402444668
-1.4230162446820105	-3.41552735691407
2.197100465870108	-2.8388309158649094
0.7881573390279937	13.437231463642936
5.167121219106345	6.217442695660677
1.4438507259875752	0.6937464924857334
-4.841052975631159	6.793703231649398
2.999452098001857	-5.563540802539267
-2.3859828476461358	-5.053462397835482
2.0511806532115977	1.4520286383108343
-0.9425712140752793	-6.331161908420634
-3.0669536549985708	6.902229120818822
-1.103620994336207	3.3087754881777376
-0.4889552293791158	-5.416501310237262
-4.740834102292263	-3.719717759545839
-5.812854490732969	0.9470280819397534
-2.6753519007502464	1.7258115454480336
-3.8970789034867965	-0.09689352834302195
-9.958959033599795	4.2226664565034
1.8004493507499708	-5.848145579619446
1.1749083471383361	-3.8716674159625963
-2.484431751729681	-0.018992207733627097
-3.0153748028809337	2.0370194938204595
10.480406087360226	5.919532690797112
-1.2498485888144193	-2.020860545753538
-0.5939889679273224	-2.7318713303625213
5.197939797063467	-6.427664118412045
-5.463242038528921	-5.71321637766772
7.285193320816038	4.0303995276785445
-3.4612788538443207	0.6585601349212258
-1.7605848198709833	6.652384004430479
1.1958471966679725	-5.064269649682096
4.73916724349978	5.580355982412893
-4.053259392698804	2.3524180771637764
-0.15815234767568134	5.266279863677752
1.3822495152496341	-1.8249731071822812
-0.3004248453694031	-8.503736859572694
-3.3490257473684353	0.26195212485702485
9.461826991071222	-7.154094197019032
3.3544217587590075	2.677678951578162
10.109598121705805	4.687093432295516
1.834966686996341	-2.40372292863658
7.3467698861153385	-2.4096512491715827
-5.058863001440735	3.3509124203250087
5.8078531319561115	-0.9685824656200981
-0.7126588874221017	5.689492286742615
-6.43106547087966	2.372111504960225
-1.4703884019683295	-0.10578029439564199
3.257809686422335	-1.617982037913005
3.6046677406790706	8.615663378122795
-1.8014628578670688	7.909333480328784
4.0761121801740305	5.754354175937177
2.8933133094296166	2.4307158210433677
4.485737380030753	-4.100004603569667
-2.399162940804724	-6.493405956996946
3.9715424447108587	-7.619691013660901
0.0029847563359382354	1.9320169352784013
1.4960091835330702	6.300693382800395
6.247693374619287	-1.7270821244615298
-3.5676900410033205	2.3704902388904667
4.506940742499078	-6.698576491842218
-0.47892263241540567	1.8257986985956731
2.6250187422022417	-2.9500857214777474
4.3506578144344275	-2.0985726239068727
-0.38815695570014197	1.4325085762745737
-3.6726372715391142	9.967990732733698
-5.99929865283011	-5.140643140638152
1.4121020856867115	-4.998490746922984
6.627406848335621	-3.525413797174235
3.6236326718690703	1.328493403747415
4.541672756531584	-4.565376197171594
-2.31058022211478	5.0045761961250435
-6.6685451906519315	-1.24630390664294
-1.756445503734918	5.442084146692511
-7.8938115468990055	3.6530819211395915
-4.94718841942252	7.895351729488294
-7.405987465453757	3.6513419403852336
8.994962865465952	-1.2168281806284567
-0.0788470760798246	-3.608048091331883
1.063650678209985	4.144070657576234
-6.385914002613315	-6.658623971707961
2.1262863475207556	1.7415546064586185
0.16349122617946282	1.817490877636908
1.180507311319283	-4.907900162379477
0.799930408698022	-2.0219828702369833
-2.7807960850247566	2.2750916865839117
-1.4728335592408304	2.401115458316447
-9.174855207637616	4.0210046769631145
3.7885252224159265	1.1400942224060358
3.6367976956623997	2.785112465083408
5.385906305811673	-3.6814154586099845
-2.514151873943862	-2.0364367206838816
-5.343704053085904	4.169929233691537
-2.5334535310925546	-5.224444069680017
-1.4471615894456042	2.6388638048917046
4.925651228642026	5.219707801181453
-0.23349788080500758	-1.698214037486575
0.808571942649723	0.5453843086190271
-1.8715878284225314	-3.6404348598630847
-4.356413891258556	-1.8550168199534744
-2.8612863410080753	-1.6182281417964586
4.041970431746718	-1.7777502216138936
-0.3152516751333999	-9.059788969292
-6.87530606521633	-6.225825290311535
-5.512074388034912	-1.1099968628558616
-5.237171770032505	6.051467486164508
-5.834021617642256	0.16557446615678967
-4.562734808927028	1.1980125026744546
4.756816412001146	-3.1082370436139066
-0.7835130067280243	1.2730454132482025
2.5500434590022003	-4.776557687981673
10.960394823307	2.7581370015748914
4.391445086863598	9.500008115449997
2.321817383390879	-5.390987214301818
0.5857401286434556	1.345779806407676
-0.9971406007794135	2.560125835330713
-3.796724776714295	2.423850547798544
1.4196247659174601	-9.393570698641048
2.3030847813632342	0.24362083646012458
2.799464332742199	3.0572067272591092
-5.6336348129205716	-6.515952746587709
-0.3244075905528889	0.7708311466017879
3.0752386624904773	6.571897078792404
9.601785572187095	1.612841338275525
8.546490949143134	-11.066789465227236
-6.988011994909379	3.716031694746888
8.326649291133212	6.36217583294993
-7.876317824659975	4.007655529584465
2.6122145059918385	4.249498346038022
9.61772811957998	7.00511100049193
0.18357906334918628	-4.740763011081476
-1.4717011673390579	11.249977442692114
0.27619387466732864	2.9951253066614276
2.5293622880744366	0.6442135916566661
-6.856330322574823	0.4825074858544731
0.6953678698793841	7.368144452779969
-7.713531717683201	-1.855944263118285
1.1840952889206593	2.9451008013177633
-2.786241385050023	-6.523198504143015
8.034216487430989	-0.7942286764775996
-5.138165724759696	-5.180577950906063
2.027897063103064	-2.1875828532062638
-3.1546667531604116	-8.070650898953243
-0.5945687768008303	10.894910369439792
-4.916592448324412	3.009080446289717
-3.9993778751467266	10.279039904509087
0.550093215146966	0.7907882971267597
-1.547259647773769	2.0006337903348927
-5.138098736723712	-4.625615626726544
2.3442387944328673	-0.8394641585510415
1.3360097173267835	-0.1637044292922107
0.48297715578074285	-1.3096056305185475
-7.263556013046139	9.058789383710938
-4.879771196364537	-0.7994067661557043
-0.7647417514918364	-0.10330836214568706
-0.607360144613914	5.510931351809088
-1.711673529815626	-2.6265486607181616
-1.5384365482080216	-1.443691590704398
-5.264321527226911	1.4176816499357243
5.280824092087233	10.832992870433696
1.7714432032301715	2.621494303512394
-6.330543977732608	-5.369536544029142
-4.3097040233077575	-1.833172694586641
3.22095093244325	3.077398954322406
-3.4217825840271403	-4.200492812259784
-0.8391692087509073	5.701777326172975
8.328926228403633	-1.6787613229690606
-7.738433543314062	8.559391271284905
-0.4794979416374803	8.270572494267178
0.3352831981799238	1.4660584875791294
-1.2452721780430578	-6.231658592569129
-6.625850096326488	-1.5207663510301672
-1.7452129725866306	-0.7415116995456749
2.0027089254493995	-1.8868345162834068
0.7226000575495877	-2.162267369311375
4.036628268796576	0.08479223535281732
-0.4681812913665776	-2.7839742796051006
1.6862040446967885	-2.391647157953243
0.017309111573197825	-0.6892651850635234
5.333896166066214	1.6334430851231054
4.210031359821198	-6.830666624609799
-1.0495649599773893	2.207827511608346
3.2865291043860894	4.666299158262689
2.8185830123141313	8.204522053473212
-3.5916141919949425	-3.0071803982118235
-6.917230702992507	-7.277565486479145
0.8695889483611252	6.467277607302119
-8.238953294162425	3.1082172266804204
-15.69300191758456	-4.765537084473702
2.0023600791065195	-3.2090181442000976
-6.717079704657742	4.904474032477212
-7.381031829115791	4.064734712085998
-5.468625881881392	7.935137890856188
-2.7266761254729937	7.879786834669691
2.730396997933067	-7.642476737487014
-3.8937315714147247	-1.5369458365910529
4.627213021426609	-4.321941915817841
0.4365470952655066	10.782967824815984
3.617476658091922	-4.056956177364707
-6.499057111801133	-2.378590655936403
-6.028630133868299	-8.549402559223742
-1.0443269472843617	-2.5727715934806623
0.8083850987977625	-5.028069797928528
-2.4949899538373077	-0.4075629708340773
2.4978125450277116	3.3340414444817195
0.04444505842606666	7.826481694969253
0.12182975795260939	6.1784375241822325
-11.341739192603226	-6.21896907968771
2.4842455191935624	-6.757994359005281
3.8918881633238014	0.22903051387573364
-4.893052889621513	-1.884921795785008
-2.6883434302856646	-0.788382710300955
4.893395793345745	9.116617791417395
-1.5874378623131744	12.032849243700522
0.44693480264627894	-1.4015304375358684
5.407737982044259	-1.5121937175744078
-1.973819848172249	9.662550211941618
-4.356045683604849	-6.811711638995446
-1.4250683871612402	6.596817050583513
-6.357207131364717	2.2154670141727495
7.9571262758356305	-8.543110015953022
1.8357186073340317	-0.9539177430389054
-0.791675969029178	-3.797700319270257
-8.092325440577412	-2.0216676521612302
9.831919166654664	4.385618648906873
5.54004530741718	-8.404811444768992
-2.8864236684117843	-1.4649966306450477
-5.222375984158073	0.4725822199772418
7.752676353988247	-3.757700794031795
-0.6980544532428289	-1.0690263328511067
-2.687331577183815	8.250337902696986
18.29708191691138	-9.257338236624273
2.3181464454624305	4.363560088788329
4.813845519721952	-6.064693121168933
-4.028644831906369	-9.052148475269941
3.947494553930093	6.452571920971815
2.0807932499053448	1.0269328177999872
-7.017632655769351	-4.223314581210972
1.680456079965573	-1.110546458623847
2.7394563134041867	4.206091300144677
0.807441199715407	7.420253891918792
-3.9626597906037797	-3.7686674403251703
5.807027097123393	-4.27646848658881
4.567237339037718	6.42639052338969
6.930517580624715	4.724463557775286
-6.018831029297238	1.239128758275402
1.3940210953485141	-7.15948597027549
2.843441348989708	-5.283774945280825
1.8732096927844777	-6.1492977747976205
-6.861563040892208	0.43676540173561434
0.37180681062259624	6.662848352852352
2.0664540489547973	-1.481465190139473
0.8242024037149669	-2.0073191054941875
-7.080502615970437	-0.11745900219151505
-7.05414157249934	-3.9947855814020716
12.116770771915093	5.264087475652236
-0.8240026852904613	-8.44034475619212
0.8476301515058453	2.01041463461869
2.5120095897110106	2.62654641678459
-9.057717010376935	11.057914380291134
-0.8024316316418418	-11.241234618793282
5.212821111703908	-14.893923014351332
4.1219741181026155	-9.195487626401224
4.777955777076365	4.93117414849794
-0.9660366262154702	8.486295657814768
-3.3027236213351725	11.09882921269979
10.798551334797292	8.17357624252468
-0.4778947461375114	-10.578537351172885
-4.030605276739055	-3.6493709969799264
-10.768878815735292	-6.109125772991611
-6.657088658442463	-4.302189297285633
-0.49221665103223755	-3.216547328443994
-3.438481190516605	1.683749998133277
3.3629313361828945	-1.6820808174759205
2.8445660566793434	6.872429856404397
1.9650726907548397	-3.9116084150785237
3.158592385916364	7.450362687945783
-8.047659587392367	2.1040193930093585
-6.884340737109995	0.5099383163403101
7.657519355167102	-3.3682201212791285
-5.699204435604236	7.531308807198087
11.921646569528786	3.0357872427910233
2.7126560671636115	-6.443922625307427
1.3003508949815945	2.375261561690894
1.0688492260717084	7.158538972732798
6.366707992396275	-7.479667850132467
0.2476031498010384	1.0711001404561045
2.175607938938468	-0.4074901515663725
-0.5281882819136829	3.722245799371497
0.30163907578782734	-4.843183105542563
3.5653593057531427	6.791774522534117
1.7409468012060922	-8.427591509930053
9.863141065835116	-1.834599294265766
3.7770185734148374	-0.4331203348835174
3.333306698575008	-3.967093680278966
-2.173805972084009	0.8361422372228232
-2.177841219021711	7.314228782931088
-12.79905961912399	0.5201836239609956
-0.27968850497102643	-0.4298538546952247
4.471320101020827	1.7278371571540987
5.099533439974765	4.762909407485133
3.1596655317763886	-2.555572291997301
0.4653362859295545	6.133599829848104
0.7422522705463009	-3.443561209238155
0.7684078950941436	0.04834092469445188
4.010452454890492	4.228057843209456
-6.6359453522014045	0.1268551931827552
4.157722858813372	2.155512438443554
6.755663513788532	-2.76748996827296
3.4631961316684876	2.7816751209863333
-10.460180887793433	-4.500706243521126
6.721133397931178	13.515275979721
-0.31961284355611635	4.646862553449603
7.0882949962060495	6.551378069340252
-5.667616001917706	9.35781465728676
1.151489116822422	10.471949832906374
6.263161675754677	5.348156087864365
2.3345925835803834	14.838812700581013
-6.79307906099876	-3.1961667284524093
-2.9360769466377734	-2.7281901615568116
-1.162220913344846	-3.698650011589123
13.091162530935133	5.145380217901412
3.461603228277233	-0.6226047054601449
3.70562733245528	-5.433124865646435
-8.351352586123895	-4.738270557100623
-0.6643267706695412	0.05461643136740403
-0.9465745445213796	3.9982239339482617
-7.782816457313622	-8.395452294387852
-2.6584315235446496	4.503727343699854
-2.488683517538863	-0.014006576394449067
-6.085905458783647	-5.484774148423785
-1.7093318570836455	-2.5100608821960204
4.565168255430502	1.4489940683193203
-10.205234875264697	-5.67637668192649
5.542096346554741	1.680045757483645
0.27474955754111197	-0.43296430854612133
-7.549656910957281	-1.2040762411195025
0.5843951939026664	0.4734081409803154
0.8240973485064684	-2.330049861957969
2.990203378346787	5.780414465753653
0.12261035712145103	-4.753246589187673
1.572201486748518	-1.3869282123955595
-8.707075541832253	-10.726018936114794
2.398603827513379	-2.3903581663729123
5.39740388395739	9.582690858962394
1.7423343579654058	-2.701083787050895
0.05898902842134187	-6.487735117734771
-14.5406378015002	-3.888722533484432
-2.5915819588300626	-1.0042430691698125
2.7145834320907207	-1.041736707018053
2.4187530326455615	-2.4843400938031652
-4.433266854942267	-9.159372362122145
-0.1606969559938408	4.401850300262925
1.5393926077668076	7.872991966753567
9.695660303873163	-7.444708897153464
-1.6636215037989883	-6.150658977117808
5.214645950890134	-4.301015993106364
-0.8249934330645846	0.44858624863897606
-0.26050594347036304	-1.1834850521291342
4.960516279661148	-2.1628832781353453
-5.191702747186017	-2.4819698370194625
5.992611107191524	-6.156082451589615
0.4585353379136543	-2.1464352284182793
2.308527968423194	1.0712816406369758
-1.4903744070379554	-8.265196693779723
-0.49961623403482097	2.490069097599851
95.44146597125737	19.966508829059226
89.12890412048341	8.437964059335956
122.54151549659993	31.732735080534702
107.3697126418273	15.822050562368029
95.30874027056215	4.391634762133478
95.09750269958538	17.37552406334438
105.0364819957356	31.09999727739135
90.19675292095815	22.17998581425374
108.1796432542432	23.005147870515156
92.41628546237779	8.15093062234024
106.48281272282293	22.16299646563261
106.8424611551288	-1.511570318847042
79.94038628188363	20.319352506731597
99.18157148287351	1.8020586438151276
94.11682214722623	13.82429168797563
115.82585584240337	17.176867360889183
98.81942843938602	19.382620296683555
132.0974961062329	26.84709120165085
95.01024356757313	6.601894177045247
82.89636111069206	27.76141687432868
88.48981030098754	25.183833143845504
90.52504859747899	22.020300110103854
91.2044962758344	15.449786824214735
75.19104501189935	15.608062931787877
84.27282996210245	20.725597070465138
111.74255706529618	29.177263664151404
93.76655590337506	9.664019593167414
103.08747146146771	27.22170777914462
82.24772897055965	13.97104967276591
109.12195731857531	22.02058255532066
92.04104045096194	21.079687010474494
110.5496931057089	-2.076631112059375
106.92272644997229	9.65016780575576
114.27326064886927	16.94934533172157
95.27888661442071	15.210695195110663
97.15396751063597	13.16894528617186
104.39420093174022	14.322338168270182
101.576314678056	46.874462927285876
110.3342424382127	32.43488539132136
102.88770145197516	21.387492984971466
90.31789404873768	33.58740646329879
105.9989041960037	8.872918394921467
95.22803430470773	9.893075204329037
104.10236130642319	22.904057276621668
98.11485757184943	7.337676183158733
93.86609269000286	33.80445824163764
97.79275801132758	26.617550976355474
99.02208954124177	9.166997379525476
90.51833179541548	12.560564480908322
88.37429101853405	21.894056163879508
94.64929619849951	23.451623090896064
92.2058421930264	19.806212943313955
80.0820819328004	28.445332913006798
103.60089870149994	8.303708840761107
102.34981669427667	12.256665168074807
95.03113649654065	19.962015584532747
93.96925039423813	24.074038987640918
120.96081217472046	31.839065381594224
97.50030282237117	15.958278908492925
98.81202206414535	14.536257339274957
110.39587959412692	7.144671763175912
89.07351592294216	8.57356724466456
114.57038664163207	28.06079905535709
93.07744229231136	21.317120269842455
96.47883036025803	33.304768008860954
102.39169439333594	9.871460700635808
109.47833448699956	31.160711964825786
91.8934812146024	24.704836154327552
99.68369530464864	30.532559727355505
102.76449903049928	16.35005378563544
99.39915030926119	2.9925262808546105
93.30194850526313	20.52390424971405
118.92365398214244	5.691811605961936
106.70884351751802	25.355357903156325
120.2191962434116	29.37418686459103
103.66993337399268	15.19255414272684
114.69353977223068	15.180697501656834
89.88227399711853	26.70182484065002
111.61570626391223	18.062835068759803
98.5746822251558	31.37898457348523
87.13786905824068	24.744223009920454
97.05922319606333	19.788439411208717
106.51561937284467	16.76403592417399
107.20933548135815	37.231326756245586
96.39707428426587	35.818666960657566
108.15222436034807	31.508708351874354
105.78662661885923	24.861431642086735
108.97147476006151	11.799990792860665
95.20167411839056	7.013188086006108
107.94308488942171	4.760617972678198
100.00596951267187	23.864033870556803
102.99201836706614	32.60138676560079
112.49538674923856	16.54583575107694
92.86461991799335	24.74098047778093
109.01388148499817	6.602847016315565
99.04215473516919	23.651597397191345
105.25003748440449	14.099828557044505
108.70131562886885	15.802854752186255
99.2236860885997	22.865017152549147
92.65472545692177	39.93598146546739
88.00140269433979	9.718713718723697
102.82420417137342	10.003018506154033
113.25481369667123	12.949172405651531
107.24726534373815	22.65698680749483
109.08334551306316	10.869247605656813
95.37883955577044	30.009152392250087
86.66290961869613	17.50739218671412
96.48710899253017	30.884168293385024
84.212376906202	27.306163842279183
90.10562316115497	35.79070345897659
85.18802506909248	27.302683880770466
117.9899257309319	17.56634363874309
99.84230584784035	12.783903817336233
102.12730135641998	28.288141315152465
87.22817199477336	6.682752056584079
104.25257269504151	23.483109212917235
100.32698245235892	23.63498175527382
102.36101462263858	10.184199675241047
101.59986081739605	15.956034259526033
94.43840782995048	24.550183373167826
97.05433288151835	24.802230916632894
81.65028958472476	28.042009353926225
107.57705044483185	22.280188444812072
107.2735953913248	25.570224930166816
110.77181261162335	12.63716908278003
94.97169625211228	15.927126558632237
89.3125918938282	28.339858467383074
94.9330929378149	9.551111860639965
97.10567682110879	25.27772760978341
109.85130245728405	30.439415602362907
99.53300423838998	16.60357192502685
101.61714388529944	21.090768617238055
96.25682434315493	12.71913028027383
91.28717221748289	16.28996636009305
94.27742731798386	16.763543716407085
108.08394086349344	16.44449955677221
99.3694966497332	1.8804220614159983
86.24938786956734	7.54834941937693
88.97585122393018	17.780006274288276
89.52565645993499	32.10293497232902
88.33195676471549	20.33114893231358
90.87453038214593	22.39602500534891
109.5136328240023	13.783525912772188
98.43297398654394	22.546090826496403
105.1000869180044	10.446884624036654
121.920789646614	25.516274003149782
108.7828901737272	39.000016230899995
104.64363476678176	9.218025571396364
101.1714802572869	22.691559612815354
98.00571879844117	25.120251670661425
92.4065504465714	24.84770109559709
102.83924953183492	1.2128586027179056
104.60616956272646	20.487241672920252
105.5989286654844	26.11441345451822
88.73273037415885	6.96809450682458
99.35118481889421	21.541662293203572
106.15047732498095	33.14379415758481
119.2035711443742	23.225682676551052
117.09298189828627	-2.1335789304544717
86.02397601018124	27.432063389493777
116.65329858226642	32.72435166589986
84.24736435068006	28.01531105916893
105.22442901198367	28.498996692076048
119.23545623915996	34.01022200098386
100.36715812669837	10.518473977837049
97.05659766532187	42.49995488538423
100.55238774933466	25.990250613322857
105.05872457614886	21.28842718331333
86.28733935485036	20.965014971708946
101.39073573975877	34.73628890555994
84.57293656463361	16.28811147376343
102.36819057784132	25.89020160263553
94.42751722989996	6.95360299171397
116.06843297486196	18.4115426470448
89.72366855048062	9.638844098187874
104.05579412620612	15.624834293587472
93.69066649367917	3.8586982020935157
98.81086244639833	41.789820738879584
90.16681510335118	26.018160892579438
92.00124424970655	40.558079809018174
101.10018643029393	21.58157659425352
96.90548070445246	24.001267580669786
89.72380252655257	10.748768746546912
104.68847758886574	18.321071682897916
102.67201943465358	19.67259114141558
100.96595431156148	17.380788738962906
85.47288797390772	38.117578767421875
90.24045760727093	18.40118646768859
98.47051649701633	19.793383275708628
98.78527971077217	31.021862703618176
96.57665294036875	14.746902678563675
96.92312690358395	17.112616818591203
89.47135694554618	22.83536329987145
110.56164818417446	41.6659857408674
103.54288640646034	25.24298860702479
87.33891204453478	9.260926911941716
91.38059195338448	16.333654610826716
106.4419018648865	26.15479790864481
93.15643483194572	11.599014375480433
98.3216615824982	31.40355465234595
116.65785245680726	16.64247735406188
84.52313291337188	37.11878254256981
99.04100411672503	36.541144988534356
100.67056639635985	22.93211697515826
97.50945564391388	7.5366828148617415
86.74829980734702	16.958467297939666
96.50957405482673	18.51697660090865
104.0054178508988	16.226330967433185
101.44520011509918	15.675465261377251
108.07325653759315	20.169584470705637
99.06363741726685	14.432051440789799
103.37240808939357	15.216705684093515
100.0346182231464	18.621469629872955
110.66779233213242	23.26688617024621
108.42006271964239	6.338666750780401
97.90087008004522	24.415655023216694
106.57305820877218	29.332598316525377
105.63716602462826	36.409044106946425
92.81677161601012	13.985639203576351
86.16553859401499	5.44486902704171
101.73917789672225	32.93455521460424
83.52209341167516	26.21643445336084
68.61399616483088	10.468925831052598
104.00472015821305	13.581963711599805
86.56584059068452	29.80894806495442
85.23793634176842	28.129469424171994
89.06274823623721	35.87027578171237
94.54664774905402	35.75957366933938
105.46079399586614	4.715046525025972
92.21253685717056	16.926108326817896
109.25442604285323	11.356116168364316
100.873094190531	41.56593564963197
107.23495331618383	11.886087645270585
87.00188577639773	15.242818688127194
87.9427397322634	2.9011948815525157
97.91134610543128	14.854456813038674
101.61677019759553	9.943860404142944
95.01002009232538	19.184874058331843
104.99562509005543	26.66808288896344
100.08889011685213	35.652963389938506
100.24365951590522	32.356875048364465
77.31652161479354	7.562061840624579
104.96849103838713	6.484011281989439
107.7837763266476	20.45806102775147
90.21389422075698	16.230156408429984
94.62331313942867	18.42323457939809
109.78679158669149	38.233235582834794
96.82512427537364	44.06569848740104
100.89386960529255	17.196939124928264
110.81547596408852	16.975612564851183
96.05236030365549	39.325100423883235
91.2879086327903	6.3765767220091085
97.14986322567752	33.19363410116702
87.28558573727057	24.430934028345497
115.91425255167125	2.9137799680939547
103.67143721466806	18.09216451392219
98.41664806194163	12.404599361459486
83.81534911884518	15.95666469567754
119.66383833330934	28.771237297813745
111.08009061483436	3.190377110462017
94.22715266317644	17.070006738709903
89.55524803168386	20.945164439954485
115.5053527079765	12.48459841193641
98.60389109351433	17.86194733429779
94.62533684563238	36.50067580539397
136.59416383382276	1.4853235267514542
104.63629289092486	28.72712017757666
109.6276910394439	7.8706137576621344
91.94271033618726	1.8957030494601157
107.8949891078602	32.90514384194363
104.1615864998107	22.053865635599976
85.96473468846129	11.553370837578056
103.36091215993115	17.778907082752305
105.47891262680837	28.412182600289352
101.61488239943081	34.84050778383758
92.07468041879244	12.462665119349658
111.61405419424679	11.44706302682238
109.13447467807543	32.852781046779384
113.86103516124942	29.448927115550568
87.96233794140551	22.478257516550805
102.78804219069701	5.68102805944902
105.68688269797943	9.43245010943835
103.74641938556894	7.701404450404759
86.27687391821559	20.87353080347123
100.74361362124519	33.32569670570471
104.13290809790959	17.037069619721056
101.64840480742994	15.985361789011625
85.83899476805912	19.76508199561697
85.89171685500132	12.010428837195857
124.23354154383019	30.52817495130447
98.35199462941908	3.1193104876157585
101.6952603030117	24.020829269237378
105.02401917942201	25.25309283356918
81.88456597924613	42.11582876058227
98.39513673671632	-2.482469237586562
110.4256422234078	-9.787846028702663
108.24394823620523	1.6090247471975516
109.55591155415274	29.862348296995876
98.06792674756906	36.97259131562953
93.39455275732966	42.19765842539958
121.59710266959458	36.34715248504936
99.04421050772498	-1.1570747023457706
91.9387894465219	12.701258006040149
78.46224236852942	7.781748454016779
86.68582268311508	11.395621405428734
99.01556669793553	13.566905343112012
93.12303761896679	23.367499996266552
106.72586267236579	16.63583836504816
105.68913211335868	33.74485971280879
103.93014538150967	12.176783169842953
106.31718477183273	34.90072537589157
83.90468082521525	24.208038786018715
86.23131852578001	21.01987663268062
115.3150387103342	13.263559757441744
88.60159112879153	35.062617614396174
123.84329313905758	26.071574485582047
105.42531213432723	7.112154749385146
102.60070178996318	24.750523123381786
102.13769845214343	34.3170779454656
112.73341598479256	5.040664299735067
100.49520629960207	22.14220028091221
104.35121587787692	19.185019696867258
98.94362343617263	27.444491598742996
100.60327815157565	10.313633788914874
107.1307186115063	33.58354904506824
103.48189360241219	3.144816980139893
119.72628213167025	16.330801411468467
107.55403714682969	19.133759330232966
106.66661339715003	12.065812639442068
95.65238805583198	21.672284474445647
95.64431756195658	34.62845756586218
74.40188076175203	21.04036724792199
99.44062299005795	19.14029229060955
108.94264020204164	23.455674314308197
110.19906687994953	29.52581881497027
106.31933106355278	14.888855416005399
100.9306725718591	32.26719965969621
101.4845045410926	13.11287758152369
101.53681579018829	20.096681849388904
108.020904909781	28.45611568641891
86.72810929559719	20.253710386365512
108.31544571762674	24.31102487688711
113.51132702757707	14.46502006345408
106.92639226333698	25.563350241972667
79.07963822441315	10.998587512957748
113.44226679586235	47.03055195944201
99.36077431288777	29.293725106899203
114.1765899924121	33.102756138680505
88.66476799616458	38.71562931457352
102.30297823364484	40.94389966581275
112.52632335150935	30.69631217572873
104.66918516716076	49.67762540116203
86.41384187800249	13.607666543095181
94.12784610672446	14.543619676886376
97.6755581733103	12.602699976821754
126.18232506187027	30.290760435802824
106.92320645655445	18.75479058907971
107.41125466491056	9.13375026870713
83.29729482775221	10.523458885798753
98.6713464586609	20.10923286273481
98.10685091095723	27.996447867896524
84.43436708537276	3.2090954112242964
94.6831369529107	29.007454687399708
95.02263296492228	19.971986847211102
87.82818908243271	9.03045170315243
96.5813362858327	14.97987823560796
109.13033651086101	22.89798813663864
79.58953024947061	8.64724663614702
111.08419269310949	23.36009151496729
100.54949911508223	19.13407138290776
84.90068617808544	17.591847517760996
101.16879038780533	20.946816281960633
101.64819469701294	15.339900276084062
105.98040675669358	31.56082893150731
100.24522071424289	10.493506821624655
103.14440297349704	17.22614357520888
82.5858489163355	-1.452037872229588
104.79720765502677	15.219283667254174
110.79480776791478	39.16538171792479
103.48466871593081	14.59783242589821
100.11797805684269	7.024529764530458
70.91872439699961	12.222554933031136
94.81683608233988	17.991513861660376
105.42916686418144	17.916526585963894
104.83750606529112	15.031319812393669
91.13346629011546	1.6812552757557109
99.67860608801232	28.80370060052585
103.07878521553361	35.745983933507134
119.39132060774632	5.110582205693072
96.67275699240201	7.698682045764384
110.42929190178027	11.397968013787274
98.35001313387083	20.89717249727795
99.47898811305927	17.633029895741732
109.9210325593223	15.674233443729308
89.61659450562797	15.036060325961076
111.98522221438304	7.68783509682077
100.9170706758273	15.70712954316344
104.6170559368464	22.14256328127395
97.0192511859241	3.4696066124405545
99.00076753193035	24.980138195199704