-1.040042064796928	6.665294442222535
-0.6556770145124846	6.09445369118296
1.2543277516721671	7.501865042993771
-0.9364962137056685	5.869245009616111
1.1099295009901908	5.812219415801615
0.05047347286459447	6.4119755336569675
1.6729318827731738	8.267474414905035
0.3421516332675857	6.362210688088267
1.467953992588835	5.898730413334386
4.170934983190421	5.09631763264017
-0.9048072275644026	6.352395289158878
1.4065823846780003	5.667920359053652
-0.22841394657641922	7.720907166209568
1.5453760808945374	5.951524945447891
0.945164476940824	6.226801086565368
0.7309664973996672	4.843979230992466
-0.04519727224824455	5.911817123988398
0.8139478973093797	4.530200989581743
-0.4070841856827332	4.859269780179892
0.45139817029581264	7.118378775373806
1.8041625199660247	5.105007708740233
2.483171402284611	5.419285475546658
1.4921928918497844	6.020482548166288
1.402527335799585	5.985379942228672
0.824092381067802	7.251055788962402
1.6842957868203237	6.654831112277657
2.39132680081999	7.320168952186206
0.28839234969155747	6.104209656877074
-1.528017678421242	5.174412706153387
2.109244344978903	6.294718950808174
1.6307111441389033	4.355713120868627
0.49033827007684083	5.180278403998737
1.88131060516322	5.247446145159145
1.6683652405143472	4.4655483331471775
0.599050684657424	6.341076853525841
3.0181307964651274	6.343956932554791
0.05110347233112389	6.285580739852753
0.8811624505292169	4.815224295403707
0.4255268675419742	6.439089472905597
2.903497435652848	5.33278625006761
0.9995550010028387	6.333042939382545
-0.1082327488726218	8.045383272936968
0.5301828210009538	4.802767034244224
1.1895335610733837	6.159894254382217
0.6709678313802137	5.562478031368921
1.575195249438122	5.839626732637532
0.644125902555258	6.943490173704493
1.5747070390794113	4.46850888128354
-0.7550065665897914	7.204778635078413
0.08956289240824378	5.290068350832472
1.7543006246971222	6.776582673572046
-0.5751865306578516	5.898098291268606
2.0872322462950343	8.42197571961973
1.6608293885538399	4.922954107332276
1.3002805008395324	4.79305685467544
2.0390755004072423	6.488468524611528
-0.9468377732387221	4.943991996125039
-0.14566944397460602	6.886955654190086
0.25439885918525584	4.6568426346674645
1.1057962752346622	4.805759947104099
-0.7500330939900026	6.828842109227955
3.1695731093936046	4.541146365818068
1.9218575994626288	3.568325820168334
0.6192466164835471	8.121775563905999
2.720311283732822	6.519284446795845
1.8054679123961983	6.573106074200847
2.2465508517465294	7.920903516181916
0.3824827498637191	4.565555200117239
0.19361605514280555	6.909495654566098
1.218186964338428	6.7116921343533615
1.6711113457952225	6.9215610705876545
0.44983172259315085	5.663410834035582
0.8937524304225832	5.17862687033973
-0.019854954064104646	6.55550407740127
2.66760743532309	5.024085989847657
0.057037192460826835	6.1301289081756565
1.6274694725731653	8.271517811847119
0.6016076528841827	7.377793709659406
-2.423192367696849	6.083291065147301
1.3329789098453038	6.2714371000694475
1.3970198645383274	4.7578600939107085
0.24373884745468932	6.170494602360661
0.20059758784521808	5.345716581175827
1.3106742089873897	7.5452146585190905
2.392651396508249	5.778629792863857
2.958329034563208	6.355249710684321
0.43951115016970044	6.153590890402767
0.6940434905282521	3.644178284121677
1.5818277223062676	6.142374387212126
0.6358372963776875	7.136775918926649
1.4309814134613352	5.4968829616941255
2.729085074119337	5.463051664302452
2.048943750603569	5.452716573150506
0.6698810161714118	4.743079840393974
-0.3187834275737771	6.224579140561159
0.29434212044953434	5.455182236378093
0.03850859226371095	5.256628658507444
1.5226722076163743	6.612856488396507
1.4610630759103411	6.189510793968149
1.1843601854429706	5.895026807778439
1.5160128833310367	6.648409903988986
-0.5881947360076123	5.458119483812501
2.1813939006459364	4.5154730350666314
2.7334029711598564	5.406225627042483
0.32060103385323757	7.254389889985375
0.17351523187438433	4.9070505355495015
-0.6466274650296526	3.5917627725535684
0.5293139364022694	5.362183778070002
1.0776219323978995	7.403464508107928
-1.2126570732206878	4.328073217854304
2.5595534672807654	7.28598557408754
-0.3930628556053848	7.156485802694654
2.2399907365456513	6.600182694375244
0.6630984102244857	7.573061416548411
0.07210124954313879	6.933517603609745
3.1485630334092143	6.4263589833657555
0.7008431864020155	5.912787451314502
0.18291069777544178	4.321287387669656
1.6283351211569284	7.668042975373229
2.5278503390377054	6.637775892650943
2.6036783188798096	3.7971336208539377
1.3327060525230827	5.447853453597734
-0.14421473578201938	6.214843379297175
2.9647063971514562	6.946197990430681
1.1593422700954954	5.541651358742168
1.1155709596363184	6.799240468265647
1.4231316814260484	7.523539608464497
0.21121106034233128	6.42801696389802
1.768877203315935	5.811710778882592
0.8556251216611175	6.032284433178112
0.9294003679078028	6.188339152448303
1.582639051106394	4.47379831452457
0.33297898967767037	6.55196860863068
1.058500394608498	5.828739093628136
1.4955240079720455	6.788423693577501
2.2963463261676167	6.356966607330896
2.3040515973394973	6.464529235685285
1.0833372691885872	6.159380048736125
1.8639495445076104	4.5709080770643595
2.5519319488236283	6.023994529190503
0.01228384045124764	7.7353601824968585
1.9423802100065146	4.390885637307756
1.5375602425615265	4.142749284125059
2.00905714285483	7.536743172748114
0.5711896301420185	6.052913076634152
0.50659542576032	5.164001798468538
2.2611520862673697	6.658532344245343
2.6173301967765763	5.314494336781524
1.6394738669825242	5.404345619022605
1.1187929729968824	5.04127141649543
1.7396458005804751	7.234807805479668
2.7299512385837303	3.3480346921999784
1.9858567144820367	8.298946246633957
1.4276188189290908	5.2546550393478535
0.33657731816351233	5.307697428695937
0.7617616114544943	4.436876975475316
1.5203503711178794	7.156385125292296
0.7963543314021746	4.8573907558370575
0.12670548565061246	5.269731949007866
1.8784694787970149	5.16477115715087
1.374927632384089	5.811027933850524
-0.7382627844186835	6.282420027467582
1.497149611614054	6.694992343527584
-0.7609040769964899	5.380850066277901
0.1987178943649477	5.054630956073662
1.5422050602994293	6.814843900720257
0.1828972596472287	5.865920274190633
-0.047288313947540184	5.660562230684261
1.3446061939811453	6.128143842833136
1.6625736762748669	6.325885793106452
2.276912129533983	6.441159918317236
4.37739315972925	7.5488188100804425
1.2193431949423563	6.832828675938772
0.9250514497396694	4.902798508948723
1.4965581468020153	3.9553447901538736
0.7913860277190353	7.381487073590536
2.519942451876294	6.150115366892219
-0.09542427838473322	7.062358966145607
-0.7946309947701167	5.762739674828737
-0.2691179405554014	5.961719881930833
1.0788249346461192	5.741772538238568
0.4709063789068313	7.049056793615335
0.2717858989850852	7.753192269826744
1.218381847080237	4.911881041970775
1.066570732020525	5.641927999438071
-1.451659369997298	6.469146724064702
2.143307429742732	5.172650016384363
1.556186456635196	5.5774707430230475
0.4660249492308104	5.403100087200643
1.5508810829974515	5.606454566186441
0.4195755874634072	5.566760887899079
1.1978351510711043	5.086165194392672
1.179151532733936	4.5465069591153995
1.2350806502627667	6.992676705043314
0.7328514071228295	5.964315134835652
-0.7674081909426913	6.359251511777933
0.8408845021518243	6.663180146349591
0.048640920067844484	6.153642260324303
0.3365373460086003	6.971060213760194
-0.10777053174381934	5.620355022732448
0.46156010296138206	5.021721253413396
1.972011324303006	5.348539505845369
-0.11986878346932772	4.573953121167269
0.5961742512685022	6.118329477713371
0.45344801018516934	5.372478460249043
1.3779439280546157	7.557015047047256
2.2629289342960273	4.627180321996069
1.7759897585059101	6.45127905821185
2.755266247242887	8.624024025096801
0.2193361691252943	7.059391667484021
0.6676072455782214	4.805296070807969
-0.14873764532825273	4.467999128915469
1.5427447531075162	6.6468803416025946
0.9375468168006956	6.730561115947015
1.9747024261635455	6.0956360968121945
1.0497903796807964	9.237071970636542
1.4765722621752322	7.121966562574028
1.5718722555593176	3.6039445922055617
-0.4342381743894317	6.213664447477287
2.498487196397082	7.082896058288122
2.574910808903873	6.318821021915243
1.2492760405091166	4.843380668869714
0.9674159260659828	6.244581398178348
0.36886679294448854	6.421941495943054
0.038493886847568604	6.845813397257327
1.2859975170770643	6.958805714125432
1.8204575507134546	5.750073628178881
1.5855656760723198	6.522999992440618
0.6238579398251984	6.262981116876351
-0.013427853630221032	5.192881429068974
0.13635182653192768	5.760055157925869
1.173984181943364	6.1628956126545
1.1973452749383289	5.571895047147237
0.8760088414451116	7.282006938413381
2.840391002141344	6.685100987333463
0.8488862706271916	7.525690206755704
0.7130300406493588	5.523102520695605
0.5214168949653664	5.4321855928015035
0.5189194293945948	5.041036646680039
2.763967827138204	3.9873866096193153
1.0058297082735705	5.156540009010332
0.6039189210852258	6.3814380215400055
-0.39013095126224107	7.351366921083003
0.5580474694511541	6.579985324810728
-0.1763190666277561	6.466513467134209
1.308908134687674	4.195843282267338
1.6674479433637797	7.241526688315641
1.6170606521985786	6.147214544499136
1.6202934768941346	6.532971703546433
0.8110387112882163	5.513997690288759
0.9822320030923657	5.00998906561726
1.0435301596700506	3.6860561615869143
0.5287636837842724	6.07593206128841
1.7855566848096776	6.164414998595759
-0.17283959627907763	6.304199576535209
0.9279145749442671	5.4089836037917305
1.4321671946827879	4.917116299953677
1.875687613708981	5.252401274063665
0.4217236916570798	5.417426357222214
2.6259030388452267	5.124255171028214
1.0291664380220589	6.483287389268422
0.5216534187471333	5.89311800501233
0.3701293367377415	6.609467843183089
0.023851712688366167	5.3827652556359675
1.1484541371335946	7.311739965370701
2.9632031511043984	5.982397347775124
0.535285845115439	6.304420988985364
2.3713218483979954	6.295394865249959
-0.4250829402331753	4.932661956639632
1.0567506222882794	5.569723579787509
2.8178468519133295	5.318939929501703
0.9055816902427865	5.628436049010295
1.5431234362217117	6.810968915586463
-0.43664509967442133	6.347973481208937
1.8898810860150885	6.991119268780037
-0.9244755491173291	6.541944803860869
2.550000762807975	6.42025583849374
1.52896700178189	4.723572737414386
1.2701460116752608	4.756837875849291
0.7825463699646932	8.227213565605663
2.914978167263932	7.018534569128148
1.342097342808604	4.27833105658373
1.3954864159153386	6.665957212344097
0.8728929920080378	6.307574077029848
0.1642338410760732	6.020525063469907
-0.15123442364527184	6.561007444712789
1.5940418965242746	4.742977975052545
1.4609441993113277	5.1658314306340145
0.6062438738049548	5.189149246950226
0.4355046299360914	5.28355218331659
2.3835215032556025	6.4040931600306905
0.6411169361590108	6.676876160876206
1.2734795105589924	6.0329578751275825
0.24174105975294358	5.950962910357997
0.5943249094730947	7.97698058102343
0.734886146208988	5.933326155843526
0.3672945018150906	4.651372516499519
2.0178360981909615	5.312800728575693
0.8165969615455693	5.042290722750284
-0.3919058525060972	6.28633795070431
2.1004410893672856	7.437466984184228
0.5748324391447723	5.835155130657544
2.1095013280222545	6.485926407332465
0.499945838732618	3.600134325746048
1.348601393174681	6.037633795167725
2.1630746222947668	5.727587637816947
1.6647131425359074	6.055154797033054
3.190453069880146	6.430189541437424
2.1429372211053597	7.595459058210862
1.1529697287730867	5.649572676270442
-0.9444684955791232	4.253680428672065
2.6151332763506514	7.53089697506104
1.6947816483719782	6.750269079128227
-0.9448307210919042	5.5272912567385335
1.3788212881444302	4.914257669612457
1.302100667960974	5.35629722242365
0.7734143160287671	5.393899489938861
0.10487571617391889	5.624012552853625
0.19047865757414018	5.75180687699447
1.6056222119278927	7.221772271024622
2.200312804305957	6.8014586685952825
1.6968996069803262	6.882918922084181
0.4495646019249897	6.665368174315617
-0.42480988590284285	5.7815035819906
0.4472555310027744	3.768269142790246
0.5937530730198524	7.1796657119365275
0.5790555955447378	6.120969764803955
0.5563567144302957	6.898790337917879
1.018054272117198	5.443579514040037
0.8502054795126321	5.677860533566438
2.088627231449874	7.96413429282239
1.715673801159654	6.474072197163781
1.3251203483643326	5.667849815951197
1.344423924471434	5.661548464088472
2.545618686775274	6.399912107233325
0.0873702074598095	5.911573669638039
1.4796458616116892	4.835518679419396
2.6543405871825074	6.919877576950941
1.1942414638869194	5.2148656498285515
-0.13585053591864593	6.257732455890588
0.542195949055662	5.901450540109047
2.136406442790404	8.659022142279373
1.2917831051868882	6.597144379779602
1.1158930046600017	6.443947878789537
0.9866033653977865	5.217229718822553
1.2623372576120087	5.899777522989075
0.9368774753813152	5.785150219774692
-0.7646312427112882	5.6231703307165795
0.6376226220277293	4.514313507755774
1.5140109858974602	4.575512667371994
0.2722310849012115	5.236405760005472
-0.1380382934256783	7.082636791359381
0.7340192794253824	5.26191557050606
0.6812195963189602	6.244994726291866
-0.12160747461000221	5.6819401388671285
2.0307338394442853	5.35765898233495
0.662517724016817	4.717768101352002
1.9499568053796505	6.077578710462482
1.5261964732623574	6.530848043574646
-0.0640673005329262	6.103031937409457
0.7594615506721364	6.228032527036055
1.000236472510856	4.690607612246725
2.1729458201299297	6.112419597596446
1.4912145185339944	6.511987139220049
-0.743620256407191	6.324556781811191
0.46395414704531746	5.41403228661875
1.563655894437361	6.557000635226527
2.5683530393726017	6.934366786006754
1.3178185404247915	6.589387688094133
-0.737187551417249	5.47910269569944
0.45900390619298315	4.823356562155186
0.5169198592657478	6.531132679974119
-0.8384315850983171	7.137584122763553
1.2908953350929537	5.689854031863942
1.0636594987776422	5.7084143663956155
1.6248074428816024	5.36888607127985
1.6210379926063936	5.325350726670914
3.0786675653551874	5.414653114708904
1.69054697669305	4.7309153767312
0.5556103842566309	6.05615740777722
-0.10791866945119666	5.590161575202976
1.4389622111806126	7.717945528903973
1.24295415107341	5.017583309103276
0.336583045221054	6.568206405080955
0.3302294493581164	5.958699301862673
2.544806371760699	7.929824921065499
2.8409525436541596	7.795395023878475
1.372579089493041	6.675353881135096
0.2382841111917695	7.342109954992305
0.9490874797454124	5.18957454205674
2.573791134785802	4.089454660320904
2.0997821621592916	4.4369256120019305
-0.3911205916064253	7.442628817147771
2.2839776605493016	5.2388807304513145
1.6221621506760566	4.229625257513559
1.0486605694733608	5.662569393900835
1.2825294994390788	7.9490537051525365
1.4952527469547243	7.5647854262575125
1.4502314966554417	5.376012465359331
-0.39477537179628275	5.686724626609186
-0.2279267014371317	-0.0016745585470386468
-0.5435547939758296	-0.5781017970332022
1.127075774829996	0.5866367540267351
0.3684856320913654	-0.20889747188159857
-0.23456298647189205	-0.7804182618933261
-0.24512486502073086	-0.13122379683278107
0.25182409978678005	0.5549998638695673
-0.49016235395209207	0.10899929071268721
0.40898216271216	0.15025739352575793
-0.37918572688111046	-0.592453468882988
0.3241406361411464	0.10814982328163042
0.34212305775644064	-1.075578515942352
-1.0029806859058183	0.015967625336579857
-0.040921425856324564	-0.9098970678092436
-0.29415889263868833	-0.30878541560121836
0.7912927921201686	-0.14115663195554082
-0.05902857803069942	-0.03086898516582227
1.6048748053116455	0.34235456008254256
-0.24948782162134336	-0.6699052911477377
-0.8551819444653971	0.38807084371643386
-0.5755094849506233	0.25919165719227516
-0.47374757012605084	0.10101500550519253
-0.43977518620828004	-0.2275106587892633
-1.240447749405033	-0.21959685341060606
-0.7863585018948779	0.03627985352325686
0.5871278532648089	0.4588631832075703
-0.3116722048312469	-0.5167990203416293
0.1543735730733854	0.36108538895723086
-0.8876135514720176	-0.3014475163617045
0.4560978659287658	0.1010291277660332
-0.3979479774519027	0.05398435052372475
0.5274846552854451	-1.1038315556029688
0.3461363224986138	-0.517491609712212
0.7136630324434632	-0.1525327334139215
-0.23605566927896382	-0.2394652402444668
-0.14230162446820105	-0.341552735691407
0.21971004658701082	-0.28388309158649094
0.07881573390279936	1.3437231463642936
0.5167121219106345	0.6217442695660677
0.14438507259875752	0.06937464924857334
-0.48410529756311593	0.6793703231649398
0.2999452098001857	-0.5563540802539266
-0.23859828476461356	-0.5053462397835482
0.20511806532115978	0.14520286383108344
-0.09425712140752793	-0.6331161908420634
-0.3066953654998571	0.6902229120818821
-0.1103620994336207	0.33087754881777376
-0.04889552293791158	-0.5416501310237262
-0.47408341022922634	-0.37197177595458386
-0.5812854490732968	0.09470280819397534
-0.26753519007502463	0.17258115454480336
-0.38970789034867964	-0.009689352834302195
-0.9958959033599796	0.42226664565034
0.18004493507499708	-0.5848145579619446
0.11749083471383362	-0.38716674159625963
-0.2484431751729681	-0.0018992207733627097
-0.30153748028809335	0.20370194938204594
1.0480406087360226	0.5919532690797112
-0.12498485888144192	-0.20208605457535378
-0.059398896792732234	-0.27318713303625214
0.5197939797063467	-0.6427664118412044
-0.546324203852892	-0.571321637766772
0.7285193320816038	0.4030399527678545
-0.34612788538443207	0.06585601349212258
-0.17605848198709834	0.6652384004430478
0.11958471966679725	-0.5064269649682096
0.47391672434997795	0.5580355982412893
-0.4053259392698804	0.23524180771637762
-0.015815234767568135	0.5266279863677752
0.13822495152496342	-0.1824973107182281
-0.030042484536940313	-0.8503736859572695
-0.33490257473684354	0.026195212485702484
0.9461826991071222	-0.7154094197019032
0.33544217587590075	0.2677678951578162
1.0109598121705805	0.46870934322955154
0.1834966686996341	-0.24037229286365802
0.7346769886115339	-0.24096512491715827
-0.5058863001440735	0.33509124203250085
0.5807853131956111	-0.09685824656200981
-0.07126588874221017	0.5689492286742615
-0.643106547087966	0.2372111504960225
-0.14703884019683294	-0.010578029439564198
0.3257809686422335	-0.1617982037913005
0.36046677406790706	0.8615663378122794
-0.18014628578670688	0.7909333480328784
0.4076112180174031	0.5754354175937177
0.28933133094296165	0.24307158210433677
0.4485737380030753	-0.4100004603569667
-0.23991629408047238	-0.6493405956996946
0.3971542444710859	-0.7619691013660901
0.00029847563359382354	0.19320169352784014
0.14960091835330702	0.6300693382800395
0.6247693374619286	-0.17270821244615298
-0.3567690041003321	0.2370490238890467
0.4506940742499079	-0.6698576491842217
-0.04789226324154057	0.1825798698595673
0.2625018742202242	-0.29500857214777476
0.43506578144344277	-0.20985726239068728
-0.0388156955700142	0.14325085762745737
-0.3672637271539114	0.9967990732733698
-0.5999298652830111	-0.5140643140638151
0.14121020856867114	-0.4998490746922984
0.6627406848335621	-0.3525413797174235
0.36236326718690703	0.1328493403747415
0.4541672756531584	-0.4565376197171594
-0.23105802221147803	0.5004576196125043
-0.6668545190651931	-0.12463039066429399
-0.1756445503734918	0.5442084146692511
-0.7893811546899006	0.36530819211395915
-0.4947188419422521	0.7895351729488294
-0.7405987465453757	0.3651341940385234
0.8994962865465953	-0.12168281806284566
-0.007884707607982459	-0.3608048091331883
0.10636506782099851	0.41440706575762337
-0.6385914002613315	-0.6658623971707961
0.21262863475207558	0.17415546064586185
0.01634912261794628	0.1817490877636908
0.1180507311319283	-0.49079001623794766
0.0799930408698022	-0.20219828702369833
-0.27807960850247565	0.22750916865839116
-0.14728335592408304	0.2401115458316447
-0.9174855207637617	0.40210046769631147
0.37885252224159266	0.11400942224060358
0.36367976956624	0.2785112465083408
0.5385906305811673	-0.36814154586099845
-0.25141518739438623	-0.20364367206838815
-0.5343704053085905	0.4169929233691537
-0.25334535310925543	-0.5224444069680018
-0.1447161589445604	0.26388638048917046
0.4925651228642026	0.5219707801181453
-0.02334978808050076	-0.1698214037486575
0.0808571942649723	0.054538430861902715
-0.18715878284225312	-0.3640434859863085
-0.4356413891258556	-0.18550168199534744
-0.2861286341008075	-0.16182281417964586
0.40419704317467187	-0.17777502216138935
-0.03152516751333999	-0.9059788969292001
-0.687530606521633	-0.6225825290311535
-0.5512074388034912	-0.11099968628558617
-0.5237171770032505	0.6051467486164508
-0.5834021617642257	0.016557446615678966
-0.45627348089270287	0.11980125026744545
0.4756816412001146	-0.3108237043613907
-0.07835130067280242	0.12730454132482025
0.25500434590022003	-0.4776557687981673
1.0960394823307	0.27581370015748913
0.4391445086863598	0.9500008115449998
0.23218173833908787	-0.5390987214301818
0.05857401286434556	0.1345779806407676
-0.09971406007794134	0.25601258353307127
-0.3796724776714295	0.24238505477985442
0.14196247659174602	-0.9393570698641047
0.23030847813632344	0.02436208364601246
0.2799464332742199	0.3057206727259109
-0.5633634812920572	-0.651595274658771
-0.03244075905528889	0.07708311466017878
0.3075238662490477	0.6571897078792404
0.9601785572187095	0.1612841338275525
0.8546490949143134	-1.1066789465227236
-0.6988011994909379	0.3716031694746888
0.8326649291133212	0.636217583294993
-0.7876317824659975	0.40076555295844646
0.26122145059918384	0.4249498346038022
0.9617728119579979	0.700511100049193
0.018357906334918628	-0.4740763011081476
-0.1471701167339058	1.1249977442692114
0.027619387466732866	0.29951253066614275
0.25293622880744365	0.06442135916566662
-0.6856330322574823	0.04825074858544731
0.06953678698793841	0.7368144452779969
-0.7713531717683201	-0.1855944263118285
0.11840952889206592	0.2945100801317763
-0.2786241385050023	-0.6523198504143015
0.803421648743099	-0.07942286764775996
-0.5138165724759696	-0.5180577950906062
0.2027897063103064	-0.21875828532062636
-0.31546667531604117	-0.8070650898953242
-0.05945687768008303	1.0894910369439792
-0.49165924483244117	0.3009080446289717
-0.3999377875146727	1.0279039904509086
0.05500932151469659	0.07907882971267596
-0.1547259647773769	0.20006337903348928
-0.5138098736723712	-0.4625615626726544
0.23442387944328671	-0.08394641585510415
0.13360097173267835	-0.01637044292922107
0.04829771557807429	-0.13096056305185474
-0.7263556013046139	0.9058789383710938
-0.4879771196364537	-0.07994067661557043
-0.07647417514918364	-0.010330836214568706
-0.060736014461391395	0.5510931351809087
-0.1711673529815626	-0.26265486607181615
-0.15384365482080214	-0.1443691590704398
-0.5264321527226911	0.14176816499357242
0.5280824092087233	1.0832992870433695
0.17714432032301713	0.2621494303512394
-0.6330543977732608	-0.5369536544029142
-0.4309704023307757	-0.18331726945866408
0.322095093244325	0.3077398954322406
-0.34217825840271404	-0.42004928122597845
-0.08391692087509073	0.5701777326172974
0.8328926228403633	-0.16787613229690607
-0.7738433543314062	0.8559391271284905
-0.047949794163748026	0.8270572494267179
0.03352831981799238	0.14660584875791294
-0.12452721780430577	-0.6231658592569129
-0.6625850096326488	-0.15207663510301672
-0.17452129725866306	-0.07415116995456748
0.20027089254493993	-0.1886834516283407
0.07226000575495876	-0.21622673693113753
0.40366282687965765	0.008479223535281733
-0.04681812913665776	-0.27839742796051004
0.16862040446967885	-0.23916471579532428
0.0017309111573197825	-0.06892651850635234
0.5333896166066214	0.16334430851231055
0.4210031359821198	-0.6830666624609799
-0.10495649599773893	0.22078275116083457
0.32865291043860895	0.46662991582626884
0.28185830123141314	0.8204522053473212
-0.35916141919949424	-0.30071803982118234
-0.6917230702992507	-0.7277565486479145
0.08695889483611252	0.6467277607302119
-0.8238953294162426	0.31082172266804203
-1.569300191758456	-0.47655370844737016
0.20023600791065194	-0.32090181442000976
-0.6717079704657742	0.4904474032477212
-0.7381031829115792	0.4064734712085998
-0.5468625881881393	0.7935137890856188
-0.2726676125472994	0.7879786834669691
0.2730396997933067	-0.7642476737487014
-0.38937315714147247	-0.1536945836591053
0.46272130214266094	-0.4321941915817841
0.043654709526550664	1.0782967824815983
0.3617476658091922	-0.4056956177364708
-0.6499057111801133	-0.2378590655936403
-0.6028630133868299	-0.8549402559223742
-0.10443269472843617	-0.2572771593480662
0.08083850987977625	-0.5028069797928528
-0.24949899538373077	-0.04075629708340773
0.24978125450277114	0.33340414444817196
0.0044445058426066655	0.7826481694969253
0.012182975795260939	0.6178437524182232
-1.1341739192603226	-0.6218969079687711
0.24842455191935625	-0.675799435900528
0.3891888163323801	0.022903051387573363
-0.48930528896215136	-0.18849217957850078
-0.26883434302856646	-0.0788382710300955
0.48933957933457445	0.9116617791417395
-0.15874378623131744	1.203284924370052
0.0446934802646279	-0.14015304375358684
0.540773798204426	-0.15121937175744077
-0.1973819848172249	0.9662550211941617
-0.4356045683604849	-0.6811711638995446
-0.14250683871612402	0.6596817050583513
-0.6357207131364717	0.22154670141727495
0.7957126275835631	-0.8543110015953023
0.18357186073340317	-0.09539177430389054
-0.0791675969029178	-0.37977003192702574
-0.8092325440577413	-0.20216676521612303
0.9831919166654665	0.4385618648906873
0.554004530741718	-0.8404811444768991
-0.28864236684117844	-0.14649966306450476
-0.5222375984158073	0.047258221997724184
0.7752676353988247	-0.37577007940317947
-0.06980544532428289	-0.10690263328511067
-0.26873315771838147	0.8250337902696986
1.829708191691138	-0.9257338236624273
0.23181464454624306	0.4363560088788329
0.48138455197219526	-0.6064693121168933
-0.4028644831906369	-0.9052148475269942
0.3947494553930093	0.6452571920971815
0.20807932499053447	0.10269328177999873
-0.701763265576935	-0.4223314581210972
0.1680456079965573	-0.11105464586238468
0.27394563134041866	0.4206091300144677
0.0807441199715407	0.7420253891918792
-0.39626597906037797	-0.376866744032517
0.5807027097123393	-0.4276468486588809
0.4567237339037718	0.642639052338969
0.6930517580624714	0.4724463557775285
-0.6018831029297238	0.1239128758275402
0.1394021095348514	-0.715948597027549
0.2843441348989708	-0.5283774945280826
0.18732096927844777	-0.6149297774797621
-0.6861563040892208	0.043676540173561436
0.03718068106225962	0.6662848352852352
0.20664540489547975	-0.14814651901394732
0.08242024037149669	-0.20073191054941875
-0.7080502615970438	-0.011745900219151504
-0.705414157249934	-0.39947855814020716
1.2116770771915093	0.5264087475652236
-0.08240026852904613	-0.8440344756192121
0.08476301515058453	0.201041463461869
0.25120095897110106	0.26265464167845903
-0.9057717010376934	1.1057914380291134
-0.08024316316418419	-1.124123461879328
0.5212821111703908	-1.4893923014351331
0.41219741181026154	-0.9195487626401224
0.47779557770763653	0.49311741484979393
-0.09660366262154702	0.8486295657814767
-0.33027236213351724	1.109882921269979
1.0798551334797293	0.8173576242524679
-0.04778947461375114	-1.0578537351172885
-0.40306052767390554	-0.36493709969799265
-1.0768878815735292	-0.610912577299161
-0.6657088658442463	-0.43021892972856324
-0.049221665103223754	-0.3216547328443994
-0.3438481190516605	0.1683749998133277
0.33629313361828944	-0.16820808174759205
0.28445660566793435	0.6872429856404396
0.19650726907548396	-0.39116084150785235
0.3158592385916364	0.7450362687945783
-0.8047659587392366	0.21040193930093584
-0.6884340737109995	0.050993831634031005
0.7657519355167102	-0.33682201212791285
-0.5699204435604236	0.7531308807198087
1.1921646569528785	0.3035787242791023
0.27126560671636113	-0.6443922625307427
0.13003508949815945	0.2375261561690894
0.10688492260717083	0.7158538972732799
0.6366707992396275	-0.7479667850132466
0.02476031498010384	0.10711001404561044
0.2175607938938468	-0.04074901515663725
-0.052818828191368294	0.3722245799371497
0.030163907578782734	-0.4843183105542563
0.3565359305753143	0.6791774522534116
0.17409468012060922	-0.8427591509930054
0.9863141065835116	-0.1834599294265766
0.37770185734148376	-0.04331203348835174
0.3333306698575008	-0.3967093680278966
-0.21738059720840092	0.08361422372228232
-0.2177841219021711	0.7314228782931088
-1.279905961912399	0.05201836239609956
-0.027968850497102644	-0.04298538546952247
0.4471320101020827	0.17278371571540987
0.5099533439974765	0.4762909407485133
0.3159665531776389	-0.2555572291997301
0.04653362859295545	0.6133599829848104
0.0742252270546301	-0.3443561209238155
0.07684078950941436	0.0048340924694451875
0.4010452454890492	0.4228057843209456
-0.6635945352201404	0.012685519318275522
0.41577228588133724	0.21555124384435537
0.6755663513788532	-0.276748996827296
0.3463196131668488	0.27816751209863333
-1.0460180887793433	-0.45007062435211265
0.6721133397931178	1.3515275979721
-0.03196128435561164	0.4646862553449603
0.7088294996206049	0.6551378069340252
-0.5667616001917706	0.9357814657286759
0.1151489116822422	1.0471949832906373
0.6263161675754677	0.5348156087864365
0.23345925835803832	1.4838812700581012
-0.679307906099876	-0.3196166728452409
-0.29360769466377734	-0.27281901615568116
-0.1162220913344846	-0.3698650011589123
1.3091162530935132	0.5145380217901412
0.3461603228277233	-0.062260470546014496
0.370562733245528	-0.5433124865646435
-0.8351352586123895	-0.47382705571006234
-0.06643267706695412	0.005461643136740403
-0.09465745445213795	0.39982239339482617
-0.7782816457313622	-0.8395452294387852
-0.265843152354465	0.4503727343699854
-0.2488683517538863	-0.0014006576394449068
-0.6085905458783647	-0.5484774148423786
-0.17093318570836455	-0.251006088219602
0.45651682554305023	0.14489940683193203
-1.0205234875264697	-0.5676376681926489
0.5542096346554741	0.1680045757483645
0.0274749557541112	-0.043296430854612135
-0.7549656910957281	-0.12040762411195025
0.058439519390266634	0.04734081409803154
0.08240973485064684	-0.23300498619579688
0.2990203378346787	0.5780414465753653
0.012261035712145103	-0.4753246589187673
0.1572201486748518	-0.13869282123955595
-0.8707075541832254	-1.0726018936114794
0.23986038275133792	-0.23903581663729123
0.539740388395739	0.9582690858962395
0.17423343579654058	-0.27010837870508947
0.005898902842134187	-0.6487735117734771
-1.45406378015002	-0.3888722533484432
-0.25915819588300626	-0.10042430691698125
0.2714583432090721	-0.10417367070180529
0.24187530326455614	-0.2484340093803165
-0.44332668549422666	-0.9159372362122145
-0.01606969559938408	0.44018503002629256
0.15393926077668077	0.7872991966753566
0.9695660303873164	-0.7444708897153464
-0.16636215037989882	-0.6150658977117808
0.5214645950890133	-0.43010159931063635
-0.08249934330645846	0.044858624863897606
-0.026050594347036302	-0.11834850521291342
0.4960516279661148	-0.21628832781353455
-0.5191702747186018	-0.24819698370194623
0.5992611107191524	-0.6156082451589615
0.04585353379136543	-0.21464352284182792
0.23085279684231938	0.10712816406369759
-0.14903744070379554	-0.8265196693779723
-0.0499616234034821	0.2490069097599851
9.544146597125737	1.9966508829059226
8.912890412048341	0.8437964059335956
12.254151549659992	3.1732735080534704
10.736971264182731	1.5822050562368029
9.530874027056216	0.43916347621334784
9.509750269958538	1.7375524063344379
10.50364819957356	3.109999727739135
9.019675292095815	2.217998581425374
10.81796432542432	2.3005147870515157
9.241628546237779	0.815093062234024
10.648281272282293	2.216299646563261
10.684246115512881	-0.1511570318847042
7.994038628188363	2.03193525067316
9.918157148287351	0.18020586438151276
9.411682214722623	1.3824291687975632
11.582585584240338	1.7176867360889183
9.881942843938601	1.9382620296683555
13.209749610623291	2.6847091201650852
9.501024356757313	0.6601894177045247
8.289636111069205	2.776141687432868
8.848981030098754	2.5183833143845504
9.052504859747899	2.202030011010385
9.12044962758344	1.5449786824214735
7.5191045011899345	1.5608062931787878
8.427282996210245	2.072559707046514
11.174255706529618	2.9177263664151405
9.376655590337506	0.9664019593167414
10.308747146146771	2.722170777914462
8.224772897055965	1.397104967276591
10.912195731857532	2.2020582555320662
9.204104045096194	2.1079687010474495
11.05496931057089	-0.2076631112059375
10.692272644997228	0.965016780575576
11.427326064886927	1.694934533172157
9.527888661442072	1.5210695195110664
9.715396751063597	1.316894528617186
10.439420093174022	1.4322338168270181
10.157631467805599	4.687446292728588
11.033424243821269	3.2434885391321355
10.288770145197516	2.138749298497147
9.031789404873768	3.3587406463298795
10.59989041960037	0.8872918394921467
9.522803430470773	0.9893075204329036
10.41023613064232	2.2904057276621668
9.811485757184943	0.7337676183158732
9.386609269000285	3.3804458241637643
9.779275801132759	2.6617550976355475
9.902208954124177	0.9166997379525477
9.051833179541548	1.2560564480908323
8.837429101853406	2.1894056163879507
9.46492961984995	2.3451623090896065
9.22058421930264	1.9806212943313957
8.00820819328004	2.84453329130068
10.360089870149995	0.8303708840761108
10.234981669427667	1.2256665168074807
9.503113649654065	1.9962015584532746
9.396925039423813	2.407403898764092
12.096081217472046	3.1839065381594223
9.750030282237116	1.5958278908492924
9.881202206414535	1.4536257339274958
11.039587959412692	0.7144671763175912
8.907351592294216	0.8573567244664559
11.457038664163207	2.806079905535709
9.307744229231137	2.1317120269842453
9.647883036025803	3.3304768008860957
10.239169439333594	0.9871460700635808
10.947833448699956	3.1160711964825785
9.18934812146024	2.470483615432755
9.968369530464864	3.0532559727355504
10.276449903049928	1.6350053785635437
9.93991503092612	0.29925262808546105
9.330194850526313	2.052390424971405
11.892365398214244	0.5691811605961936
10.670884351751802	2.5355357903156324
12.02191962434116	2.937418686459103
10.366993337399268	1.519255414272684
11.469353977223069	1.5180697501656835
8.988227399711853	2.670182484065002
11.161570626391223	1.8062835068759804
9.85746822251558	3.137898457348523
8.713786905824069	2.474422300992045
9.705922319606334	1.9788439411208716
10.651561937284466	1.676403592417399
10.720933548135815	3.7231326756245586
9.639707428426586	3.581866696065757
10.815222436034807	3.1508708351874355
10.578662661885923	2.4861431642086735
10.89714747600615	1.1799990792860666
9.520167411839056	0.7013188086006108
10.794308488942171	0.47606179726781983
10.000596951267188	2.3864033870556804
10.299201836706613	3.260138676560079
11.249538674923857	1.654583575107694
9.286461991799335	2.474098047778093
10.901388148499816	0.6602847016315565
9.904215473516919	2.3651597397191346
10.525003748440449	1.4099828557044505
10.870131562886886	1.5802854752186255
9.922368608859971	2.2865017152549147
9.265472545692177	3.9935981465467396
8.800140269433978	0.9718713718723697
10.282420417137342	1.0003018506154033
11.325481369667123	1.294917240565153
10.724726534373815	2.265698680749483
10.908334551306316	1.0869247605656813
9.537883955577044	3.0009152392250087
8.666290961869613	1.750739218671412
9.648710899253016	3.0884168293385024
8.421237690620199	2.7306163842279183
9.010562316115497	3.5790703458976587
8.518802506909248	2.7302683880770466
11.79899257309319	1.7566343638743087
9.984230584784035	1.2783903817336233
10.212730135641998	2.8288141315152466
8.722817199477337	0.6682752056584078
10.42525726950415	2.3483109212917235
10.032698245235892	2.363498175527382
10.236101462263857	1.0184199675241046
10.159986081739605	1.5956034259526033
9.443840782995048	2.4550183373167824
9.705433288151834	2.4802230916632895
8.165028958472476	2.8042009353926227
10.757705044483185	2.2280188444812072
10.72735953913248	2.5570224930166816
11.077181261162334	1.263716908278003
9.497169625211228	1.5927126558632236
8.93125918938282	2.8339858467383072
9.49330929378149	0.9551111860639965
9.710567682110879	2.527772760978341
10.985130245728405	3.0439415602362905
9.953300423838998	1.660357192502685
10.161714388529944	2.1090768617238056
9.625682434315493	1.2719130280273832
9.128717221748289	1.628996636009305
9.427742731798386	1.6763543716407083
10.808394086349344	1.6444499556772212
9.93694966497332	0.18804220614159983
8.624938786956735	0.754834941937693
8.897585122393018	1.7780006274288276
8.952565645993499	3.2102934972329016
8.833195676471549	2.033114893231358
9.087453038214594	2.239602500534891
10.95136328240023	1.3783525912772188
9.843297398654395	2.2546090826496403
10.51000869180044	1.0446884624036654
12.1920789646614	2.5516274003149784
10.878289017372719	3.9000016230899996
10.464363476678177	0.9218025571396364
10.11714802572869	2.2691559612815353
9.800571879844117	2.5120251670661427
9.24065504465714	2.484770109559709
10.283924953183492	0.12128586027179056
10.460616956272647	2.048724167292025
10.55989286654844	2.611441345451822
8.873273037415885	0.696809450682458
9.935118481889422	2.1541662293203574
10.615047732498095	3.3143794157584807
11.920357114437419	2.322568267655105
11.709298189828626	-0.21335789304544717
8.602397601018124	2.7432063389493777
11.665329858226642	3.272435166589986
8.424736435068006	2.801531105916893
10.522442901198367	2.8498996692076046
11.923545623915995	3.401022200098386
10.036715812669836	1.0518473977837048
9.705659766532188	4.249995488538422
10.055238774933466	2.5990250613322856
10.505872457614887	2.128842718331333
8.628733935485036	2.0965014971708946
10.139073573975876	3.473628890555994
8.45729365646336	1.628811147376343
10.236819057784132	2.5890201602635528
9.442751722989996	0.695360299171397
11.606843297486197	1.84115426470448
8.972366855048062	0.9638844098187875
10.405579412620613	1.5624834293587473
9.369066649367918	0.38586982020935157
9.881086244639834	4.178982073887958
9.016681510335118	2.6018160892579436
9.200124424970655	4.055807980901817
10.110018643029393	2.1581576594253518
9.690548070445246	2.4001267580669787
8.972380252655258	1.074876874654691
10.468847758886573	1.8321071682897916
10.267201943465357	1.9672591141415579
10.096595431156148	1.7380788738962905
8.547288797390772	3.8117578767421874
9.024045760727093	1.840118646768859
9.847051649701633	1.9793383275708627
9.878527971077217	3.1021862703618175
9.657665294036875	1.4746902678563676
9.692312690358396	1.7112616818591204
8.947135694554618	2.283536329987145
11.056164818417447	4.1665985740867395
10.354288640646034	2.524298860702479
8.733891204453478	0.9260926911941716
9.138059195338448	1.6333654610826718
10.64419018648865	2.615479790864481
9.315643483194572	1.1599014375480432
9.83216615824982	3.140355465234595
11.665785245680727	1.664247735406188
8.452313291337187	3.7118782542569813
9.904100411672504	3.6541144988534358
10.067056639635984	2.293211697515826
9.750945564391388	0.7536682814861742
8.674829980734703	1.6958467297939666
9.650957405482673	1.851697660090865
10.40054178508988	1.6226330967433187
10.144520011509918	1.567546526137725
10.807325653759316	2.0169584470705635
9.906363741726684	1.44320514407898
10.337240808939358	1.5216705684093514
10.00346182231464	1.8621469629872953
11.066779233213243	2.326688617024621
10.84200627196424	0.6338666750780402
9.790087008004523	2.4415655023216694
10.657305820877218	2.9332598316525376
10.563716602462826	3.6409044106946427
9.281677161601012	1.3985639203576352
8.616553859401499	0.544486902704171
10.173917789672226	3.293455521460424
8.352209341167516	2.621643445336084
6.861399616483088	1.0468925831052598
10.400472015821304	1.3581963711599805
8.656584059068452	2.980894806495442
8.523793634176842	2.8129469424171996
8.906274823623722	3.5870275781712375
9.454664774905401	3.575957366933938
10.546079399586613	0.4715046525025972
9.221253685717056	1.6926108326817895
10.925442604285323	1.1356116168364316
10.087309419053101	4.156593564963197
10.723495331618384	1.1886087645270584
8.700188577639773	1.5242818688127193
8.79427397322634	0.29011948815525157
9.791134610543129	1.4854456813038674
10.161677019759553	0.9943860404142943
9.501002009232538	1.9184874058331844
10.499562509005543	2.666808288896344
10.008889011685213	3.565296338993851
10.024365951590521	3.2356875048364464
7.731652161479355	0.7562061840624579
10.496849103838713	0.6484011281989439
10.77837763266476	2.045806102775147
9.021389422075698	1.6230156408429983
9.462331313942867	1.8423234579398091
10.978679158669149	3.8233235582834793
9.682512427537365	4.406569848740104
10.089386960529255	1.7196939124928263
11.081547596408852	1.6975612564851184
9.60523603036555	3.9325100423883237
9.12879086327903	0.6376576722009109
9.714986322567752	3.3193634101167024
8.728558573727057	2.44309340283455
11.591425255167126	0.29137799680939547
10.367143721466807	1.8092164513922189
9.841664806194164	1.2404599361459485
8.381534911884518	1.595666469567754
11.966383833330934	2.8771237297813745
11.108009061483436	0.3190377110462017
9.422715266317644	1.7070006738709904
8.955524803168386	2.0945164439954485
11.55053527079765	1.248459841193641
9.860389109351434	1.7861947334297787
9.462533684563237	3.650067580539397
13.659416383382275	0.14853235267514542
10.463629289092486	2.872712017757666
10.96276910394439	0.7870613757662135
9.194271033618726	0.18957030494601157
10.789498910786019	3.290514384194363
10.41615864998107	2.2053865635599976
8.59647346884613	1.1553370837578056
10.336091215993115	1.7778907082752307
10.547891262680837	2.8412182600289353
10.16148823994308	3.484050778383758
9.207468041879244	1.2462665119349658
11.161405419424678	1.1447063026822382
10.913447467807543	3.2852781046779382
11.386103516124942	2.944892711555057
8.796233794140552	2.2478257516550806
10.278804219069702	0.568102805944902
10.568688269797942	0.9432450109438348
10.374641938556895	0.7701404450404759
8.627687391821558	2.087353080347123
10.074361362124518	3.3325696705704706
10.41329080979096	1.7037069619721055
10.164840480742994	1.5985361789011625
8.583899476805913	1.976508199561697
8.589171685500132	1.2010428837195857
12.423354154383018	3.052817495130447
9.835199462941908	0.31193104876157585
10.169526030301169	2.402082926923738
10.502401917942201	2.525309283356918
8.188456597924613	4.211582876058227
9.839513673671632	-0.2482469237586562
11.042564222340781	-0.9787846028702663
10.824394823620523	0.16090247471975516
10.955591155415274	2.9862348296995878
9.806792674756906	3.6972591315629533
9.339455275732966	4.2197658425399585
12.159710266959458	3.6347152485049357
9.904421050772498	-0.11570747023457706
9.19387894465219	1.2701258006040148
7.846224236852942	0.7781748454016779
8.668582268311507	1.1395621405428735
9.901556669793553	1.3566905343112012
9.312303761896679	2.3367499996266554
10.672586267236579	1.663583836504816
10.568913211335868	3.3744859712808792
10.393014538150968	1.2176783169842953
10.631718477183274	3.490072537589157
8.390468082521526	2.4208038786018715
8.623131852578002	2.101987663268062
11.53150387103342	1.3263559757441743
8.860159112879153	3.5062617614396174
12.384329313905758	2.6071574485582047
10.542531213432722	0.7112154749385147
10.260070178996319	2.4750523123381787
10.213769845214342	3.4317077945465595
11.273341598479256	0.5040664299735067
10.049520629960208	2.214220028091221
10.435121587787693	1.9185019696867256
9.894362343617264	2.7444491598742995
10.060327815157565	1.0313633788914873
10.71307186115063	3.3583549045068235
10.348189360241218	0.3144816980139893
11.972628213167024	1.6330801411468467
10.755403714682968	1.9133759330232964
10.666661339715002	1.2065812639442068
9.565238805583197	2.1672284474445647
9.564431756195658	3.4628457565862174
7.440188076175202	2.104036724792199
9.944062299005795	1.914029229060955
10.894264020204165	2.34556743143082
11.019906687994952	2.952581881497027
10.631933106355278	1.4888855416005398
10.093067257185911	3.226719965969621
10.14845045410926	1.311287758152369
10.153681579018828	2.0096681849388904
10.802090490978099	2.8456115686418912
8.67281092955972	2.025371038636551
10.831544571762674	2.431102487688711
11.351132702757706	1.446502006345408
10.692639226333698	2.5563350241972667
7.907963822441314	1.0998587512957747
11.344226679586235	4.7030551959442
9.936077431288776	2.9293725106899204
11.41765899924121	3.3102756138680505
8.866476799616459	3.871562931457352
10.230297823364484	4.094389966581275
11.252632335150935	3.069631217572873
10.466918516716076	4.967762540116203
8.641384187800249	1.360766654309518
9.412784610672446	1.4543619676886377
9.767555817331031	1.2602699976821754
12.618232506187027	3.0290760435802824
10.692320645655446	1.875479058907971
10.741125466491056	0.913375026870713
8.329729482775221	1.0523458885798753
9.867134645866091	2.010923286273481
9.810685091095724	2.7996447867896523
8.443436708537275	0.32090954112242964
9.46831369529107	2.900745468739971
9.502263296492227	1.9971986847211103
8.782818908243271	0.9030451703152429
9.65813362858327	1.497987823560796
10.913033651086101	2.289798813663864
7.958953024947061	0.8647246636147021
11.108419269310948	2.336009151496729
10.054949911508222	1.9134071382907758
8.490068617808543	1.7591847517760995
10.116879038780533	2.094681628196063
10.164819469701294	1.5339900276084062
10.598040675669358	3.1560828931507308
10.02452207142429	1.0493506821624654
10.314440297349703	1.722614357520888
8.25858489163355	-0.1452037872229588
10.479720765502677	1.5219283667254175
11.079480776791478	3.916538171792479
10.34846687159308	1.459783242589821
10.01179780568427	0.7024529764530458
7.09187243969996	1.2222554933031136
9.481683608233988	1.7991513861660375
10.542916686418144	1.7916526585963894
10.483750606529112	1.5031319812393669
9.113346629011547	0.1681255275755711
9.967860608801232	2.8803700600525852
10.307878521553361	3.5745983933507133
11.939132060774632	0.5110582205693073
9.667275699240202	0.7698682045764385
11.042929190178027	1.1397968013787274
9.835001313387083	2.089717249727795
9.947898811305928	1.7633029895741732
10.99210325593223	1.5674233443729308
8.961659450562797	1.5036060325961076
11.198522221438305	0.768783509682077
10.09170706758273	1.570712954316344
10.46170559368464	2.2142563281273953
9.70192511859241	0.34696066124405545
9.900076753193035	2.4980138195199704