-0.1040042064796928	0.6665294442222536
-0.06556770145124846	0.609445369118296
0.1254327751672167	0.7501865042993772
-0.09364962137056686	0.5869245009616111
0.11099295009901909	0.5812219415801615
0.005047347286459447	0.6411975533656968
0.1672931882773174	0.8267474414905035
0.03421516332675857	0.6362210688088268
0.1467953992588835	0.5898730413334387
0.4170934983190422	0.5096317632640169
-0.09048072275644026	0.6352395289158879
0.14065823846780004	0.5667920359053652
-0.022841394657641925	0.7720907166209569
0.15453760808945374	0.5951524945447891
0.0945164476940824	0.6226801086565369
0.07309664973996673	0.4843979230992466
-0.0045197272248244545	0.5911817123988399
0.08139478973093797	0.45302009895817436
-0.04070841856827332	0.4859269780179892
0.04513981702958127	0.7118378775373806
0.1804162519966025	0.5105007708740233
0.2483171402284611	0.5419285475546659
0.14921928918497845	0.6020482548166288
0.14025273357995852	0.5985379942228672
0.0824092381067802	0.7251055788962403
0.16842957868203237	0.6654831112277657
0.23913268008199903	0.7320168952186207
0.028839234969155747	0.6104209656877074
-0.1528017678421242	0.5174412706153387
0.21092443449789033	0.6294718950808175
0.16307111441389033	0.4355713120868627
0.049033827007684085	0.5180278403998737
0.188131060516322	0.5247446145159146
0.16683652405143473	0.4465548333147178
0.059905068465742395	0.6341076853525842
0.30181307964651277	0.6343956932554792
0.005110347233112389	0.6285580739852753
0.0881162450529217	0.4815224295403708
0.042552686754197426	0.6439089472905598
0.2903497435652848	0.533278625006761
0.09995550010028387	0.6333042939382545
-0.010823274887262181	0.8045383272936969
0.05301828210009538	0.4802767034244224
0.11895335610733837	0.6159894254382218
0.06709678313802137	0.5562478031368921
0.15751952494381222	0.5839626732637532
0.0644125902555258	0.6943490173704494
0.15747070390794116	0.44685088812835405
-0.07550065665897915	0.7204778635078414
0.008956289240824379	0.5290068350832472
0.17543006246971224	0.6776582673572046
-0.057518653065785165	0.5898098291268606
0.20872322462950343	0.8421975719619731
0.166082938855384	0.49229541073322763
0.13002805008395324	0.479305685467544
0.20390755004072425	0.6488468524611528
-0.09468377732387222	0.4943991996125039
-0.014566944397460603	0.6886955654190086
0.025439885918525584	0.46568426346674646
0.11057962752346623	0.48057599471040996
-0.07500330939900027	0.6828842109227956
0.31695731093936047	0.4541146365818068
0.19218575994626289	0.35683258201683343
0.06192466164835471	0.8121775563906
0.2720311283732822	0.6519284446795846
0.18054679123961984	0.6573106074200847
0.22465508517465294	0.7920903516181916
0.038248274986371913	0.45655552001172395
0.019361605514280556	0.6909495654566098
0.1218186964338428	0.6711692134353362
0.16711113457952226	0.6921561070587655
0.044983172259315085	0.5663410834035582
0.08937524304225833	0.517862687033973
-0.0019854954064104646	0.6555504077401271
0.266760743532309	0.5024085989847656
0.005703719246082684	0.6130128908175657
0.16274694725731653	0.8271517811847119
0.06016076528841827	0.7377793709659407
-0.24231923676968492	0.6083291065147302
0.13329789098453038	0.6271437100069448
0.13970198645383275	0.47578600939107085
0.024373884745468935	0.6170494602360661
0.02005975878452181	0.5345716581175827
0.131067420898739	0.754521465851909
0.23926513965082494	0.5778629792863857
0.2958329034563208	0.6355249710684321
0.04395111501697005	0.6153590890402767
0.0694043490528252	0.36441782841216774
0.15818277223062677	0.6142374387212126
0.06358372963776875	0.7136775918926649
0.14309814134613352	0.5496882961694126
0.2729085074119337	0.5463051664302453
0.2048943750603569	0.5452716573150507
0.06698810161714118	0.4743079840393974
-0.03187834275737771	0.622457914056116
0.029434212044953435	0.5455182236378093
0.0038508592263710954	0.5256628658507444
0.15226722076163746	0.6612856488396508
0.14610630759103413	0.6189510793968149
0.11843601854429707	0.589502680777844
0.15160128833310368	0.6648409903988987
-0.05881947360076123	0.5458119483812501
0.21813939006459365	0.45154730350666317
0.2733402971159857	0.5406225627042484
0.03206010338532376	0.7254389889985375
0.017351523187438433	0.4907050535549502
-0.06466274650296526	0.35917627725535684
0.05293139364022695	0.5362183778070002
0.10776219323978996	0.7403464508107929
-0.12126570732206879	0.43280732178543047
0.25595534672807657	0.7285985574087541
-0.03930628556053848	0.7156485802694654
0.22399907365456515	0.6600182694375244
0.06630984102244857	0.7573061416548411
0.00721012495431388	0.6933517603609745
0.31485630334092146	0.6426358983365756
0.07008431864020155	0.5912787451314502
0.01829106977754418	0.43212873876696567
0.16283351211569286	0.7668042975373229
0.25278503390377055	0.6637775892650943
0.26036783188798096	0.3797133620853938
0.13327060525230827	0.5447853453597734
-0.014421473578201938	0.6214843379297176
0.29647063971514565	0.6946197990430681
0.11593422700954954	0.5541651358742169
0.11155709596363184	0.6799240468265647
0.14231316814260483	0.7523539608464498
0.02112110603423313	0.642801696389802
0.1768877203315935	0.5811710778882592
0.08556251216611176	0.6032284433178112
0.09294003679078028	0.6188339152448303
0.1582639051106394	0.4473798314524571
0.03329789896776704	0.655196860863068
0.10585003946084981	0.5828739093628136
0.14955240079720455	0.6788423693577501
0.22963463261676167	0.6356966607330896
0.23040515973394973	0.6464529235685286
0.10833372691885873	0.6159380048736125
0.18639495445076104	0.45709080770643595
0.25519319488236286	0.6023994529190504
0.001228384045124764	0.7735360182496859
0.19423802100065146	0.4390885637307756
0.15375602425615265	0.4142749284125059
0.200905714285483	0.7536743172748115
0.05711896301420186	0.6052913076634152
0.050659542576032	0.5164001798468538
0.22611520862673698	0.6658532344245343
0.26173301967765766	0.5314494336781524
0.16394738669825243	0.5404345619022605
0.11187929729968825	0.5041271416495431
0.17396458005804752	0.7234807805479668
0.27299512385837305	0.3348034692199979
0.1985856714482037	0.8298946246633957
0.1427618818929091	0.5254655039347854
0.03365773181635123	0.5307697428695937
0.07617616114544944	0.4436876975475317
0.15203503711178795	0.7156385125292296
0.07963543314021747	0.48573907558370577
0.012670548565061246	0.5269731949007866
0.1878469478797015	0.516477115715087
0.13749276323840892	0.5811027933850524
-0.07382627844186836	0.6282420027467582
0.1497149611614054	0.6694992343527585
-0.07609040769964899	0.5380850066277901
0.01987178943649477	0.5054630956073662
0.15422050602994294	0.6814843900720258
0.01828972596472287	0.5865920274190634
-0.004728831394754019	0.5660562230684261
0.13446061939811454	0.6128143842833137
0.1662573676274867	0.6325885793106453
0.2276912129533983	0.6441159918317236
0.43773931597292504	0.7548818810080443
0.12193431949423564	0.6832828675938772
0.09250514497396695	0.4902798508948723
0.14965581468020153	0.3955344790153874
0.07913860277190354	0.7381487073590537
0.2519942451876294	0.6150115366892219
-0.009542427838473323	0.7062358966145608
-0.07946309947701168	0.5762739674828737
-0.02691179405554014	0.5961719881930833
0.10788249346461193	0.5741772538238568
0.04709063789068313	0.7049056793615336
0.02717858989850852	0.7753192269826745
0.12183818470802371	0.4911881041970775
0.10665707320205252	0.5641927999438071
-0.1451659369997298	0.6469146724064703
0.21433074297427324	0.5172650016384364
0.1556186456635196	0.5577470743023047
0.04660249492308104	0.5403100087200644
0.15508810829974518	0.5606454566186442
0.04195755874634072	0.5566760887899079
0.11978351510711044	0.5086165194392672
0.1179151532733936	0.45465069591153995
0.12350806502627668	0.6992676705043315
0.07328514071228295	0.5964315134835653
-0.07674081909426914	0.6359251511777934
0.08408845021518244	0.6663180146349591
0.004864092006784448	0.6153642260324304
0.03365373460086003	0.6971060213760194
-0.010777053174381934	0.5620355022732448
0.04615601029613821	0.5021721253413397
0.1972011324303006	0.5348539505845369
-0.011986878346932774	0.4573953121167269
0.059617425126850226	0.6118329477713371
0.045344801018516935	0.5372478460249044
0.13779439280546157	0.7557015047047256
0.22629289342960274	0.46271803219960694
0.17759897585059103	0.6451279058211851
0.2755266247242887	0.8624024025096801
0.02193361691252943	0.7059391667484021
0.06676072455782214	0.4805296070807969
-0.014873764532825275	0.44679991289154697
0.15427447531075164	0.6646880341602595
0.09375468168006956	0.6730561115947016
0.19747024261635457	0.6095636096812195
0.10497903796807964	0.9237071970636542
0.14765722621752322	0.7121966562574028
0.1571872255559318	0.3603944592205562
-0.04342381743894317	0.6213664447477287
0.24984871963970823	0.7082896058288122
0.2574910808903873	0.6318821021915243
0.12492760405091166	0.48433806688697145
0.09674159260659829	0.6244581398178348
0.03688667929444885	0.6421941495943054
0.0038493886847568606	0.6845813397257328
0.12859975170770643	0.6958805714125432
0.18204575507134546	0.5750073628178881
0.158556567607232	0.6522999992440619
0.062385793982519845	0.6262981116876352
-0.0013427853630221032	0.5192881429068974
0.013635182653192768	0.576005515792587
0.11739841819433641	0.6162895612654501
0.1197345274938329	0.5571895047147237
0.08760088414451117	0.7282006938413381
0.2840391002141344	0.6685100987333463
0.08488862706271916	0.7525690206755704
0.07130300406493588	0.5523102520695605
0.052141689496536636	0.5432185592801504
0.05189194293945948	0.5041036646680039
0.27639678271382045	0.39873866096193156
0.10058297082735707	0.5156540009010332
0.06039189210852258	0.6381438021540006
-0.03901309512622411	0.7351366921083003
0.05580474694511542	0.6579985324810729
-0.01763190666277561	0.646651346713421
0.1308908134687674	0.41958432822673386
0.16674479433637798	0.7241526688315642
0.16170606521985786	0.6147214544499137
0.16202934768941346	0.6532971703546434
0.08110387112882163	0.551399769028876
0.09822320030923658	0.5009989065617261
0.10435301596700507	0.3686056161586915
0.05287636837842724	0.607593206128841
0.17855566848096777	0.616441499859576
-0.017283959627907765	0.6304199576535209
0.09279145749442672	0.540898360379173
0.1432167194682788	0.4917116299953677
0.18756876137089812	0.5252401274063665
0.04217236916570798	0.5417426357222215
0.2625903038845227	0.5124255171028214
0.10291664380220589	0.6483287389268422
0.052165341874713334	0.5893118005012331
0.03701293367377415	0.660946784318309
0.0023851712688366168	0.5382765255635967
0.11484541371335946	0.7311739965370702
0.2963203151104398	0.5982397347775125
0.0535285845115439	0.6304420988985364
0.23713218483979956	0.6295394865249959
-0.04250829402331753	0.49326619566396324
0.10567506222882794	0.556972357978751
0.281784685191333	0.5318939929501703
0.09055816902427866	0.5628436049010296
0.15431234362217117	0.6810968915586463
-0.04366450996744214	0.6347973481208937
0.18898810860150886	0.6991119268780037
-0.09244755491173291	0.654194480386087
0.2550000762807975	0.642025583849374
0.15289670017818902	0.47235727374143865
0.12701460116752608	0.47568378758492913
0.07825463699646933	0.8227213565605663
0.29149781672639324	0.7018534569128149
0.13420973428086042	0.42783310565837307
0.13954864159153388	0.6665957212344097
0.08728929920080379	0.6307574077029848
0.01642338410760732	0.6020525063469907
-0.015123442364527185	0.656100744471279
0.15940418965242747	0.4742977975052545
0.14609441993113279	0.5165831430634015
0.060624387380495484	0.5189149246950227
0.043550462993609144	0.528355218331659
0.23835215032556026	0.640409316003069
0.06411169361590108	0.6676876160876206
0.12734795105589924	0.6032957875127583
0.02417410597529436	0.5950962910357996
0.05943249094730947	0.7976980581023431
0.0734886146208988	0.5933326155843526
0.03672945018150906	0.4651372516499519
0.20178360981909615	0.5312800728575694
0.08165969615455693	0.5042290722750284
-0.03919058525060973	0.628633795070431
0.21004410893672856	0.7437466984184229
0.05748324391447723	0.5835155130657544
0.21095013280222547	0.6485926407332465
0.049994583873261805	0.36001343257460483
0.1348601393174681	0.6037633795167725
0.2163074622294767	0.5727587637816947
0.16647131425359074	0.6055154797033054
0.3190453069880146	0.6430189541437424
0.214293722110536	0.7595459058210863
0.11529697287730867	0.5649572676270442
-0.09444684955791233	0.42536804286720653
0.26151332763506513	0.7530896975061041
0.16947816483719783	0.6750269079128227
-0.09448307210919044	0.5527291256738533
0.13788212881444303	0.49142576696124574
0.1302100667960974	0.535629722242365
0.07734143160287671	0.5393899489938861
0.010487571617391889	0.5624012552853624
0.019047865757414018	0.5751806876994471
0.1605622211927893	0.7221772271024622
0.22003128043059572	0.6801458668595283
0.16968996069803263	0.6882918922084181
0.04495646019249897	0.6665368174315618
-0.04248098859028429	0.57815035819906
0.04472555310027744	0.3768269142790246
0.05937530730198524	0.7179665711936528
0.05790555955447379	0.6120969764803955
0.05563567144302957	0.6898790337917879
0.1018054272117198	0.5443579514040037
0.08502054795126322	0.5677860533566438
0.20886272314498744	0.796413429282239
0.1715673801159654	0.6474072197163782
0.13251203483643326	0.5667849815951197
0.1344423924471434	0.5661548464088473
0.25456186867752745	0.6399912107233325
0.00873702074598095	0.5911573669638039
0.14796458616116892	0.4835518679419396
0.26543405871825076	0.6919877576950941
0.11942414638869195	0.5214865649828552
-0.013585053591864594	0.6257732455890589
0.05421959490556621	0.5901450540109047
0.2136406442790404	0.8659022142279373
0.12917831051868883	0.6597144379779603
0.11158930046600019	0.6443947878789538
0.09866033653977865	0.5217229718822554
0.12623372576120087	0.5899777522989076
0.09368774753813153	0.5785150219774692
-0.07646312427112884	0.5623170330716579
0.06376226220277294	0.4514313507755774
0.15140109858974604	0.4575512667371994
0.02722310849012115	0.5236405760005473
-0.013803829342567832	0.7082636791359381
0.07340192794253823	0.526191557050606
0.06812195963189603	0.6244994726291866
-0.012160747461000222	0.5681940138867129
0.20307338394442853	0.5357658982334951
0.0662517724016817	0.47177681013520023
0.19499568053796507	0.6077578710462482
0.15261964732623576	0.6530848043574646
-0.00640673005329262	0.6103031937409458
0.07594615506721364	0.6228032527036055
0.10002364725108559	0.46906076122467255
0.21729458201299298	0.6112419597596447
0.14912145185339945	0.651198713922005
-0.0743620256407191	0.6324556781811191
0.04639541470453175	0.541403228661875
0.15636558944373613	0.6557000635226528
0.2568353039372602	0.6934366786006754
0.13178185404247916	0.6589387688094134
-0.0737187551417249	0.547910269569944
0.04590039061929832	0.4823356562155186
0.051691985926574785	0.653113267997412
-0.0838431585098317	0.7137584122763553
0.1290895335092954	0.5689854031863942
0.10636594987776422	0.5708414366395616
0.16248074428816026	0.536888607127985
0.16210379926063936	0.5325350726670914
0.30786675653551876	0.5414653114708904
0.16905469766930503	0.47309153767312007
0.055561038425663095	0.6056157407777221
-0.010791866945119667	0.5590161575202977
0.14389622111806127	0.7717945528903973
0.12429541510734099	0.5017583309103276
0.0336583045221054	0.6568206405080956
0.03302294493581164	0.5958699301862673
0.2544806371760699	0.79298249210655
0.284095254365416	0.7795395023878475
0.1372579089493041	0.6675353881135097
0.023828411119176954	0.7342109954992305
0.09490874797454124	0.5189574542056741
0.2573791134785802	0.40894546603209037
0.20997821621592916	0.44369256120019307
-0.03911205916064253	0.7442628817147772
0.22839776605493017	0.5238880730451315
0.16221621506760567	0.42296252575135596
0.10486605694733608	0.5662569393900835
0.12825294994390787	0.7949053705152537
0.14952527469547244	0.7564785426257513
0.14502314966554417	0.5376012465359331
-0.03947753717962828	0.5686724626609186
-0.02279267014371317	-0.0001674558547038647
-0.054355479397582965	-0.057810179703320225
0.1127075774829996	0.05866367540267351
0.03684856320913654	-0.02088974718815986
-0.023456298647189205	-0.07804182618933261
-0.024512486502073088	-0.013122379683278108
0.025182409978678006	0.05549998638695674
-0.04901623539520921	0.010899929071268723
0.040898216271216	0.015025739352575793
-0.03791857268811105	-0.0592453468882988
0.03241406361411464	0.010814982328163043
0.03421230577564407	-0.10755785159423521
-0.10029806859058184	0.0015967625336579857
-0.004092142585632457	-0.09098970678092437
-0.029415889263868834	-0.030878541560121837
0.07912927921201686	-0.014115663195554082
-0.005902857803069942	-0.0030868985165822273
0.16048748053116457	0.034235456008254256
-0.024948782162134336	-0.06699052911477377
-0.08551819444653971	0.03880708437164339
-0.05755094849506233	0.02591916571922752
-0.04737475701260509	0.010101500550519255
-0.04397751862082801	-0.022751065878926332
-0.12404477494050331	-0.021959685341060606
-0.0786358501894878	0.0036279853523256862
0.05871278532648089	0.045886318320757034
-0.031167220483124692	-0.05167990203416293
0.01543735730733854	0.03610853889572309
-0.08876135514720176	-0.030144751636170454
0.04560978659287658	0.010102912776603322
-0.03979479774519027	0.005398435052372475
0.05274846552854451	-0.11038315556029688
0.03461363224986138	-0.0517491609712212
0.07136630324434633	-0.015253273341392152
-0.023605566927896383	-0.02394652402444668
-0.014230162446820106	-0.0341552735691407
0.021971004658701082	-0.028388309158649094
0.007881573390279936	0.13437231463642937
0.05167121219106346	0.06217442695660677
0.014438507259875753	0.006937464924857334
-0.0484105297563116	0.06793703231649399
0.02999452098001857	-0.055635408025392664
-0.023859828476461356	-0.05053462397835482
0.02051180653211598	0.014520286383108344
-0.009425712140752794	-0.06331161908420634
-0.03066953654998571	0.06902229120818822
-0.01103620994336207	0.03308775488177738
-0.004889552293791158	-0.05416501310237262
-0.047408341022922636	-0.03719717759545839
-0.05812854490732969	0.009470280819397534
-0.026753519007502464	0.017258115454480336
-0.03897078903486797	-0.0009689352834302196
-0.09958959033599796	0.042226664565034
0.01800449350749971	-0.05848145579619446
0.011749083471383363	-0.038716674159625965
-0.02484431751729681	-0.000189922077336271
-0.030153748028809338	0.020370194938204595
0.10480406087360226	0.05919532690797113
-0.012498485888144194	-0.02020860545753538
-0.005939889679273224	-0.027318713303625217
0.051979397970634666	-0.06427664118412045
-0.054632420385289204	-0.05713216377667721
0.07285193320816039	0.04030399527678545
-0.034612788538443205	0.006585601349212259
-0.017605848198709834	0.06652384004430478
0.011958471966679726	-0.05064269649682096
0.0473916724349978	0.055803559824128934
-0.04053259392698805	0.023524180771637763
-0.0015815234767568135	0.05266279863677752
0.013822495152496343	-0.018249731071822813
-0.0030042484536940313	-0.08503736859572696
-0.03349025747368436	0.0026195212485702487
0.09461826991071222	-0.07154094197019033
0.033544217587590075	0.02677678951578162
0.10109598121705805	0.04687093432295516
0.01834966686996341	-0.024037229286365803
0.07346769886115338	-0.024096512491715828
-0.05058863001440736	0.033509124203250085
0.058078531319561116	-0.009685824656200982
-0.007126588874221017	0.056894922867426145
-0.0643106547087966	0.023721115049602254
-0.014703884019683295	-0.0010578029439564198
0.03257809686422335	-0.01617982037913005
0.036046677406790704	0.08615663378122795
-0.01801462857867069	0.07909333480328784
0.04076112180174031	0.05754354175937178
0.028933133094296168	0.02430715821043368
0.044857373800307535	-0.04100004603569667
-0.02399162940804724	-0.06493405956996946
0.03971542444710859	-0.07619691013660901
0.000029847563359382355	0.019320169352784015
0.014960091835330702	0.06300693382800396
0.06247693374619287	-0.0172708212446153
-0.035676900410033206	0.023704902388904672
0.04506940742499079	-0.06698576491842217
-0.0047892263241540575	0.018257986985956733
0.02625018742202242	-0.02950085721477748
0.04350657814434428	-0.02098572623906873
-0.0038815695570014203	0.014325085762745738
-0.03672637271539114	0.09967990732733699
-0.05999298652830111	-0.051406431406381514
0.014121020856867115	-0.049984907469229845
0.06627406848335621	-0.03525413797174235
0.0362363267186907	0.01328493403747415
0.04541672756531584	-0.045653761971715945
-0.023105802221147803	0.050045761961250435
-0.06668545190651931	-0.012463039066429399
-0.017564455037349182	0.05442084146692511
-0.07893811546899006	0.036530819211395914
-0.04947188419422521	0.07895351729488294
-0.07405987465453757	0.03651341940385234
0.08994962865465954	-0.012168281806284566
-0.0007884707607982459	-0.03608048091331883
0.010636506782099852	0.04144070657576234
-0.06385914002613316	-0.06658623971707961
0.02126286347520756	0.017415546064586184
0.0016349122617946282	0.01817490877636908
0.01180507311319283	-0.04907900162379477
0.00799930408698022	-0.020219828702369835
-0.027807960850247566	0.02275091686583912
-0.014728335592408305	0.02401115458316447
-0.09174855207637617	0.04021004676963115
0.03788525222415927	0.011400942224060358
0.036367976956624	0.027851124650834082
0.05385906305811673	-0.036814154586099844
-0.025141518739438623	-0.020364367206838818
-0.05343704053085905	0.041699292336915376
-0.025334535310925544	-0.052244440696800176
-0.014471615894456042	0.026388638048917046
0.049256512286420265	0.052197078011814536
-0.0023349788080500758	-0.016982140374865753
0.00808571942649723	0.005453843086190272
-0.01871587828422531	-0.03640434859863085
-0.043564138912585565	-0.018550168199534745
-0.028612863410080753	-0.016182281417964586
0.04041970431746719	-0.017777502216138937
-0.003152516751333999	-0.09059788969292001
-0.0687530606521633	-0.06225825290311535
-0.05512074388034913	-0.011099968628558617
-0.05237171770032505	0.06051467486164508
-0.05834021617642257	0.0016557446615678966
-0.04562734808927029	0.011980125026744545
0.04756816412001146	-0.031082370436139067
-0.007835130067280243	0.012730454132482026
0.025500434590022006	-0.04776557687981673
0.10960394823307001	0.027581370015748913
0.04391445086863598	0.09500008115449998
0.023218173833908787	-0.05390987214301818
0.0058574012864345566	0.01345779806407676
-0.009971406007794135	0.02560125835330713
-0.03796724776714295	0.024238505477985443
0.014196247659174602	-0.09393570698641047
0.023030847813632346	0.002436208364601246
0.027994643327421992	0.030572067272591093
-0.05633634812920572	-0.0651595274658771
-0.003244075905528889	0.007708311466017879
0.030752386624904773	0.06571897078792403
0.09601785572187095	0.01612841338275525
0.08546490949143135	-0.11066789465227236
-0.0698801199490938	0.03716031694746888
0.08326649291133213	0.0636217583294993
-0.07876317824659976	0.04007655529584465
0.026122145059918386	0.04249498346038022
0.0961772811957998	0.0700511100049193
0.0018357906334918628	-0.04740763011081476
-0.01471701167339058	0.11249977442692115
0.002761938746673287	0.029951253066614277
0.025293622880744368	0.006442135916566662
-0.06856330322574823	0.004825074858544731
0.006953678698793842	0.07368144452779969
-0.07713531717683202	-0.018559442631182848
0.011840952889206592	0.029451008013177633
-0.02786241385050023	-0.06523198504143016
0.0803421648743099	-0.007942286764775998
-0.05138165724759696	-0.05180577950906062
0.02027897063103064	-0.021875828532062637
-0.031546667531604115	-0.08070650898953242
-0.0059456877680083035	0.10894910369439792
-0.04916592448324412	0.03009080446289717
-0.03999377875146727	0.10279039904509087
0.00550093215146966	0.007907882971267597
-0.015472596477737691	0.02000633790334893
-0.05138098736723712	-0.046256156267265446
0.023442387944328673	-0.008394641585510416
0.013360097173267835	-0.0016370442929221072
0.004829771557807429	-0.013096056305185476
-0.0726355601304614	0.09058789383710938
-0.04879771196364537	-0.007994067661557044
-0.007647417514918365	-0.0010330836214568707
-0.00607360144613914	0.055109313518090876
-0.01711673529815626	-0.026265486607181615
-0.015384365482080215	-0.01443691590704398
-0.05264321527226911	0.014176816499357243
0.05280824092087233	0.10832992870433696
0.017714432032301716	0.02621494303512394
-0.06330543977732608	-0.05369536544029142
-0.043097040233077574	-0.01833172694586641
0.0322095093244325	0.030773989543224065
-0.03421782584027141	-0.042004928122597845
-0.008391692087509074	0.05701777326172974
0.08328926228403633	-0.016787613229690607
-0.07738433543314062	0.08559391271284905
-0.004794979416374803	0.0827057249426718
0.0033528319817992384	0.014660584875791294
-0.012452721780430578	-0.062316585925691295
-0.06625850096326488	-0.015207663510301672
-0.017452129725866305	-0.0074151169954567485
0.020027089254493993	-0.01886834516283407
0.007226000575495876	-0.021622673693113756
0.04036628268796577	0.0008479223535281734
-0.004681812913665776	-0.027839742796051004
0.016862040446967885	-0.02391647157953243
0.00017309111573197825	-0.006892651850635235
0.05333896166066215	0.016334430851231055
0.04210031359821198	-0.06830666624609799
-0.010495649599773893	0.022078275116083457
0.0328652910438609	0.046662991582626885
0.028185830123141315	0.08204522053473212
-0.03591614191994943	-0.030071803982118235
-0.06917230702992508	-0.07277565486479146
0.008695889483611252	0.06467277607302119
-0.08238953294162427	0.031082172266804205
-0.1569300191758456	-0.04765537084473702
0.020023600791065195	-0.03209018144200098
-0.06717079704657743	0.04904474032477212
-0.07381031829115792	0.04064734712085998
-0.05468625881881393	0.07935137890856188
-0.02726676125472994	0.07879786834669691
0.027303969979330673	-0.07642476737487014
-0.03893731571414725	-0.01536945836591053
0.0462721302142661	-0.04321941915817842
0.004365470952655067	0.10782967824815984
0.03617476658091922	-0.04056956177364708
-0.06499057111801133	-0.023785906559364033
-0.06028630133868299	-0.08549402559223743
-0.010443269472843617	-0.025727715934806623
0.008083850987977625	-0.050280697979285284
-0.02494989953837308	-0.004075629708340773
0.024978125450277115	0.033340414444817196
0.0004444505842606666	0.07826481694969253
0.001218297579526094	0.06178437524182232
-0.11341739192603227	-0.06218969079687711
0.024842455191935627	-0.0675799435900528
0.03891888163323801	0.002290305138757336
-0.04893052889621514	-0.01884921795785008
-0.026883434302856647	-0.00788382710300955
0.04893395793345745	0.09116617791417396
-0.015874378623131746	0.12032849243700522
0.00446934802646279	-0.014015304375358684
0.0540773798204426	-0.015121937175744078
-0.019738198481722494	0.09662550211941617
-0.04356045683604849	-0.06811711638995446
-0.014250683871612402	0.06596817050583513
-0.06357207131364717	0.022154670141727496
0.07957126275835631	-0.08543110015953023
0.018357186073340317	-0.009539177430389054
-0.007916759690291781	-0.03797700319270258
-0.08092325440577414	-0.020216676521612305
0.09831919166654665	0.043856186489068735
0.055400453074171796	-0.08404811444768992
-0.028864236684117847	-0.014649966306450476
-0.05222375984158073	0.004725822199772418
0.07752676353988247	-0.03757700794031795
-0.006980544532428289	-0.010690263328511068
-0.026873315771838147	0.08250337902696986
0.1829708191691138	-0.09257338236624274
0.02318146445462431	0.04363560088788329
0.04813845519721953	-0.06064693121168933
-0.040286448319063695	-0.09052148475269943
0.039474945539300935	0.06452571920971815
0.02080793249905345	0.010269328177999873
-0.0701763265576935	-0.04223314581210972
0.01680456079965573	-0.01110546458623847
0.027394563134041868	0.04206091300144677
0.00807441199715407	0.07420253891918792
-0.0396265979060378	-0.037686674403251706
0.058070270971233934	-0.042764684865888095
0.045672373390377184	0.0642639052338969
0.06930517580624715	0.04724463557775285
-0.060188310292972384	0.01239128758275402
0.013940210953485141	-0.0715948597027549
0.028434413489897083	-0.05283774945280826
0.018732096927844777	-0.06149297774797621
-0.06861563040892209	0.004367654017356144
0.003718068106225962	0.06662848352852352
0.020664540489547977	-0.014814651901394733
0.00824202403714967	-0.020073191054941875
-0.07080502615970438	-0.0011745900219151506
-0.0705414157249934	-0.039947855814020716
0.12116770771915093	0.05264087475652236
-0.008240026852904613	-0.08440344756192121
0.008476301515058453	0.020104146346186902
0.025120095897110107	0.026265464167845906
-0.09057717010376935	0.11057914380291134
-0.00802431631641842	-0.11241234618793282
0.05212821111703908	-0.14893923014351332
0.04121974118102616	-0.09195487626401225
0.047779557770763655	0.049311741484979396
-0.009660366262154703	0.08486295657814769
-0.03302723621335173	0.1109882921269979
0.10798551334797293	0.0817357624252468
-0.004778947461375114	-0.10578537351172886
-0.040306052767390556	-0.03649370996979927
-0.10768878815735293	-0.06109125772991611
-0.06657088658442463	-0.04302189297285633
-0.004922166510322376	-0.03216547328443994
-0.034384811905166054	0.01683749998133277
0.03362931336182894	-0.016820808174759207
0.028445660566793436	0.06872429856404397
0.019650726907548398	-0.03911608415078524
0.03158592385916364	0.07450362687945783
-0.08047659587392367	0.021040193930093584
-0.06884340737109995	0.005099383163403101
0.07657519355167103	-0.033682201212791286
-0.05699204435604236	0.07531308807198088
0.11921646569528786	0.030357872427910233
0.027126560671636116	-0.06443922625307427
0.013003508949815945	0.023752615616908942
0.010688492260717084	0.07158538972732799
0.06366707992396275	-0.07479667850132467
0.0024760314980103843	0.010711001404561044
0.021756079389384682	-0.004074901515663725
-0.0052818828191368294	0.03722245799371497
0.0030163907578782735	-0.04843183105542563
0.03565359305753143	0.06791774522534116
0.017409468012060923	-0.08427591509930055
0.09863141065835117	-0.018345992942657662
0.03777018573414838	-0.004331203348835174
0.03333306698575008	-0.03967093680278966
-0.021738059720840093	0.008361422372228233
-0.021778412190217113	0.07314228782931088
-0.1279905961912399	0.0052018362396099565
-0.0027968850497102644	-0.004298538546952248
0.04471320101020827	0.01727837157154099
0.050995334399747655	0.04762909407485133
0.03159665531776389	-0.025555722919973014
0.004653362859295545	0.06133599829848105
0.00742252270546301	-0.03443561209238155
0.007684078950941437	0.0004834092469445188
0.040104524548904924	0.04228057843209457
-0.06635945352201404	0.0012685519318275523
0.04157722858813373	0.021555124384435537
0.06755663513788533	-0.027674899682729598
0.03463196131668488	0.027816751209863336
-0.10460180887793434	-0.04500706243521127
0.06721133397931178	0.13515275979721
-0.003196128435561164	0.04646862553449603
0.0708829499620605	0.06551378069340252
-0.05667616001917706	0.0935781465728676
0.01151489116822422	0.10471949832906374
0.06263161675754678	0.053481560878643655
0.023345925835803832	0.14838812700581014
-0.0679307906099876	-0.03196166728452409
-0.029360769466377737	-0.027281901615568118
-0.011622209133448462	-0.03698650011589123
0.13091162530935133	0.05145380217901412
0.03461603228277233	-0.00622604705460145
0.0370562733245528	-0.054331248656464354
-0.08351352586123895	-0.04738270557100624
-0.006643267706695412	0.0005461643136740403
-0.009465745445213796	0.03998223933948262
-0.07782816457313622	-0.08395452294387852
-0.0265843152354465	0.04503727343699854
-0.02488683517538863	-0.00014006576394449068
-0.06085905458783647	-0.05484774148423786
-0.017093318570836454	-0.025100608821960205
0.045651682554305024	0.014489940683193203
-0.10205234875264697	-0.0567637668192649
0.05542096346554742	0.01680045757483645
0.00274749557541112	-0.004329643085461214
-0.07549656910957281	-0.012040762411195026
0.005843951939026664	0.004734081409803154
0.008240973485064685	-0.02330049861957969
0.02990203378346787	0.05780414465753653
0.0012261035712145105	-0.047532465891876735
0.01572201486748518	-0.013869282123955596
-0.08707075541832254	-0.10726018936114795
0.023986038275133792	-0.023903581663729124
0.053974038839573905	0.09582690858962395
0.017423343579654058	-0.02701083787050895
0.0005898902842134188	-0.0648773511773477
-0.145406378015002	-0.03888722533484432
-0.025915819588300627	-0.010042430691698126
0.02714583432090721	-0.01041736707018053
0.024187530326455615	-0.024843400938031654
-0.044332668549422666	-0.09159372362122145
-0.001606969559938408	0.04401850300262926
0.015393926077668077	0.07872991966753567
0.09695660303873165	-0.07444708897153464
-0.01663621503798988	-0.06150658977117808
0.05214645950890134	-0.043010159931063635
-0.008249934330645846	0.004485862486389761
-0.0026050594347036306	-0.011834850521291343
0.04960516279661148	-0.021628832781353455
-0.05191702747186018	-0.024819698370194626
0.05992611107191525	-0.06156082451589615
0.004585353379136544	-0.021464352284182794
0.02308527968423194	0.010712816406369759
-0.014903744070379555	-0.08265196693779724
-0.00499616234034821	0.02490069097599851
0.9544146597125738	0.19966508829059226
0.8912890412048342	0.08437964059335956
1.2254151549659993	0.3173273508053471
1.073697126418273	0.15822050562368029
0.9530874027056216	0.043916347621334784
0.9509750269958538	0.1737552406334438
1.050364819957356	0.3109999727739135
0.9019675292095816	0.22179985814253744
1.081796432542432	0.23005147870515158
0.9241628546237779	0.08150930622340241
1.0648281272282294	0.22162996465632612
1.068424611551288	-0.015115703188470421
0.7994038628188364	0.203193525067316
0.9918157148287352	0.018020586438151277
0.9411682214722623	0.13824291687975632
1.158258558424034	0.17176867360889184
0.9881942843938601	0.19382620296683556
1.3209749610623291	0.2684709120165085
0.9501024356757313	0.06601894177045246
0.8289636111069205	0.2776141687432868
0.8848981030098755	0.2518383314384551
0.9052504859747899	0.22020300110103852
0.912044962758344	0.15449786824214737
0.7519104501189935	0.1560806293178788
0.8427282996210246	0.2072559707046514
1.1174255706529619	0.29177263664151404
0.9376655590337507	0.09664019593167415
1.0308747146146773	0.2722170777914462
0.8224772897055965	0.1397104967276591
1.0912195731857532	0.22020582555320664
0.9204104045096195	0.21079687010474496
1.105496931057089	-0.020766311120593753
1.069227264499723	0.0965016780575576
1.1427326064886927	0.16949345331721571
0.9527888661442072	0.15210695195110666
0.9715396751063597	0.1316894528617186
1.043942009317402	0.14322338168270182
1.01576314678056	0.46874462927285876
1.103342424382127	0.32434885391321355
1.0288770145197517	0.21387492984971468
0.9031789404873769	0.33587406463298797
1.059989041960037	0.08872918394921468
0.9522803430470774	0.09893075204329037
1.041023613064232	0.2290405727662167
0.9811485757184943	0.07337676183158733
0.9386609269000286	0.33804458241637647
0.9779275801132759	0.26617550976355475
0.9902208954124178	0.09166997379525477
0.9051833179541549	0.12560564480908323
0.8837429101853407	0.21894056163879508
0.9464929619849951	0.23451623090896068
0.9220584219302641	0.19806212943313958
0.8008208193280041	0.284453329130068
1.0360089870149995	0.08303708840761109
1.0234981669427667	0.12256665168074808
0.9503113649654065	0.19962015584532747
0.9396925039423814	0.24074038987640922
1.2096081217472046	0.3183906538159422
0.9750030282237117	0.15958278908492926
0.9881202206414536	0.14536257339274958
1.1039587959412693	0.07144671763175912
0.8907351592294216	0.0857356724466456
1.1457038664163208	0.28060799055357094
0.9307744229231137	0.21317120269842454
0.9647883036025804	0.3330476800886096
1.0239169439333595	0.09871460700635809
1.0947833448699957	0.3116071196482579
0.918934812146024	0.24704836154327553
0.9968369530464865	0.30532559727355507
1.027644990304993	0.16350053785635438
0.993991503092612	0.029925262808546106
0.9330194850526313	0.20523904249714053
1.1892365398214244	0.05691811605961936
1.0670884351751801	0.2535535790315632
1.2021919624341162	0.2937418686459103
1.0366993337399268	0.1519255414272684
1.146935397722307	0.15180697501656837
0.8988227399711853	0.2670182484065002
1.1161570626391224	0.18062835068759805
0.9857468222515581	0.3137898457348523
0.8713786905824069	0.24744223009920452
0.9705922319606334	0.19788439411208716
1.0651561937284466	0.16764035924173992
1.0720933548135816	0.37231326756245586
0.9639707428426587	0.3581866696065757
1.0815222436034808	0.3150870835187436
1.0578662661885925	0.24861431642086737
1.089714747600615	0.11799990792860666
0.9520167411839057	0.07013188086006109
1.0794308488942173	0.04760617972678199
1.0000596951267189	0.23864033870556806
1.0299201836706613	0.3260138676560079
1.1249538674923858	0.16545835751076943
0.9286461991799335	0.24740980477780933
1.0901388148499815	0.06602847016315565
0.990421547351692	0.23651597397191348
1.052500374844045	0.14099828557044505
1.0870131562886887	0.15802854752186257
0.9922368608859972	0.2286501715254915
0.9265472545692177	0.39935981465467396
0.8800140269433978	0.09718713718723698
1.0282420417137341	0.10003018506154034
1.1325481369667123	0.1294917240565153
1.0724726534373816	0.2265698680749483
1.0908334551306316	0.10869247605656814
0.9537883955577044	0.3000915239225009
0.8666290961869614	0.1750739218671412
0.9648710899253017	0.3088416829338503
0.8421237690620199	0.27306163842279185
0.9010562316115497	0.3579070345897659
0.8518802506909249	0.2730268388077047
1.1798992573093192	0.17566343638743087
0.9984230584784035	0.12783903817336234
1.0212730135641999	0.28288141315152465
0.8722817199477337	0.06682752056584078
1.0425257269504151	0.23483109212917236
1.0032698245235891	0.2363498175527382
1.0236101462263858	0.10184199675241046
1.0159986081739605	0.15956034259526033
0.9443840782995049	0.24550183373167825
0.9705433288151835	0.24802230916632895
0.8165028958472477	0.2804200935392623
1.0757705044483186	0.22280188444812074
1.0727359539132482	0.2557022493016682
1.1077181261162334	0.1263716908278003
0.9497169625211228	0.15927126558632237
0.893125918938282	0.2833985846738307
0.949330929378149	0.09551111860639966
0.971056768211088	0.2527772760978341
1.0985130245728405	0.30439415602362907
0.9953300423838999	0.1660357192502685
1.0161714388529945	0.21090768617238057
0.9625682434315493	0.12719130280273833
0.9128717221748289	0.16289966360093053
0.9427742731798386	0.16763543716407084
1.0808394086349344	0.16444499556772213
0.993694966497332	0.018804220614159983
0.8624938786956735	0.0754834941937693
0.8897585122393018	0.17780006274288276
0.8952565645993499	0.32102934972329017
0.8833195676471549	0.2033114893231358
0.9087453038214595	0.2239602500534891
1.095136328240023	0.13783525912772188
0.9843297398654395	0.22546090826496404
1.051000869180044	0.10446884624036655
1.2192078964661401	0.25516274003149786
1.087828901737272	0.390000162309
1.0464363476678178	0.09218025571396365
1.011714802572869	0.22691559612815354
0.9800571879844118	0.25120251670661425
0.9240655044657141	0.2484770109559709
1.0283924953183492	0.012128586027179056
1.0460616956272648	0.20487241672920253
1.055989286654844	0.2611441345451822
0.8873273037415885	0.0696809450682458
0.9935118481889422	0.21541662293203576
1.0615047732498095	0.3314379415758481
1.1920357114437419	0.23225682676551052
1.1709298189828627	-0.021335789304544717
0.8602397601018125	0.27432063389493777
1.1665329858226643	0.32724351665899865
0.8424736435068007	0.2801531105916893
1.0522442901198368	0.28498996692076045
1.1923545623915996	0.34010222000983864
1.0036715812669836	0.10518473977837049
0.9705659766532189	0.4249995488538423
1.0055238774933466	0.2599025061332286
1.0505872457614887	0.21288427183313333
0.8628733935485036	0.20965014971708948
1.0139073573975876	0.3473628890555994
0.845729365646336	0.1628811147376343
1.0236819057784132	0.25890201602635526
0.9442751722989997	0.0695360299171397
1.1606843297486198	0.184115426470448
0.8972366855048062	0.09638844098187876
1.0405579412620614	0.15624834293587475
0.9369066649367919	0.03858698202093516
0.9881086244639834	0.41789820738879585
0.9016681510335118	0.2601816089257944
0.9200124424970655	0.40558079809018177
1.0110018643029395	0.21581576594253518
0.9690548070445246	0.24001267580669788
0.8972380252655259	0.1074876874654691
1.0468847758886575	0.18321071682897916
1.0267201943465358	0.1967259114141558
1.0096595431156148	0.17380788738962905
0.8547288797390773	0.3811757876742188
0.9024045760727093	0.1840118646768859
0.9847051649701634	0.1979338327570863
0.9878527971077218	0.31021862703618175
0.9657665294036875	0.14746902678563675
0.9692312690358396	0.17112616818591206
0.8947135694554618	0.2283536329987145
1.1056164818417447	0.41665985740867395
1.0354288640646034	0.2524298860702479
0.8733891204453479	0.09260926911941716
0.9138059195338448	0.1633365461082672
1.0644190186488651	0.2615479790864481
0.9315643483194572	0.11599014375480432
0.983216615824982	0.3140355465234595
1.1665785245680727	0.1664247735406188
0.8452313291337188	0.37118782542569817
0.9904100411672504	0.3654114498853436
1.0067056639635985	0.2293211697515826
0.9750945564391389	0.07536682814861742
0.8674829980734704	0.16958467297939667
0.9650957405482674	0.18516976600908652
1.040054178508988	0.1622633096743319
1.0144520011509919	0.15675465261377253
1.0807325653759317	0.20169584470705637
0.9906363741726685	0.144320514407898
1.0337240808939359	0.15216705684093515
1.0003461822314639	0.18621469629872955
1.1066779233213244	0.23266886170246212
1.084200627196424	0.06338666750780401
0.9790087008004523	0.24415655023216695
1.0657305820877219	0.29332598316525377
1.0563716602462827	0.3640904410694643
0.9281677161601012	0.13985639203576353
0.8616553859401499	0.0544486902704171
1.0173917789672227	0.32934555214604244
0.8352209341167516	0.26216434453360843
0.6861399616483088	0.10468925831052599
1.0400472015821305	0.13581963711599807
0.8656584059068453	0.2980894806495442
0.8523793634176843	0.28129469424172
0.8906274823623722	0.3587027578171238
0.9454664774905401	0.35759573669339384
1.0546079399586614	0.047150465250259725
0.9221253685717056	0.16926108326817896
1.0925442604285323	0.11356116168364316
1.00873094190531	0.41565935649631974
1.0723495331618385	0.11886087645270585
0.8700188577639774	0.15242818688127194
0.8794273973226341	0.029011948815525157
0.9791134610543129	0.14854456813038674
1.0161677019759554	0.09943860404142944
0.9501002009232539	0.19184874058331847
1.0499562509005542	0.2666808288896344
1.0008889011685214	0.3565296338993851
1.0024365951590521	0.32356875048364464
0.7731652161479355	0.07562061840624579
1.0496849103838712	0.0648401128198944
1.0778377632664762	0.2045806102775147
0.9021389422075698	0.16230156408429985
0.9462331313942868	0.18423234579398093
1.097867915866915	0.38233235582834796
0.9682512427537365	0.44065698487401045
1.0089386960529256	0.17196939124928265
1.1081547596408852	0.16975612564851184
0.960523603036555	0.3932510042388324
0.9128790863279032	0.06376576722009109
0.9714986322567752	0.33193634101167024
0.8728558573727057	0.244309340283455
1.1591425255167127	0.029137799680939547
1.0367143721466807	0.1809216451392219
0.9841664806194164	0.12404599361459485
0.8381534911884518	0.15956664695677542
1.1966383833330934	0.28771237297813745
1.1108009061483437	0.03190377110462017
0.9422715266317644	0.17070006738709906
0.8955524803168387	0.20945164439954486
1.155053527079765	0.1248459841193641
0.9860389109351435	0.1786194733429779
0.9462533684563237	0.36500675805393973
1.3659416383382277	0.014853235267514543
1.0463629289092486	0.2872712017757666
1.0962769103944392	0.07870613757662136
0.9194271033618726	0.01895703049460116
1.078949891078602	0.3290514384194363
1.0416158649981069	0.22053865635599978
0.859647346884613	0.11553370837578057
1.0336091215993115	0.17778907082752307
1.0547891262680837	0.28412182600289354
1.0161488239943082	0.3484050778383758
0.9207468041879244	0.12462665119349658
1.116140541942468	0.11447063026822382
1.0913447467807544	0.32852781046779383
1.1386103516124944	0.2944892711555057
0.8796233794140552	0.22478257516550806
1.0278804219069702	0.056810280594490205
1.0568688269797943	0.09432450109438349
1.0374641938556894	0.07701404450404759
0.8627687391821559	0.2087353080347123
1.007436136212452	0.3332569670570471
1.041329080979096	0.17037069619721057
1.0164840480742994	0.15985361789011626
0.8583899476805913	0.19765081995616973
0.8589171685500132	0.12010428837195858
1.242335415438302	0.3052817495130447
0.9835199462941908	0.031193104876157587
1.016952603030117	0.2402082926923738
1.0502401917942201	0.2525309283356918
0.8188456597924614	0.4211582876058227
0.9839513673671633	-0.024824692375865622
1.104256422234078	-0.09787846028702663
1.0824394823620522	0.016090247471975516
1.0955591155415274	0.2986234829699588
0.9806792674756907	0.3697259131562953
0.9339455275732966	0.42197658425399587
1.2159710266959458	0.3634715248504936
0.9904421050772498	-0.011570747023457707
0.919387894465219	0.12701258006040148
0.7846224236852942	0.07781748454016779
0.8668582268311508	0.11395621405428735
0.9901556669793554	0.13566905343112012
0.931230376189668	0.23367499996266555
1.067258626723658	0.1663583836504816
1.0568913211335869	0.33744859712808795
1.0393014538150969	0.12176783169842953
1.0631718477183274	0.3490072537589157
0.8390468082521526	0.24208038786018715
0.8623131852578002	0.21019876632680623
1.1531503871033422	0.13263559757441742
0.8860159112879153	0.35062617614396174
1.2384329313905758	0.2607157448558205
1.0542531213432722	0.07112154749385147
1.026007017899632	0.24750523123381787
1.0213769845214342	0.34317077945465596
1.1273341598479256	0.050406642997350676
1.004952062996021	0.2214220028091221
1.0435121587787692	0.19185019696867256
0.9894362343617265	0.27444491598743
1.0060327815157566	0.10313633788914874
1.071307186115063	0.3358354904506824
1.0348189360241218	0.03144816980139893
1.1972628213167025	0.16330801411468468
1.075540371468297	0.19133759330232966
1.0666661339715002	0.1206581263944207
0.9565238805583198	0.21672284474445647
0.9564431756195658	0.34628457565862175
0.7440188076175203	0.2104036724792199
0.9944062299005796	0.1914029229060955
1.0894264020204165	0.234556743143082
1.1019906687994954	0.29525818814970267
1.0631933106355278	0.14888855416005398
1.0093067257185913	0.3226719965969621
1.0148450454109261	0.1311287758152369
1.015368157901883	0.20096681849388906
1.08020904909781	0.28456115686418915
0.867281092955972	0.20253710386365512
1.0831544571762675	0.2431102487688711
1.1351132702757707	0.1446502006345408
1.0692639226333698	0.25563350241972665
0.7907963822441314	0.10998587512957747
1.1344226679586236	0.4703055195944201
0.9936077431288777	0.29293725106899204
1.1417658999241211	0.33102756138680506
0.886647679961646	0.38715629314573524
1.0230297823364485	0.40943899665812755
1.1252632335150936	0.3069631217572873
1.0466918516716077	0.4967762540116203
0.864138418780025	0.13607666543095182
0.9412784610672447	0.14543619676886377
0.9767555817331032	0.12602699976821755
1.2618232506187028	0.30290760435802827
1.0692320645655446	0.18754790589079712
1.0741125466491057	0.0913375026870713
0.8329729482775221	0.10523458885798753
0.9867134645866091	0.2010923286273481
0.9810685091095724	0.27996447867896523
0.8443436708537275	0.03209095411224296
0.946831369529107	0.2900745468739971
0.9502263296492228	0.19971986847211104
0.8782818908243272	0.0903045170315243
0.9658133628583271	0.1497987823560796
1.0913033651086101	0.22897988136638642
0.7958953024947061	0.08647246636147021
1.110841926931095	0.23360091514967293
1.0054949911508222	0.19134071382907758
0.8490068617808544	0.17591847517760995
1.0116879038780533	0.20946816281960634
1.0164819469701294	0.15339900276084062
1.0598040675669358	0.3156082893150731
1.002452207142429	0.10493506821624654
1.0314440297349703	0.17226143575208883
0.825858489163355	-0.01452037872229588
1.0479720765502678	0.15219283667254177
1.1079480776791477	0.3916538171792479
1.034846687159308	0.1459783242589821
1.001179780568427	0.07024529764530459
0.7091872439699961	0.12222554933031136
0.9481683608233988	0.17991513861660377
1.0542916686418145	0.17916526585963896
1.0483750606529112	0.1503131981239367
0.9113346629011547	0.01681255275755711
0.9967860608801232	0.28803700600525856
1.0307878521553362	0.35745983933507136
1.1939132060774633	0.05110582205693073
0.9667275699240202	0.07698682045764385
1.1042929190178028	0.11397968013787274
0.9835001313387084	0.20897172497277952
0.9947898811305929	0.17633029895741734
1.099210325593223	0.1567423344372931
0.8961659450562798	0.15036060325961076
1.1198522221438305	0.0768783509682077
1.0091707067582731	0.15707129543163442
1.046170559368464	0.22142563281273953
0.970192511859241	0.034696066124405546
0.9900076753193036	0.24980138195199705